-- MySQL dump 10.13  Distrib 8.0.20, for Win64 (x86_64)
--
-- Host: localhost    Database: tech_support
-- ------------------------------------------------------
-- Server version	8.0.20

/*!40101 SET @OLD_CHARACTER_SET_CLIENT=@@CHARACTER_SET_CLIENT */;
/*!40101 SET @OLD_CHARACTER_SET_RESULTS=@@CHARACTER_SET_RESULTS */;
/*!40101 SET @OLD_COLLATION_CONNECTION=@@COLLATION_CONNECTION */;
/*!50503 SET NAMES utf8 */;
/*!40103 SET @OLD_TIME_ZONE=@@TIME_ZONE */;
/*!40103 SET TIME_ZONE='+00:00' */;
/*!40014 SET @OLD_UNIQUE_CHECKS=@@UNIQUE_CHECKS, UNIQUE_CHECKS=0 */;
/*!40014 SET @OLD_FOREIGN_KEY_CHECKS=@@FOREIGN_KEY_CHECKS, FOREIGN_KEY_CHECKS=0 */;
/*!40101 SET @OLD_SQL_MODE=@@SQL_MODE, SQL_MODE='NO_AUTO_VALUE_ON_ZERO' */;
/*!40111 SET @OLD_SQL_NOTES=@@SQL_NOTES, SQL_NOTES=0 */;

--
-- Table structure for table `answers_messages`
--

DROP TABLE IF EXISTS `answers_messages`;
/*!40101 SET @saved_cs_client     = @@character_set_client */;
/*!50503 SET character_set_client = utf8mb4 */;
CREATE TABLE `answers_messages` (
  `message_id` int NOT NULL,
  `client_message_id` int DEFAULT NULL,
  `manager_message_id` int DEFAULT NULL,
  `post_id` int DEFAULT NULL,
  `message_datetime` datetime DEFAULT CURRENT_TIMESTAMP,
  `manager_id` int DEFAULT NULL,
  `client_id` bigint DEFAULT NULL,
  `cc_id` int DEFAULT NULL,
  PRIMARY KEY (`message_id`)
) ENGINE=InnoDB DEFAULT CHARSET=utf8mb4 COLLATE=utf8mb4_0900_ai_ci;
/*!40101 SET character_set_client = @saved_cs_client */;

--
-- Dumping data for table `answers_messages`
--

LOCK TABLES `answers_messages` WRITE;
/*!40000 ALTER TABLE `answers_messages` DISABLE KEYS */;
INSERT INTO `answers_messages` VALUES (18,NULL,NULL,13,'2021-12-04 07:26:30',NULL,940108284,NULL),(19,NULL,NULL,13,'2021-12-04 07:26:43',NULL,940108284,NULL),(20,22,NULL,13,'2021-12-04 07:40:16',NULL,940108284,1),(23,NULL,23,13,'2021-12-04 07:44:19',NULL,940108284,1),(24,NULL,25,13,'2021-12-04 07:50:23',NULL,940108284,1),(26,25,NULL,13,'2021-12-04 07:50:35',NULL,940108284,1),(28,NULL,28,13,'2021-12-04 07:55:16',NULL,940108284,1),(29,28,NULL,13,'2021-12-04 07:55:20',NULL,940108284,1),(30,29,NULL,13,'2021-12-04 07:55:54',NULL,940108284,1),(31,NULL,31,13,'2021-12-04 07:56:02',NULL,940108284,1),(32,NULL,32,13,'2021-12-04 08:04:00',NULL,940108284,1),(33,NULL,33,13,'2021-12-04 08:04:09',NULL,940108284,1),(34,NULL,34,13,'2021-12-04 08:04:15',NULL,940108284,1),(36,34,NULL,13,'2021-12-04 08:04:47',NULL,940108284,1),(37,NULL,37,13,'2021-12-04 08:04:53',NULL,940108284,1),(38,37,NULL,13,'2021-12-04 08:06:34',NULL,940108284,1),(40,38,NULL,13,'2021-12-04 08:07:13',NULL,940108284,1),(41,NULL,41,13,'2021-12-04 08:07:18',NULL,940108284,1),(43,44,NULL,14,'2021-12-04 08:09:56',NULL,1179238926,1),(44,NULL,44,14,'2021-12-04 08:10:01',NULL,1179238926,1),(45,NULL,45,14,'2021-12-04 08:10:42',NULL,1179238926,1),(46,NULL,48,14,'2021-12-04 08:12:26',NULL,1179238926,1),(47,49,NULL,14,'2021-12-04 08:12:30',NULL,1179238926,1),(48,50,NULL,14,'2021-12-04 08:12:38',NULL,1179238926,1),(49,NULL,51,14,'2021-12-04 08:12:50',NULL,1179238926,1),(50,NULL,52,14,'2021-12-04 08:13:01',NULL,1179238926,1),(51,NULL,53,14,'2021-12-04 08:13:51',NULL,1179238926,1),(52,54,NULL,14,'2021-12-04 08:14:01',NULL,1179238926,1),(53,55,NULL,14,'2021-12-04 08:14:04',NULL,1179238926,1),(55,58,NULL,15,'2021-12-04 08:16:35',NULL,757480368,1),(56,NULL,59,15,'2021-12-04 08:16:52',NULL,757480368,1),(57,NULL,60,15,'2021-12-04 08:17:09',NULL,757480368,1),(63,NULL,61,14,'2021-12-04 08:18:51',NULL,1179238926,1),(65,62,NULL,15,'2021-12-04 08:19:58',NULL,757480368,1),(66,63,NULL,15,'2021-12-04 08:20:07',NULL,757480368,1),(67,NULL,64,15,'2021-12-04 08:20:17',NULL,757480368,1),(68,65,NULL,15,'2021-12-04 08:20:30',NULL,757480368,1),(69,NULL,66,15,'2021-12-04 08:21:28',NULL,757480368,1),(70,NULL,67,15,'2021-12-04 08:22:13',NULL,757480368,1),(71,NULL,68,15,'2021-12-04 08:22:44',NULL,757480368,1),(72,NULL,69,15,'2021-12-04 08:22:54',NULL,757480368,1),(73,NULL,70,15,'2021-12-04 08:23:14',NULL,757480368,1),(74,NULL,71,15,'2021-12-04 08:23:35',NULL,757480368,1),(75,NULL,72,15,'2021-12-04 08:26:22',NULL,757480368,1),(76,NULL,73,15,'2021-12-04 08:26:25',NULL,757480368,1),(77,NULL,74,14,'2021-12-04 08:26:38',NULL,1179238926,1),(78,75,NULL,14,'2021-12-04 08:28:18',NULL,1179238926,1),(79,76,NULL,14,'2021-12-04 08:28:52',NULL,1179238926,1),(80,77,NULL,14,'2021-12-04 08:29:53',NULL,1179238926,1),(82,78,NULL,16,'2021-12-04 08:30:54',NULL,1179238926,1),(83,79,NULL,16,'2021-12-04 08:30:57',NULL,1179238926,1),(85,81,NULL,17,'2021-12-04 08:32:14',NULL,1179238926,1),(86,80,NULL,17,'2021-12-04 08:32:15',NULL,1179238926,1),(87,82,NULL,17,'2021-12-04 08:32:21',NULL,1179238926,1),(88,83,NULL,17,'2021-12-04 08:32:22',NULL,1179238926,1),(92,84,NULL,20,'2021-12-04 08:34:37',NULL,1179238926,1),(94,85,NULL,21,'2021-12-04 08:35:42',NULL,1179238926,1),(95,86,NULL,21,'2021-12-04 08:35:49',NULL,1179238926,1),(96,87,NULL,21,'2021-12-04 08:35:51',NULL,1179238926,1),(97,89,NULL,22,'2021-12-04 08:36:05',NULL,940108284,1),(99,88,NULL,22,'2021-12-04 08:36:05',NULL,940108284,1),(100,90,NULL,22,'2021-12-04 08:36:09',NULL,940108284,1),(102,91,NULL,23,'2021-12-04 08:39:07',NULL,1179238926,1),(104,92,NULL,24,'2021-12-04 08:40:08',NULL,1179238926,1),(105,93,NULL,24,'2021-12-04 08:40:14',NULL,1179238926,1),(106,94,NULL,15,'2021-12-04 08:42:08',NULL,757480368,1),(107,NULL,95,15,'2021-12-04 08:42:25',NULL,757480368,1),(109,98,NULL,25,'2021-12-04 11:53:58',NULL,940108284,1),(110,99,NULL,25,'2021-12-04 11:54:19',NULL,940108284,1),(112,102,NULL,26,'2021-12-04 17:01:14',NULL,939871965,1),(113,NULL,103,26,'2021-12-04 17:01:48',NULL,939871965,1),(114,104,NULL,26,'2021-12-04 17:01:57',NULL,939871965,1),(115,105,NULL,26,'2021-12-04 17:02:11',NULL,939871965,1),(116,NULL,106,26,'2021-12-04 17:02:20',NULL,939871965,1),(117,NULL,107,26,'2021-12-04 17:02:46',NULL,939871965,1),(118,NULL,108,26,'2021-12-04 17:02:52',NULL,939871965,1),(119,NULL,109,26,'2021-12-04 17:03:02',NULL,939871965,1),(120,NULL,110,26,'2021-12-04 17:03:11',NULL,939871965,1),(122,113,NULL,27,'2021-12-06 13:11:46',NULL,940108284,1),(123,114,NULL,27,'2021-12-06 13:12:06',NULL,940108284,1),(124,115,NULL,27,'2021-12-06 13:12:15',NULL,940108284,1),(125,NULL,116,27,'2021-12-06 13:13:24',NULL,940108284,1),(128,119,NULL,28,'2021-12-06 15:59:44',NULL,1564660886,1),(130,122,NULL,29,'2021-12-06 16:01:05',NULL,1578911531,1),(131,NULL,123,28,'2021-12-06 16:01:33',NULL,1564660886,1),(132,NULL,124,29,'2021-12-06 16:02:15',NULL,1578911531,1),(133,125,NULL,29,'2021-12-06 16:03:02',NULL,1578911531,1),(134,126,NULL,29,'2021-12-06 16:03:53',NULL,1578911531,1),(135,127,NULL,29,'2021-12-06 16:05:46',NULL,1578911531,1),(137,130,NULL,30,'2021-12-06 19:34:57',NULL,1564660886,1),(138,NULL,131,30,'2021-12-06 19:35:09',NULL,1564660886,1),(140,NULL,132,27,'2021-12-06 20:13:36',NULL,940108284,1),(142,135,NULL,31,'2021-12-06 20:17:11',NULL,1262603427,1),(143,NULL,136,31,'2021-12-06 20:17:17',NULL,1262603427,1),(144,NULL,137,31,'2021-12-06 20:17:29',NULL,1262603427,1),(145,138,NULL,31,'2021-12-06 20:17:32',NULL,1262603427,1),(147,139,NULL,32,'2021-12-06 23:26:13',NULL,1262603427,1),(149,140,NULL,33,'2021-12-07 00:42:19',NULL,940108284,1),(151,152,NULL,34,'2021-12-07 05:07:26',NULL,128885673,1),(155,NULL,227,33,'2021-12-07 05:27:59',NULL,940108284,1),(156,NULL,241,33,'2021-12-07 05:31:37',NULL,940108284,1),(157,NULL,242,33,'2021-12-07 05:32:38',NULL,940108284,1),(158,NULL,243,33,'2021-12-07 05:33:32',NULL,940108284,1),(159,NULL,244,33,'2021-12-07 05:33:56',NULL,940108284,1),(160,NULL,245,33,'2021-12-07 05:34:00',NULL,940108284,1),(162,246,NULL,35,'2021-12-07 06:06:41',NULL,940108284,1),(163,NULL,247,35,'2021-12-07 06:06:58',NULL,940108284,1),(164,NULL,248,35,'2021-12-07 06:07:06',NULL,940108284,1),(165,256,NULL,35,'2021-12-07 06:07:40',NULL,940108284,1),(167,NULL,266,35,'2021-12-07 20:58:40',NULL,940108284,1),(169,269,NULL,36,'2021-12-09 13:06:11',NULL,73202486,1),(170,NULL,270,36,'2021-12-09 13:07:42',NULL,73202486,1),(172,271,NULL,37,'2021-12-11 10:22:19',NULL,940108284,1),(174,273,NULL,38,'2021-12-11 10:24:36',NULL,940108284,1),(175,274,NULL,38,'2021-12-11 10:25:09',NULL,940108284,1),(176,275,NULL,38,'2021-12-11 10:26:38',NULL,940108284,1),(177,276,NULL,38,'2021-12-11 10:28:08',NULL,940108284,1),(178,277,NULL,38,'2021-12-11 10:29:15',NULL,940108284,1),(179,278,NULL,38,'2021-12-11 10:30:14',NULL,940108284,1),(180,280,NULL,38,'2021-12-11 10:31:26',NULL,940108284,1),(181,280,NULL,38,'2021-12-11 10:31:26',NULL,940108284,1),(182,281,NULL,38,'2021-12-11 10:33:17',NULL,940108284,1),(183,281,NULL,38,'2021-12-11 10:33:17',NULL,940108284,1),(184,NULL,282,38,'2021-12-11 10:34:06',NULL,940108284,1),(185,NULL,283,38,'2021-12-11 10:34:20',NULL,940108284,1),(187,NULL,285,38,'2021-12-11 10:36:32',NULL,940108284,1),(188,286,NULL,38,'2021-12-11 10:36:58',NULL,940108284,1),(189,287,NULL,38,'2021-12-11 10:37:37',NULL,940108284,1),(190,NULL,288,38,'2021-12-11 10:38:25',NULL,940108284,1),(191,NULL,289,38,'2021-12-11 10:38:37',NULL,940108284,1),(193,NULL,290,38,'2021-12-11 10:57:56',NULL,940108284,1),(195,380,NULL,40,'2021-12-14 15:03:59',NULL,940108284,1),(196,NULL,381,40,'2021-12-14 15:04:57',NULL,940108284,1),(198,392,NULL,41,'2021-12-26 15:57:37',NULL,320766220,1),(279,278,NULL,38,'2021-12-11 10:30:14',NULL,940108284,1);
/*!40000 ALTER TABLE `answers_messages` ENABLE KEYS */;
UNLOCK TABLES;

--
-- Table structure for table `answers_posts`
--

DROP TABLE IF EXISTS `answers_posts`;
/*!40101 SET @saved_cs_client     = @@character_set_client */;
/*!50503 SET character_set_client = utf8mb4 */;
CREATE TABLE `answers_posts` (
  `post_id` int NOT NULL,
  `post_datetime` datetime DEFAULT CURRENT_TIMESTAMP,
  `chat_message_id` int DEFAULT NULL,
  `client_id` bigint DEFAULT NULL,
  `cc_id` int DEFAULT NULL,
  PRIMARY KEY (`post_id`)
) ENGINE=InnoDB DEFAULT CHARSET=utf8mb4 COLLATE=utf8mb4_0900_ai_ci;
/*!40101 SET character_set_client = @saved_cs_client */;

--
-- Dumping data for table `answers_posts`
--

LOCK TABLES `answers_posts` WRITE;
/*!40000 ALTER TABLE `answers_posts` DISABLE KEYS */;
INSERT INTO `answers_posts` VALUES (13,'2021-12-04 07:26:26',17,940108284,1),(14,'2021-12-04 08:09:52',42,1179238926,1),(15,'2021-12-04 08:16:31',54,757480368,1),(16,'2021-12-04 08:30:50',81,1179238926,1),(17,'2021-12-04 08:32:11',84,1179238926,1),(20,'2021-12-04 08:34:33',91,1179238926,1),(21,'2021-12-04 08:35:38',93,1179238926,1),(22,'2021-12-04 08:36:02',98,940108284,1),(23,'2021-12-04 08:39:03',101,1179238926,1),(24,'2021-12-04 08:40:05',103,1179238926,1),(25,'2021-12-04 11:53:54',108,940108284,1),(26,'2021-12-04 17:01:11',111,939871965,1),(27,'2021-12-06 13:11:43',121,940108284,1),(28,'2021-12-06 15:59:41',127,1564660886,1),(29,'2021-12-06 16:01:01',129,1578911531,1),(30,'2021-12-06 19:34:53',136,1564660886,1),(31,'2021-12-06 20:17:07',141,1262603427,1),(32,'2021-12-06 23:26:10',146,1262603427,1),(33,'2021-12-07 00:42:15',148,940108284,1),(34,'2021-12-07 05:07:22',150,128885673,1),(35,'2021-12-07 06:06:37',161,940108284,1),(36,'2021-12-09 13:06:07',168,73202486,1),(37,'2021-12-11 10:22:16',171,940108284,1),(38,'2021-12-11 10:24:32',173,940108284,1),(40,'2021-12-14 15:03:56',194,940108284,1),(41,'2021-12-26 15:57:34',197,320766220,1);
/*!40000 ALTER TABLE `answers_posts` ENABLE KEYS */;
UNLOCK TABLES;

--
-- Table structure for table `channels_and_chats`
--

DROP TABLE IF EXISTS `channels_and_chats`;
/*!40101 SET @saved_cs_client     = @@character_set_client */;
/*!50503 SET character_set_client = utf8mb4 */;
CREATE TABLE `channels_and_chats` (
  `cc_id` int NOT NULL AUTO_INCREMENT,
  `channel_id` bigint DEFAULT NULL,
  `chat_id` bigint DEFAULT NULL,
  PRIMARY KEY (`cc_id`)
) ENGINE=InnoDB AUTO_INCREMENT=2 DEFAULT CHARSET=utf8mb4 COLLATE=utf8mb4_0900_ai_ci;
/*!40101 SET character_set_client = @saved_cs_client */;

--
-- Dumping data for table `channels_and_chats`
--

LOCK TABLES `channels_and_chats` WRITE;
/*!40000 ALTER TABLE `channels_and_chats` DISABLE KEYS */;
INSERT INTO `channels_and_chats` VALUES (1,-1001543466755,-1001643562334);
/*!40000 ALTER TABLE `channels_and_chats` ENABLE KEYS */;
UNLOCK TABLES;

--
-- Table structure for table `commands`
--

DROP TABLE IF EXISTS `commands`;
/*!40101 SET @saved_cs_client     = @@character_set_client */;
/*!50503 SET character_set_client = utf8mb4 */;
CREATE TABLE `commands` (
  `command_id` int NOT NULL AUTO_INCREMENT,
  `command_name` varchar(63) DEFAULT NULL,
  `command_description` varchar(256) DEFAULT NULL,
  `content_media_id` varchar(127) DEFAULT NULL,
  `content_media_type` varchar(16) DEFAULT NULL,
  `content_media_text` varchar(4095) DEFAULT NULL,
  PRIMARY KEY (`command_id`)
) ENGINE=InnoDB AUTO_INCREMENT=5 DEFAULT CHARSET=utf8mb4 COLLATE=utf8mb4_0900_ai_ci;
/*!40101 SET character_set_client = @saved_cs_client */;

--
-- Dumping data for table `commands`
--

LOCK TABLES `commands` WRITE;
/*!40000 ALTER TABLE `commands` DISABLE KEYS */;
INSERT INTO `commands` VALUES (1,'wait_please','Ищем ответ, клиент ожидает',NULL,NULL,'Мне потребуется несколько минут на поиск решения Вашей проблемы. Скоро к Вам вернусь, ожидайте!'),(2,'hello','Приветствуем клиента',NULL,NULL,'Здравствуйте!'),(3,'goodbuy','Прощание','AgACAgIAAxkBAAPfYa7GKs_wlj2ZVhFWWxq5HpQwrTcAAsG0MRvzD3hJclT3v3OUwVwBAAMCAAN5AAMiBA','photo',NULL),(4,'server_char','Узнать хар-ки сервера',NULL,NULL,'Напишите, пожалуйста, характеристики требуемого сервера');
/*!40000 ALTER TABLE `commands` ENABLE KEYS */;
UNLOCK TABLES;

--
-- Table structure for table `users`
--

DROP TABLE IF EXISTS `users`;
/*!40101 SET @saved_cs_client     = @@character_set_client */;
/*!50503 SET character_set_client = utf8mb4 */;
CREATE TABLE `users` (
  `user_id` bigint DEFAULT NULL,
  `date_reg` datetime DEFAULT CURRENT_TIMESTAMP,
  `user_first_name` varchar(256) DEFAULT NULL,
  `user_last_name` varchar(256) DEFAULT NULL,
  `user_username` varchar(256) DEFAULT NULL,
  `user_picture` varchar(256) DEFAULT NULL,
  `is_black` tinyint(1) DEFAULT '0',
  `is_live` tinyint(1) DEFAULT '1'
) ENGINE=InnoDB DEFAULT CHARSET=utf8mb4 COLLATE=utf8mb4_0900_ai_ci;
/*!40101 SET character_set_client = @saved_cs_client */;

--
-- Dumping data for table `users`
--

LOCK TABLES `users` WRITE;
/*!40000 ALTER TABLE `users` DISABLE KEYS */;
INSERT INTO `users` VALUES (940108284,'2021-12-04 06:50:55','Кирилл','SkyBots','skybotsru',NULL,0,1),(1179238926,'2021-12-04 08:09:47','Артём','SkyBots','great_arty',NULL,0,1),(757480368,'2021-12-04 08:16:11','Катерина',NULL,'katrin_pog',NULL,0,1),(939871965,'2021-12-04 17:00:46','VKAS_ANIMATION',NULL,'vkas_animation',NULL,0,1),(1564660886,'2021-12-06 15:31:44','German',NULL,'Gemarik',NULL,0,1),(1578911531,'2021-12-06 16:00:49','Ксю',NULL,NULL,NULL,0,1),(1262603427,'2021-12-06 20:17:02','Костя',NULL,'kostja_ponomarev',NULL,0,1),(128885673,'2021-12-07 04:14:42','Кирилл',NULL,'Kirill_telegramdev',NULL,0,1),(73202486,'2021-12-09 13:05:57','A','R','rbcrtm',NULL,0,1),(682832044,'2021-12-14 15:00:02','Келябон',NULL,'Kelyabon',NULL,0,1),(320766220,'2021-12-23 09:31:13','Сергей',NULL,'spzen',NULL,0,1);
/*!40000 ALTER TABLE `users` ENABLE KEYS */;
UNLOCK TABLES;
/*!40103 SET TIME_ZONE=@OLD_TIME_ZONE */;

/*!40101 SET SQL_MODE=@OLD_SQL_MODE */;
/*!40014 SET FOREIGN_KEY_CHECKS=@OLD_FOREIGN_KEY_CHECKS */;
/*!40014 SET UNIQUE_CHECKS=@OLD_UNIQUE_CHECKS */;
/*!40101 SET CHARACTER_SET_CLIENT=@OLD_CHARACTER_SET_CLIENT */;
/*!40101 SET CHARACTER_SET_RESULTS=@OLD_CHARACTER_SET_RESULTS */;
/*!40101 SET COLLATION_CONNECTION=@OLD_COLLATION_CONNECTION */;
/*!40111 SET SQL_NOTES=@OLD_SQL_NOTES */;

-- Dump completed on 2022-03-30 15:29:03
