-- MySQL dump 10.13  Distrib 8.0.20, for Win64 (x86_64)
--
-- Host: localhost    Database: jarvis_bot
-- ------------------------------------------------------
-- Server version	8.0.20

/*!40101 SET @OLD_CHARACTER_SET_CLIENT=@@CHARACTER_SET_CLIENT */;
/*!40101 SET @OLD_CHARACTER_SET_RESULTS=@@CHARACTER_SET_RESULTS */;
/*!40101 SET @OLD_COLLATION_CONNECTION=@@COLLATION_CONNECTION */;
/*!50503 SET NAMES utf8 */;
/*!40103 SET @OLD_TIME_ZONE=@@TIME_ZONE */;
/*!40103 SET TIME_ZONE='+00:00' */;
/*!40014 SET @OLD_UNIQUE_CHECKS=@@UNIQUE_CHECKS, UNIQUE_CHECKS=0 */;
/*!40014 SET @OLD_FOREIGN_KEY_CHECKS=@@FOREIGN_KEY_CHECKS, FOREIGN_KEY_CHECKS=0 */;
/*!40101 SET @OLD_SQL_MODE=@@SQL_MODE, SQL_MODE='NO_AUTO_VALUE_ON_ZERO' */;
/*!40111 SET @OLD_SQL_NOTES=@@SQL_NOTES, SQL_NOTES=0 */;

--
-- Table structure for table `ad_options`
--

DROP TABLE IF EXISTS `ad_options`;
/*!40101 SET @saved_cs_client     = @@character_set_client */;
/*!50503 SET character_set_client = utf8mb4 */;
CREATE TABLE `ad_options` (
  `ad_opt_id` int NOT NULL AUTO_INCREMENT,
  `ad_id` int DEFAULT NULL,
  `option_id` int DEFAULT NULL,
  `param_id` int DEFAULT NULL,
  PRIMARY KEY (`ad_opt_id`)
) ENGINE=InnoDB AUTO_INCREMENT=2027 DEFAULT CHARSET=utf8mb4 COLLATE=utf8mb4_0900_ai_ci;
/*!40101 SET character_set_client = @saved_cs_client */;

--
-- Dumping data for table `ad_options`
--

LOCK TABLES `ad_options` WRITE;
/*!40000 ALTER TABLE `ad_options` DISABLE KEYS */;
INSERT INTO `ad_options` VALUES (928,343,25,1),(929,343,233,2),(937,349,139,1),(938,350,271,1),(939,351,81,1),(941,352,139,1),(942,352,140,2),(949,352,20,15),(950,352,21,15),(953,352,152,3),(956,352,28,9),(957,352,43,8),(961,352,10,7),(962,358,81,1),(963,358,84,2),(964,358,73,3),(965,358,9,7),(966,358,42,8),(967,358,28,9),(968,358,20,15),(969,358,22,15),(975,359,20,15),(976,359,21,15),(979,359,22,15),(983,359,25,1),(984,359,82,2),(987,359,42,8),(988,359,28,9),(991,359,114,3),(994,359,10,7),(995,360,81,1),(996,360,83,2),(997,360,126,3),(998,360,10,7),(999,360,42,8),(1000,360,27,9),(1001,361,271,1),(1002,361,142,2),(1003,361,51,3),(1004,361,11,7),(1005,361,42,8),(1006,361,27,9),(1007,362,81,1),(1008,362,141,2),(1009,362,51,3),(1010,362,11,7),(1011,363,139,1),(1012,363,141,2),(1013,363,50,3),(1016,363,27,9),(1017,363,22,15),(1018,363,21,15),(1019,363,20,15),(1021,363,43,8),(1022,363,10,7),(1023,364,139,1),(1024,364,141,2),(1025,364,49,3),(1029,364,21,15),(1030,364,11,7),(1032,364,28,9),(1033,364,22,15),(1035,365,81,1),(1036,364,42,8),(1037,365,140,2),(1038,365,49,3),(1039,365,9,7),(1040,365,42,8),(1049,367,27,9),(1050,367,22,15),(1056,367,10,7),(1057,367,43,8),(1058,367,83,2),(1059,367,106,3),(1064,367,1,1),(1151,368,81,1),(1218,371,28,9),(1246,372,25,1),(1247,372,234,2),(1248,372,250,3),(1249,372,42,8),(1250,372,28,9),(1251,372,21,15),(1252,372,22,15),(1253,373,139,1),(1254,373,146,2),(1255,373,223,3),(1256,373,43,8),(1257,373,27,9),(1258,373,21,15),(1259,373,22,15),(1272,375,139,1),(1273,375,146,2),(1274,375,223,3),(1275,375,43,8),(1276,375,27,9),(1277,375,21,15),(1299,384,406,17),(1300,384,409,18),(1301,384,427,19),(1302,384,456,21),(1303,384,458,22),(1304,384,461,23),(1305,384,462,23),(1306,386,464,24),(1307,387,463,24),(1308,388,464,24),(1324,393,464,24),(1325,393,477,25),(1345,395,271,1),(1362,395,254,2),(1365,395,280,3),(1366,395,10,7),(1369,395,42,8),(1370,395,27,9),(1371,395,22,15),(1372,395,21,15),(1379,399,464,24),(1380,399,476,25),(1381,399,485,27),(1382,400,1,1),(1383,400,124,3),(1384,400,9,7),(1385,400,43,8),(1386,400,27,9),(1387,400,20,15),(1388,400,22,15),(1440,402,1,1),(1442,402,136,3),(1443,402,493,7),(1444,402,42,8),(1445,402,27,9),(1446,402,22,15),(1450,435,2,1),(1451,435,2,1),(1452,435,3,1),(1454,435,21,2),(1455,435,0,4),(1456,437,2,1),(1463,438,1,1),(1464,438,21,2),(1469,438,0,4),(1477,439,1,1),(1478,439,21,2),(1525,439,30,4),(1526,439,31,4),(1527,439,32,4),(1528,440,1,1),(1529,440,15,2),(1530,440,32,4),(1531,440,27,3),(1532,440,28,3),(1533,442,1,1),(1534,442,15,2),(1535,442,32,4),(1540,442,28,3),(1541,443,1,1),(1543,443,32,4),(1544,443,30,4),(1547,443,27,3),(1550,444,2,1),(1551,443,23,2),(1553,444,23,2),(1554,446,3,1),(1555,446,21,2),(1556,446,32,4),(1557,446,31,4),(1558,446,27,3),(1559,447,1,1),(1560,449,2,1),(1561,451,2,1),(1562,451,16,2),(1566,451,31,4),(1567,451,32,4),(1568,451,28,3),(1569,451,30,4),(1575,452,1,1),(1576,452,17,2),(1577,452,31,4),(1578,452,32,4),(1581,452,27,3),(1586,459,2,1),(1587,460,3,1),(1589,460,15,2),(1590,460,32,4),(1591,460,31,4),(1592,460,30,4),(1593,460,29,3),(1594,462,1,1),(1595,462,17,2),(1596,462,32,4),(1597,462,30,4),(1598,462,31,4),(1599,462,29,3),(1600,463,3,1),(1601,463,14,2),(1602,463,30,4),(1603,463,31,4),(1604,463,32,4),(1605,463,29,3),(1612,465,1,1),(1613,465,14,2),(1614,465,32,4),(1615,465,29,3),(1627,471,1,1),(1628,471,20,2),(1629,471,30,4),(1630,471,31,4),(1631,471,32,4),(1632,471,29,3),(1633,472,2,1),(1634,472,17,2),(1635,472,30,4),(1636,472,31,4),(1637,472,32,4),(1638,472,29,3),(1639,473,4,1),(1640,473,17,2),(1641,473,30,4),(1642,473,31,4),(1643,473,32,4),(1644,473,29,3),(1645,475,1,1),(1646,475,17,2),(1647,475,30,4),(1648,475,31,4),(1649,475,32,4),(1650,475,29,3),(1651,476,1,1),(1652,476,14,2),(1653,476,30,4),(1654,476,31,4),(1655,476,32,4),(1656,476,29,3),(1657,479,3,1),(1658,479,21,2),(1659,479,30,4),(1660,479,31,4),(1661,479,32,4),(1662,479,27,3),(1663,480,2,1),(1664,480,15,2),(1665,480,30,4),(1666,480,31,4),(1667,480,32,4),(1668,480,29,3),(1669,481,3,1),(1670,481,20,2),(1671,481,30,4),(1672,481,31,4),(1673,481,32,4),(1674,481,29,3),(1675,485,3,1),(1676,485,14,2),(1677,485,30,4),(1678,485,31,4),(1679,485,32,4),(1680,485,29,3),(1681,486,1,1),(1682,486,14,2),(1683,486,32,4),(1684,486,29,3),(1693,501,1,1),(1694,501,18,2),(1695,501,32,4),(1696,501,30,4),(1697,501,29,3),(1698,502,2,1),(1699,502,20,2),(1700,502,32,4),(1701,502,27,3),(1702,503,3,1),(1703,503,21,2),(1704,503,32,4),(1705,503,30,4),(1706,503,27,3),(1717,507,7,1),(1719,507,30,4),(1720,507,31,4),(1721,507,155,4),(1722,507,156,4),(1723,507,17,2),(1724,507,27,3),(1725,521,3,1),(1726,521,25,2),(1727,521,30,4),(1728,521,31,4),(1729,521,155,4),(1730,521,156,4),(1731,521,29,3),(1732,657,3,1),(1733,657,157,2),(1734,657,156,4),(1735,657,155,4),(1736,657,27,3),(1737,656,328,14),(1738,658,330,14),(1739,659,312,15),(1740,659,28,3),(1741,660,329,14),(1742,660,28,3),(1743,661,312,15),(1744,661,28,3),(1745,662,312,15),(1746,662,28,3),(1747,663,314,15),(1748,663,28,3),(1749,664,314,15),(1758,689,334,14),(1771,702,318,15),(1772,702,28,3),(1775,703,28,3),(1776,705,314,15),(1778,705,27,3),(1779,708,318,15),(1780,708,28,3),(1789,775,340,18),(1791,783,340,18),(1793,784,6,1),(1794,784,26,2),(1795,785,6,1),(1796,786,6,1),(1797,788,340,18),(1801,792,7,1),(1802,792,14,2),(1808,794,4,1),(1809,794,14,2),(1811,800,7,1),(1812,800,14,2),(1813,801,7,1),(1814,802,7,1),(1819,819,98,2),(1820,824,4,1),(1821,824,14,2),(1822,824,30,4),(1823,824,31,4),(1824,824,155,4),(1825,824,156,4),(1826,824,29,3),(1842,834,6,1),(1843,834,98,2),(1844,834,30,4),(1845,834,31,4),(1846,834,155,4),(1847,834,156,4),(1848,834,29,3),(1849,836,4,1),(1850,836,157,2),(1851,836,155,4),(1852,836,30,4),(1853,836,31,4),(1854,836,156,4),(1855,836,28,3),(1856,837,6,1),(1857,858,4,1),(1858,858,26,2),(1859,858,30,4),(1860,858,31,4),(1861,858,155,4),(1862,858,156,4),(1863,858,29,3),(1864,860,6,1),(1865,860,98,2),(1866,861,9,1),(1867,861,98,2),(1868,863,4,1),(1869,865,10,1),(1870,865,14,2),(1871,867,8,1),(1872,867,166,2),(1873,867,155,4),(1874,867,30,4),(1875,867,31,4),(1876,867,156,4),(1877,867,28,3),(1882,869,6,1),(1883,869,98,2),(1884,871,6,1),(1885,871,19,2),(1886,871,155,4),(1887,871,27,3),(1889,873,157,2),(1890,873,9,1),(1891,875,8,1),(1893,880,7,1),(1895,881,6,1),(1897,882,98,2),(1899,882,8,1),(1900,884,8,1),(1901,884,98,2),(1904,885,10,1),(1905,888,5,1),(1906,903,342,18),(1909,909,14,2),(1910,911,157,2),(1913,914,342,18),(1914,916,342,18),(1915,918,342,18),(1917,922,28,3),(1918,924,280,16),(1919,924,27,3),(1920,925,326,14),(1921,925,29,3),(1922,927,342,18),(1923,928,342,18),(1924,935,342,18),(1925,939,14,2),(1926,942,17,2),(1927,947,14,2),(1928,952,7,1),(1929,952,14,2),(1930,952,155,4),(1944,963,98,2),(1945,964,6,1),(1948,971,10,1),(1949,971,14,2),(1950,972,362,1),(1951,972,25,2),(1954,974,9,1),(1955,974,25,2),(1956,975,10,1),(1957,975,14,2),(1958,985,340,18),(1959,988,340,18),(1962,997,10,1),(1963,997,25,2),(1965,1002,10,1),(1966,1002,25,2),(1971,1009,9,1),(1972,1009,98,2),(1974,1009,28,3),(1975,1009,155,4),(1976,1009,30,4),(1977,1009,31,4),(1978,1009,156,4),(1982,1013,340,18),(1983,1014,342,18),(1984,1017,27,3),(1985,1019,342,18),(1986,1022,342,18),(1987,1025,342,18),(1988,1025,29,3),(1989,1027,29,3),(1990,1029,29,3),(1991,1029,30,4),(1992,1029,31,4),(1993,1029,155,4),(1994,1029,156,4),(1995,1031,10,1),(1998,1031,156,4),(1999,1031,25,2),(2000,1031,28,3),(2001,1032,20,2),(2002,1037,10,1),(2003,1036,27,3),(2004,1036,30,4),(2009,1041,28,3),(2012,1043,29,3),(2013,1045,27,3),(2014,1045,30,4),(2015,1045,31,4),(2016,1045,155,4),(2017,1045,156,4),(2018,1046,29,3),(2019,1046,155,4),(2020,1048,29,3),(2021,1048,30,4),(2022,1048,31,4),(2023,1048,155,4),(2024,1048,156,4);
/*!40000 ALTER TABLE `ad_options` ENABLE KEYS */;
UNLOCK TABLES;

--
-- Table structure for table `ads`
--

DROP TABLE IF EXISTS `ads`;
/*!40101 SET @saved_cs_client     = @@character_set_client */;
/*!50503 SET character_set_client = utf8mb4 */;
CREATE TABLE `ads` (
  `ad_id` int NOT NULL AUTO_INCREMENT,
  `category_id` int DEFAULT NULL,
  `section_id` int DEFAULT NULL,
  `ad_name` varchar(127) DEFAULT NULL,
  `ad_description` varchar(1023) DEFAULT NULL,
  `ad_price` int DEFAULT NULL,
  `user_id` bigint DEFAULT NULL,
  `is_pause` tinyint(1) DEFAULT '0',
  `date_create` datetime DEFAULT CURRENT_TIMESTAMP,
  `date_close` datetime DEFAULT NULL,
  `photo_type` enum('my','our') DEFAULT 'our',
  `place_days_period` int DEFAULT '7',
  `ad_contacts` varchar(127) DEFAULT NULL,
  `tariff_price` int DEFAULT '0',
  `is_paid` tinyint(1) DEFAULT '0',
  `is_warning` tinyint(1) DEFAULT '0',
  `city_id` int DEFAULT NULL,
  `brand_id` int DEFAULT NULL,
  `serial_id` int DEFAULT NULL,
  `model_id` int DEFAULT NULL,
  `last_brand_id` int DEFAULT NULL,
  `closes_body_part` enum('up','down','shoes') DEFAULT 'up',
  `closes_kind` int DEFAULT NULL,
  `closes_type` int DEFAULT NULL,
  `closes_size_type` enum('alpha','numeric','eu','usa') DEFAULT NULL,
  `closes_size_id` int DEFAULT NULL,
  PRIMARY KEY (`ad_id`)
) ENGINE=InnoDB AUTO_INCREMENT=1052 DEFAULT CHARSET=utf8mb4 COLLATE=utf8mb4_0900_ai_ci;
/*!40101 SET character_set_client = @saved_cs_client */;

--
-- Dumping data for table `ads`
--

LOCK TABLES `ads` WRITE;
/*!40000 ALTER TABLE `ads` DISABLE KEYS */;
INSERT INTO `ads` VALUES (466,6,2,NULL,NULL,NULL,1262603427,0,'2022-02-23 17:37:16',NULL,'our',7,NULL,0,0,0,1271,1,NULL,113,1,'up',NULL,NULL,NULL,NULL),(467,6,2,NULL,NULL,NULL,1262603427,0,'2022-02-23 17:41:56',NULL,'our',7,NULL,0,0,0,1271,1,NULL,108,108,'up',NULL,NULL,NULL,NULL),(474,6,2,NULL,NULL,NULL,1262603427,0,'2022-02-27 13:06:20',NULL,'our',7,NULL,0,0,0,1358,NULL,NULL,NULL,NULL,'up',NULL,NULL,NULL,NULL),(482,6,2,NULL,NULL,NULL,1262603427,0,'2022-03-11 19:58:52',NULL,'our',7,NULL,0,0,0,1358,1,NULL,108,108,'up',NULL,NULL,NULL,NULL),(483,6,2,NULL,NULL,NULL,1262603427,0,'2022-03-12 06:29:12',NULL,'our',7,NULL,0,0,0,1358,1,NULL,110,110,'up',NULL,NULL,NULL,NULL),(484,6,2,NULL,NULL,NULL,1262603427,0,'2022-03-12 06:29:38',NULL,'our',7,NULL,0,0,0,1358,1,NULL,109,109,'up',NULL,NULL,NULL,NULL),(487,14,20,NULL,NULL,NULL,1262603427,0,'2022-03-12 22:24:14',NULL,'our',7,NULL,0,0,0,1358,NULL,NULL,NULL,NULL,'up',NULL,NULL,NULL,NULL),(488,6,2,NULL,NULL,NULL,1262603427,0,'2022-03-12 22:24:18',NULL,'our',7,NULL,0,0,0,1358,1,NULL,NULL,1,'up',NULL,NULL,NULL,NULL),(489,6,2,NULL,NULL,NULL,1262603427,0,'2022-03-12 22:24:21',NULL,'our',7,NULL,0,0,0,1358,8,NULL,NULL,8,'up',NULL,NULL,NULL,NULL),(490,6,2,NULL,NULL,NULL,1262603427,0,'2022-03-12 22:24:25',NULL,'our',7,NULL,0,0,0,1358,3,NULL,NULL,3,'up',NULL,NULL,NULL,NULL),(491,6,2,NULL,NULL,NULL,1262603427,0,'2022-03-12 22:24:29',NULL,'our',7,NULL,0,0,0,1358,4,16,174,4,'up',NULL,NULL,NULL,NULL),(492,6,2,NULL,NULL,NULL,1262603427,0,'2022-03-12 22:24:57',NULL,'our',7,NULL,0,0,0,1358,3,9,48,3,'up',NULL,NULL,NULL,NULL),(493,6,2,NULL,NULL,NULL,1262603427,0,'2022-03-12 22:25:06',NULL,'our',7,NULL,0,0,0,1358,NULL,NULL,NULL,NULL,'up',NULL,NULL,NULL,NULL),(494,6,12,NULL,NULL,NULL,1262603427,0,'2022-03-12 22:25:09',NULL,'our',7,NULL,0,0,0,1358,334,338,361,334,'up',NULL,NULL,NULL,NULL),(495,6,12,NULL,NULL,NULL,1262603427,0,'2022-03-12 23:06:24',NULL,'our',7,NULL,0,0,0,1358,NULL,NULL,NULL,NULL,'up',NULL,NULL,NULL,NULL),(496,6,2,NULL,NULL,NULL,1262603427,0,'2022-03-12 23:06:27',NULL,'our',7,NULL,0,0,0,1358,6,NULL,267,267,'up',NULL,NULL,NULL,NULL),(497,6,2,NULL,NULL,NULL,1262603427,0,'2022-03-15 19:36:31',NULL,'our',7,NULL,0,0,0,1358,NULL,NULL,NULL,NULL,'up',NULL,NULL,NULL,NULL),(499,6,2,NULL,NULL,NULL,1262603427,0,'2022-03-20 21:54:01',NULL,'our',7,NULL,0,0,0,1358,1,NULL,NULL,1,'up',NULL,NULL,NULL,NULL),(501,6,2,NULL,NULL,NULL,5074995601,0,'2022-04-13 16:16:32',NULL,'my',7,NULL,10,0,0,1358,1,NULL,114,114,'up',NULL,NULL,NULL,NULL),(502,6,2,NULL,NULL,NULL,5074995601,0,'2022-04-13 16:38:17',NULL,'my',7,NULL,10,0,0,1358,1,NULL,115,115,'up',NULL,NULL,NULL,NULL),(506,6,2,NULL,NULL,NULL,5074995601,0,'2022-04-21 03:31:37',NULL,'our',7,NULL,0,0,0,1358,2,25,223,2,'up',NULL,NULL,NULL,NULL),(508,14,20,NULL,NULL,NULL,5074995601,0,'2022-04-28 09:11:39',NULL,'our',7,NULL,0,0,0,1358,NULL,NULL,NULL,NULL,'up',NULL,NULL,NULL,NULL),(509,14,20,NULL,NULL,NULL,5074995601,0,'2022-04-28 09:11:43',NULL,'our',7,NULL,0,0,0,1358,NULL,NULL,NULL,NULL,'up',NULL,NULL,NULL,NULL),(510,14,21,NULL,NULL,NULL,5074995601,0,'2022-04-28 09:11:49',NULL,'our',7,NULL,0,0,0,1358,NULL,NULL,NULL,NULL,'up',NULL,NULL,NULL,NULL),(511,14,21,NULL,NULL,NULL,5074995601,0,'2022-04-28 09:12:08',NULL,'our',7,NULL,0,0,0,1358,NULL,NULL,NULL,NULL,'up',NULL,NULL,NULL,NULL),(512,20,25,NULL,NULL,NULL,5074995601,0,'2022-04-28 09:14:05',NULL,'our',7,NULL,0,0,0,1358,601,NULL,NULL,601,'up',NULL,NULL,NULL,NULL),(513,6,19,NULL,NULL,NULL,5074995601,0,'2022-04-28 09:15:21',NULL,'our',7,NULL,0,0,0,1358,NULL,NULL,NULL,NULL,'up',NULL,NULL,NULL,NULL),(514,6,18,NULL,NULL,NULL,5074995601,0,'2022-04-28 09:15:24',NULL,'our',7,NULL,0,0,0,1358,NULL,NULL,NULL,NULL,'up',NULL,NULL,NULL,NULL),(515,6,17,NULL,NULL,NULL,5074995601,0,'2022-04-28 09:15:25',NULL,'our',7,NULL,0,0,0,1358,NULL,NULL,NULL,NULL,'up',NULL,NULL,NULL,NULL),(516,6,16,NULL,NULL,NULL,5074995601,0,'2022-04-28 09:15:33',NULL,'our',7,NULL,0,0,0,1358,NULL,NULL,NULL,NULL,'up',NULL,NULL,NULL,NULL),(517,6,15,NULL,NULL,NULL,5074995601,0,'2022-04-28 09:15:35',NULL,'our',7,NULL,0,0,0,1358,NULL,NULL,NULL,NULL,'up',NULL,NULL,NULL,NULL),(518,6,13,NULL,NULL,NULL,5074995601,0,'2022-04-28 09:15:37',NULL,'our',7,NULL,0,0,0,1358,NULL,NULL,NULL,NULL,'up',NULL,NULL,NULL,NULL),(519,6,19,NULL,NULL,NULL,5074995601,0,'2022-04-28 09:22:10',NULL,'our',7,NULL,0,0,0,1358,837,842,850,837,'up',NULL,NULL,NULL,NULL),(520,6,19,NULL,NULL,NULL,5074995601,0,'2022-04-28 09:22:17',NULL,'our',7,NULL,0,0,0,1358,NULL,NULL,NULL,NULL,'up',NULL,NULL,NULL,NULL),(522,14,20,NULL,NULL,NULL,5074995601,0,'2022-05-07 18:14:10',NULL,'our',7,NULL,0,0,0,1358,NULL,NULL,NULL,NULL,'up',NULL,NULL,NULL,NULL),(523,14,20,NULL,NULL,NULL,5074995601,0,'2022-05-07 18:15:48',NULL,'our',7,NULL,0,0,0,1358,NULL,NULL,NULL,NULL,'up',NULL,NULL,NULL,NULL),(524,14,20,NULL,NULL,NULL,5074995601,0,'2022-05-07 18:16:58',NULL,'our',7,NULL,0,0,0,1358,880,NULL,NULL,880,'up',NULL,NULL,NULL,NULL),(525,14,20,NULL,NULL,NULL,5074995601,0,'2022-05-07 18:20:00',NULL,'our',7,NULL,0,0,0,1358,881,NULL,NULL,881,'up',NULL,NULL,NULL,NULL),(526,14,20,NULL,NULL,NULL,5074995601,0,'2022-05-07 18:21:00',NULL,'our',7,NULL,0,0,0,1358,NULL,NULL,NULL,NULL,'up',NULL,NULL,NULL,NULL),(527,14,21,NULL,NULL,NULL,5074995601,0,'2022-05-07 18:38:39',NULL,'our',7,NULL,0,0,0,1358,NULL,NULL,NULL,NULL,'up',NULL,NULL,NULL,NULL),(528,14,21,NULL,NULL,NULL,5074995601,0,'2022-05-07 18:38:43',NULL,'our',7,NULL,0,0,0,1358,NULL,NULL,NULL,NULL,'up',NULL,NULL,NULL,NULL),(529,14,21,NULL,NULL,NULL,5074995601,0,'2022-05-07 18:38:44',NULL,'our',7,NULL,0,0,0,1358,NULL,NULL,NULL,NULL,'up',NULL,NULL,NULL,NULL),(530,14,21,NULL,NULL,NULL,5074995601,0,'2022-05-07 18:43:58',NULL,'our',7,NULL,0,0,0,1358,NULL,NULL,NULL,NULL,'up',NULL,NULL,NULL,NULL),(531,14,20,NULL,NULL,NULL,5074995601,0,'2022-05-07 18:44:02',NULL,'our',7,NULL,0,0,0,1358,NULL,NULL,NULL,NULL,'up',NULL,NULL,NULL,NULL),(532,14,20,NULL,NULL,NULL,5074995601,0,'2022-05-07 18:44:05',NULL,'our',7,NULL,0,0,0,1358,NULL,NULL,NULL,NULL,'up',NULL,NULL,NULL,NULL),(533,14,20,NULL,NULL,NULL,5074995601,0,'2022-05-07 18:44:08',NULL,'our',7,NULL,0,0,0,1358,NULL,NULL,NULL,NULL,'up',NULL,NULL,NULL,NULL),(534,14,20,NULL,NULL,NULL,5074995601,0,'2022-05-07 18:45:22',NULL,'our',7,NULL,0,0,0,1358,NULL,NULL,NULL,NULL,'up',NULL,NULL,NULL,NULL),(535,14,20,NULL,NULL,NULL,5074995601,0,'2022-05-07 18:45:26',NULL,'our',7,NULL,0,0,0,1358,NULL,NULL,NULL,NULL,'up',NULL,NULL,NULL,NULL),(536,14,20,NULL,NULL,NULL,5074995601,0,'2022-05-07 18:46:36',NULL,'our',7,NULL,0,0,0,1358,NULL,NULL,NULL,NULL,'up',NULL,NULL,NULL,NULL),(537,14,20,NULL,NULL,NULL,5074995601,0,'2022-05-07 18:47:28',NULL,'our',7,NULL,0,0,0,1358,NULL,NULL,NULL,NULL,'up',NULL,NULL,NULL,NULL),(538,14,20,NULL,NULL,NULL,5074995601,0,'2022-05-07 18:47:33',NULL,'our',7,NULL,0,0,0,1358,NULL,NULL,NULL,NULL,'up',NULL,NULL,NULL,NULL),(539,14,20,NULL,NULL,NULL,5074995601,0,'2022-05-07 18:48:11',NULL,'our',7,NULL,0,0,0,1358,1231,NULL,NULL,1231,'up',NULL,NULL,NULL,NULL),(540,14,20,NULL,NULL,NULL,5074995601,0,'2022-05-07 18:48:18',NULL,'our',7,NULL,0,0,0,1358,1232,NULL,NULL,1232,'up',NULL,NULL,NULL,NULL),(541,14,20,NULL,NULL,NULL,5074995601,0,'2022-05-07 18:48:22',NULL,'our',7,NULL,0,0,0,1358,1233,NULL,NULL,1233,'up',NULL,NULL,NULL,NULL),(542,14,20,NULL,NULL,NULL,5074995601,0,'2022-05-07 18:48:25',NULL,'our',7,NULL,0,0,0,1358,1244,NULL,NULL,1244,'up',NULL,NULL,NULL,NULL),(543,14,20,NULL,NULL,NULL,5074995601,0,'2022-05-07 18:48:31',NULL,'our',7,NULL,0,0,0,1358,NULL,NULL,NULL,NULL,'up',NULL,NULL,NULL,NULL),(544,14,21,NULL,NULL,NULL,5074995601,0,'2022-05-07 18:48:33',NULL,'our',7,NULL,0,0,0,1358,1234,NULL,NULL,1234,'up',NULL,NULL,NULL,NULL),(545,14,20,NULL,NULL,NULL,5074995601,0,'2022-05-07 18:48:39',NULL,'our',7,NULL,0,0,0,1358,1232,NULL,NULL,1232,'up',NULL,NULL,NULL,NULL),(546,14,20,NULL,NULL,NULL,5074995601,0,'2022-05-07 18:48:41',NULL,'our',7,NULL,0,0,0,1358,1231,NULL,NULL,1231,'up',NULL,NULL,NULL,NULL),(547,14,20,NULL,NULL,NULL,5074995601,0,'2022-05-07 18:48:45',NULL,'our',7,NULL,0,0,0,1358,1231,NULL,NULL,1231,'up',NULL,NULL,NULL,NULL),(548,14,20,NULL,NULL,NULL,5074995601,0,'2022-05-07 18:48:52',NULL,'our',7,NULL,0,0,0,1358,NULL,NULL,NULL,NULL,'up',NULL,NULL,NULL,NULL),(549,14,20,NULL,NULL,NULL,5074995601,0,'2022-05-07 18:49:11',NULL,'our',7,NULL,0,0,0,1358,NULL,NULL,NULL,NULL,'up',NULL,NULL,NULL,NULL),(550,14,20,NULL,NULL,NULL,5074995601,0,'2022-05-07 18:49:12',NULL,'our',7,NULL,0,0,0,1358,NULL,NULL,NULL,NULL,'up',NULL,NULL,NULL,NULL),(551,14,20,NULL,NULL,NULL,5074995601,0,'2022-05-07 18:49:19',NULL,'our',7,NULL,0,0,0,1358,NULL,NULL,NULL,NULL,'up',NULL,NULL,NULL,NULL),(552,14,20,NULL,NULL,NULL,5074995601,0,'2022-05-07 18:49:20',NULL,'our',7,NULL,0,0,0,1358,NULL,NULL,NULL,NULL,'up',NULL,NULL,NULL,NULL),(553,14,21,NULL,NULL,NULL,5074995601,0,'2022-05-07 18:49:24',NULL,'our',7,NULL,0,0,0,1358,NULL,NULL,NULL,NULL,'up',NULL,NULL,NULL,NULL),(554,14,21,NULL,NULL,NULL,5074995601,0,'2022-05-07 18:49:25',NULL,'our',7,NULL,0,0,0,1358,NULL,NULL,NULL,NULL,'up',NULL,NULL,NULL,NULL),(555,14,20,NULL,NULL,NULL,5074995601,0,'2022-05-07 18:51:01',NULL,'our',7,NULL,0,0,0,1358,NULL,NULL,NULL,NULL,'up',NULL,NULL,NULL,NULL),(556,14,20,NULL,NULL,NULL,5074995601,0,'2022-05-07 18:51:32',NULL,'our',7,NULL,0,0,0,1358,NULL,NULL,NULL,NULL,'up',NULL,NULL,NULL,NULL),(557,14,20,NULL,NULL,NULL,5074995601,0,'2022-05-07 18:52:09',NULL,'our',7,NULL,0,0,0,1358,NULL,NULL,NULL,NULL,'up',NULL,NULL,NULL,NULL),(558,14,20,NULL,NULL,NULL,5074995601,0,'2022-05-07 18:52:14',NULL,'our',7,NULL,0,0,0,1358,NULL,NULL,NULL,NULL,'up',NULL,NULL,NULL,NULL),(559,14,20,NULL,NULL,NULL,5074995601,0,'2022-05-07 18:55:17',NULL,'our',7,NULL,0,0,0,1358,NULL,NULL,NULL,NULL,'up',NULL,NULL,NULL,NULL),(560,14,20,NULL,NULL,NULL,5074995601,0,'2022-05-07 18:55:18',NULL,'our',7,NULL,0,0,0,1358,NULL,NULL,NULL,NULL,'up',NULL,NULL,NULL,NULL),(561,14,20,NULL,NULL,NULL,5074995601,0,'2022-05-07 18:55:19',NULL,'our',7,NULL,0,0,0,1358,NULL,NULL,NULL,NULL,'up',NULL,NULL,NULL,NULL),(562,14,20,NULL,NULL,NULL,5074995601,0,'2022-05-07 18:55:24',NULL,'our',7,NULL,0,0,0,1358,NULL,NULL,NULL,NULL,'up',NULL,NULL,NULL,NULL),(563,14,20,NULL,NULL,NULL,5074995601,0,'2022-05-07 18:55:56',NULL,'our',7,NULL,0,0,0,1358,NULL,NULL,NULL,NULL,'up',NULL,NULL,NULL,NULL),(564,14,20,NULL,NULL,NULL,5074995601,0,'2022-05-07 18:55:58',NULL,'our',7,NULL,0,0,0,1358,NULL,NULL,NULL,NULL,'up',NULL,NULL,NULL,NULL),(565,14,20,NULL,NULL,NULL,5074995601,0,'2022-05-07 18:56:00',NULL,'our',7,NULL,0,0,0,1358,1231,NULL,NULL,NULL,'up',NULL,NULL,NULL,NULL),(566,14,20,NULL,NULL,NULL,5074995601,0,'2022-05-07 18:56:10',NULL,'our',7,NULL,0,0,0,1358,1232,NULL,NULL,NULL,'up',NULL,NULL,NULL,NULL),(567,14,20,NULL,NULL,NULL,5074995601,0,'2022-05-07 18:58:32',NULL,'our',7,NULL,0,0,0,1358,1231,NULL,NULL,NULL,'up',NULL,NULL,NULL,NULL),(568,14,20,NULL,NULL,NULL,5074995601,0,'2022-05-07 18:58:47',NULL,'our',7,NULL,0,0,0,1358,NULL,NULL,NULL,NULL,'up',NULL,NULL,NULL,NULL),(569,14,20,NULL,NULL,NULL,5074995601,0,'2022-05-07 19:00:08',NULL,'our',7,NULL,0,0,0,1358,1231,NULL,NULL,NULL,'up',NULL,NULL,NULL,NULL),(570,14,20,NULL,NULL,NULL,5074995601,0,'2022-05-07 19:00:48',NULL,'our',7,NULL,0,0,0,1358,NULL,NULL,NULL,NULL,'up',NULL,NULL,NULL,NULL),(571,14,20,NULL,NULL,NULL,5074995601,0,'2022-05-07 19:01:14',NULL,'our',7,NULL,0,0,0,1358,NULL,NULL,NULL,NULL,'up',NULL,NULL,NULL,NULL),(572,14,20,NULL,NULL,NULL,5074995601,0,'2022-05-07 19:01:17',NULL,'our',7,NULL,0,0,0,1358,NULL,NULL,NULL,NULL,'up',NULL,NULL,NULL,NULL),(573,14,20,NULL,NULL,NULL,5074995601,0,'2022-05-07 19:02:19',NULL,'our',7,NULL,0,0,0,1358,NULL,NULL,NULL,NULL,'up',NULL,NULL,NULL,NULL),(574,14,20,NULL,NULL,NULL,5074995601,0,'2022-05-07 19:02:22',NULL,'our',7,NULL,0,0,0,1358,1231,NULL,NULL,NULL,'up',NULL,NULL,NULL,NULL),(575,14,20,NULL,NULL,NULL,5074995601,0,'2022-05-07 19:02:25',NULL,'our',7,NULL,0,0,0,1358,1231,NULL,NULL,NULL,'up',NULL,NULL,NULL,NULL),(576,14,20,NULL,NULL,NULL,5074995601,0,'2022-05-07 19:02:37',NULL,'our',7,NULL,0,0,0,1358,NULL,NULL,NULL,NULL,'up',NULL,NULL,NULL,NULL),(577,14,20,NULL,NULL,NULL,5074995601,0,'2022-05-07 19:02:52',NULL,'our',7,NULL,0,0,0,1358,1231,NULL,NULL,NULL,'up',NULL,NULL,NULL,NULL),(578,14,20,NULL,NULL,NULL,5074995601,0,'2022-05-07 19:02:56',NULL,'our',7,NULL,0,0,0,1358,NULL,NULL,NULL,NULL,'up',NULL,NULL,NULL,NULL),(579,14,20,NULL,NULL,NULL,5074995601,0,'2022-05-07 19:03:00',NULL,'our',7,NULL,0,0,0,1358,NULL,NULL,NULL,NULL,'up',NULL,NULL,NULL,NULL),(580,14,20,NULL,NULL,NULL,5074995601,0,'2022-05-07 19:03:03',NULL,'our',7,NULL,0,0,0,1358,1231,NULL,NULL,NULL,'up',NULL,NULL,NULL,NULL),(581,14,20,NULL,NULL,NULL,5074995601,0,'2022-05-07 19:04:05',NULL,'our',7,NULL,0,0,0,1358,1231,NULL,NULL,NULL,'up',NULL,NULL,NULL,NULL),(582,14,20,NULL,NULL,NULL,5074995601,0,'2022-05-07 19:04:09',NULL,'our',7,NULL,0,0,0,1358,1231,NULL,NULL,NULL,'up',NULL,NULL,NULL,NULL),(583,14,20,NULL,NULL,NULL,5074995601,0,'2022-05-07 19:04:15',NULL,'our',7,NULL,0,0,0,1358,NULL,NULL,NULL,NULL,'up',NULL,NULL,NULL,NULL),(584,14,20,NULL,NULL,NULL,5074995601,0,'2022-05-07 19:04:17',NULL,'our',7,NULL,0,0,0,1358,1231,NULL,NULL,NULL,'up',NULL,NULL,NULL,NULL),(585,14,20,NULL,NULL,NULL,5074995601,0,'2022-05-07 19:04:21',NULL,'our',7,NULL,0,0,0,1358,1231,NULL,NULL,NULL,'up',NULL,NULL,NULL,NULL),(586,14,20,NULL,NULL,NULL,5074995601,0,'2022-05-07 19:04:27',NULL,'our',7,NULL,0,0,0,1358,1231,NULL,NULL,NULL,'up',NULL,NULL,NULL,NULL),(587,14,20,NULL,NULL,NULL,5074995601,0,'2022-05-07 19:04:36',NULL,'our',7,NULL,0,0,0,1358,1231,NULL,NULL,NULL,'up',NULL,NULL,NULL,NULL),(588,14,20,NULL,NULL,NULL,5074995601,0,'2022-05-07 19:05:34',NULL,'our',7,NULL,0,0,0,1358,1231,NULL,NULL,NULL,'up',NULL,NULL,NULL,NULL),(589,14,20,NULL,NULL,NULL,5074995601,0,'2022-05-07 19:05:40',NULL,'our',7,NULL,0,0,0,1358,1231,NULL,NULL,NULL,'up',NULL,NULL,NULL,NULL),(590,14,20,NULL,NULL,NULL,5074995601,0,'2022-05-07 19:05:45',NULL,'our',7,NULL,0,0,0,1358,1231,NULL,NULL,NULL,'up',NULL,NULL,NULL,NULL),(591,14,20,NULL,NULL,NULL,5074995601,0,'2022-05-07 19:06:05',NULL,'our',7,NULL,0,0,0,1358,1231,NULL,NULL,NULL,'up',NULL,NULL,NULL,NULL),(592,14,20,NULL,NULL,NULL,5074995601,0,'2022-05-07 19:06:21',NULL,'our',7,NULL,0,0,0,1358,1231,NULL,NULL,NULL,'up',NULL,NULL,NULL,NULL),(593,14,20,NULL,NULL,NULL,5074995601,0,'2022-05-07 19:09:17',NULL,'our',7,NULL,0,0,0,1358,1231,NULL,NULL,NULL,'up',NULL,NULL,NULL,NULL),(594,14,20,NULL,NULL,NULL,5074995601,0,'2022-05-07 19:10:27',NULL,'our',7,NULL,0,0,0,1358,1231,NULL,NULL,NULL,'up',NULL,NULL,NULL,NULL),(595,14,20,NULL,NULL,NULL,5074995601,0,'2022-05-07 19:10:33',NULL,'our',7,NULL,0,0,0,1358,1231,NULL,NULL,NULL,'up',NULL,NULL,NULL,NULL),(596,14,20,NULL,NULL,NULL,5074995601,0,'2022-05-07 19:14:44',NULL,'our',7,NULL,0,0,0,1358,1231,NULL,NULL,NULL,'up',NULL,NULL,NULL,NULL),(597,14,20,NULL,NULL,NULL,5074995601,0,'2022-05-07 19:15:38',NULL,'our',7,NULL,0,0,0,1358,1231,NULL,NULL,NULL,'up',NULL,NULL,NULL,NULL),(598,14,20,NULL,NULL,NULL,5074995601,0,'2022-05-07 19:15:48',NULL,'our',7,NULL,0,0,0,1358,1231,NULL,NULL,NULL,'up',NULL,NULL,NULL,NULL),(599,14,20,NULL,NULL,NULL,5074995601,0,'2022-05-07 19:15:57',NULL,'our',7,NULL,0,0,0,1358,1232,NULL,NULL,NULL,'up',NULL,NULL,NULL,NULL),(600,14,20,NULL,NULL,NULL,5074995601,0,'2022-05-07 19:17:14',NULL,'our',7,NULL,0,0,0,1358,1232,NULL,NULL,NULL,'up',NULL,NULL,NULL,NULL),(601,14,20,NULL,NULL,NULL,5074995601,0,'2022-05-07 19:17:22',NULL,'our',7,NULL,0,0,0,1358,NULL,NULL,NULL,NULL,'up',NULL,NULL,NULL,NULL),(602,14,20,NULL,NULL,NULL,5074995601,0,'2022-05-07 19:17:25',NULL,'our',7,NULL,0,0,0,1358,NULL,NULL,NULL,NULL,'up',NULL,NULL,NULL,NULL),(603,14,20,NULL,NULL,NULL,5074995601,0,'2022-05-07 19:17:57',NULL,'our',7,NULL,0,0,0,1358,1231,NULL,NULL,NULL,'up',NULL,NULL,NULL,NULL),(604,14,20,NULL,NULL,NULL,5074995601,0,'2022-05-07 19:18:49',NULL,'our',7,NULL,0,0,0,1358,NULL,NULL,NULL,NULL,'up',NULL,NULL,NULL,NULL),(605,14,20,NULL,NULL,NULL,5074995601,0,'2022-05-07 19:18:50',NULL,'our',7,NULL,0,0,0,1358,1231,NULL,NULL,NULL,'up',NULL,NULL,NULL,NULL),(606,14,20,NULL,NULL,NULL,5074995601,0,'2022-05-07 19:18:52',NULL,'our',7,NULL,0,0,0,1358,NULL,NULL,NULL,NULL,'up',NULL,NULL,NULL,NULL),(607,14,20,NULL,NULL,NULL,5074995601,0,'2022-05-07 19:19:04',NULL,'our',7,NULL,0,0,0,1358,NULL,NULL,NULL,NULL,'up',NULL,NULL,NULL,NULL),(608,14,20,NULL,NULL,NULL,5074995601,0,'2022-05-07 19:19:10',NULL,'our',7,NULL,0,0,0,1358,NULL,NULL,NULL,NULL,'up',NULL,NULL,NULL,NULL),(609,14,20,NULL,NULL,NULL,5074995601,0,'2022-05-07 19:20:02',NULL,'our',7,NULL,0,0,0,1358,1231,NULL,NULL,NULL,'up',NULL,NULL,NULL,NULL),(610,14,20,NULL,NULL,NULL,5074995601,0,'2022-05-07 19:21:02',NULL,'our',7,NULL,0,0,0,1358,NULL,NULL,NULL,NULL,'up',NULL,NULL,NULL,NULL),(611,14,20,NULL,NULL,NULL,5074995601,0,'2022-05-07 19:21:05',NULL,'our',7,NULL,0,0,0,1358,1231,NULL,NULL,NULL,'up',NULL,NULL,NULL,NULL),(612,14,20,NULL,NULL,NULL,5074995601,0,'2022-05-07 19:45:11',NULL,'our',7,NULL,0,0,0,1358,NULL,NULL,NULL,NULL,'up',NULL,NULL,NULL,NULL),(613,14,21,NULL,NULL,NULL,5074995601,0,'2022-05-07 19:45:14',NULL,'our',7,NULL,0,0,0,1358,1234,NULL,NULL,NULL,'up',NULL,NULL,NULL,NULL),(614,14,20,NULL,NULL,NULL,5074995601,0,'2022-05-07 19:47:59',NULL,'our',7,NULL,0,0,0,1358,1232,NULL,NULL,NULL,'up',NULL,NULL,NULL,NULL),(615,14,20,NULL,NULL,NULL,5074995601,0,'2022-05-07 19:48:09',NULL,'our',7,NULL,0,0,0,1358,NULL,NULL,NULL,NULL,'up',NULL,NULL,NULL,NULL),(616,14,21,NULL,NULL,NULL,5074995601,0,'2022-05-07 19:48:11',NULL,'our',7,NULL,0,0,0,1358,1236,NULL,NULL,NULL,'up',NULL,NULL,NULL,NULL),(617,14,21,NULL,NULL,NULL,5074995601,0,'2022-05-07 19:48:27',NULL,'our',7,NULL,0,0,0,1358,1236,NULL,NULL,NULL,'up',NULL,NULL,NULL,NULL),(618,14,21,NULL,NULL,NULL,5074995601,0,'2022-05-07 19:48:30',NULL,'our',7,NULL,0,0,0,1358,1235,NULL,NULL,NULL,'up',NULL,NULL,NULL,NULL),(619,14,21,NULL,NULL,NULL,5074995601,0,'2022-05-07 19:53:41',NULL,'our',7,NULL,0,0,0,1358,NULL,NULL,NULL,NULL,'up',NULL,NULL,NULL,NULL),(620,14,20,NULL,NULL,NULL,5074995601,0,'2022-05-07 19:53:44',NULL,'our',7,NULL,0,0,0,1358,1231,NULL,NULL,NULL,'up',NULL,NULL,NULL,NULL),(621,6,19,NULL,NULL,NULL,1262603427,0,'2022-05-07 19:55:39',NULL,'our',7,NULL,0,0,0,1358,838,NULL,NULL,838,'up',NULL,NULL,NULL,NULL),(622,6,16,NULL,NULL,NULL,1262603427,0,'2022-05-07 19:55:47',NULL,'our',7,NULL,0,0,0,1358,NULL,NULL,NULL,NULL,'up',NULL,NULL,NULL,NULL),(623,6,18,NULL,NULL,NULL,1262603427,0,'2022-05-07 19:55:50',NULL,'our',7,NULL,0,0,0,1358,828,NULL,NULL,828,'up',NULL,NULL,NULL,NULL),(624,6,19,NULL,NULL,NULL,1262603427,0,'2022-05-07 19:56:31',NULL,'our',7,NULL,0,0,0,1358,838,NULL,NULL,838,'up',NULL,NULL,NULL,NULL),(625,14,20,NULL,NULL,NULL,1262603427,0,'2022-05-07 20:09:44',NULL,'our',7,NULL,0,0,0,1358,1231,NULL,NULL,NULL,'up',NULL,NULL,NULL,NULL),(626,6,2,NULL,NULL,NULL,1262603427,0,'2022-05-07 20:11:26',NULL,'our',7,NULL,0,0,0,1358,1,NULL,NULL,1,'up',NULL,NULL,NULL,NULL),(627,14,20,NULL,NULL,NULL,1262603427,0,'2022-05-07 20:12:01',NULL,'our',7,NULL,0,0,0,1358,1231,NULL,NULL,NULL,'up',NULL,NULL,NULL,NULL),(628,14,20,NULL,NULL,NULL,1262603427,0,'2022-05-07 20:13:44',NULL,'our',7,NULL,0,0,0,1358,1232,NULL,NULL,NULL,'up',NULL,NULL,NULL,NULL),(629,14,20,NULL,NULL,NULL,1262603427,0,'2022-05-07 20:14:06',NULL,'our',7,NULL,0,0,0,1358,1233,NULL,NULL,NULL,'up',NULL,NULL,NULL,NULL),(630,6,19,NULL,NULL,NULL,1262603427,0,'2022-05-07 20:28:09',NULL,'our',7,NULL,0,0,0,1358,838,NULL,NULL,838,'up',NULL,NULL,NULL,NULL),(631,6,2,NULL,NULL,NULL,1262603427,0,'2022-05-07 20:29:21',NULL,'our',7,NULL,0,0,0,1358,NULL,NULL,NULL,NULL,'up',NULL,NULL,NULL,NULL),(632,6,12,NULL,NULL,NULL,1262603427,0,'2022-05-07 20:29:24',NULL,'our',7,NULL,0,0,0,1358,334,NULL,NULL,334,'up',NULL,NULL,NULL,NULL),(633,6,12,NULL,NULL,NULL,1262603427,0,'2022-05-07 20:29:27',NULL,'our',7,NULL,0,0,0,1358,NULL,NULL,NULL,NULL,'up',NULL,NULL,NULL,NULL),(634,14,21,NULL,NULL,NULL,1262603427,0,'2022-05-08 10:30:26',NULL,'our',7,NULL,0,0,0,1358,1234,NULL,NULL,NULL,'up',NULL,NULL,NULL,NULL),(635,14,20,NULL,NULL,NULL,5189463903,0,'2022-05-09 04:11:12',NULL,'our',7,NULL,0,0,0,1672,1231,NULL,NULL,NULL,'up',NULL,NULL,NULL,NULL),(636,14,20,NULL,NULL,NULL,5074995601,0,'2022-05-09 04:25:27',NULL,'our',7,NULL,0,0,0,1358,NULL,NULL,NULL,NULL,'up',NULL,NULL,NULL,NULL),(637,14,20,NULL,NULL,NULL,1262603427,0,'2022-05-09 15:27:21',NULL,'our',7,NULL,0,0,0,1358,1231,NULL,NULL,NULL,'up',NULL,NULL,NULL,NULL),(638,14,20,NULL,NULL,NULL,5074995601,0,'2022-05-09 20:55:02',NULL,'our',7,NULL,0,0,0,1358,1231,NULL,NULL,NULL,'up',NULL,NULL,NULL,NULL),(639,14,20,NULL,NULL,NULL,5074995601,0,'2022-05-09 21:05:50',NULL,'our',7,NULL,0,0,0,1358,1231,NULL,NULL,NULL,'up',NULL,NULL,NULL,NULL),(640,14,20,NULL,NULL,NULL,5189463903,0,'2022-05-09 22:20:37',NULL,'our',7,NULL,0,0,0,1672,NULL,NULL,NULL,NULL,'up',NULL,NULL,NULL,NULL),(641,14,20,NULL,NULL,NULL,5189463903,0,'2022-05-09 22:20:43',NULL,'our',7,NULL,0,0,0,1672,NULL,NULL,NULL,NULL,'up',NULL,NULL,NULL,NULL),(642,14,20,NULL,NULL,NULL,5189463903,0,'2022-05-09 22:20:44',NULL,'our',7,NULL,0,0,0,1672,NULL,NULL,NULL,NULL,'up',NULL,NULL,NULL,NULL),(643,14,20,NULL,NULL,NULL,5189463903,0,'2022-05-09 22:20:46',NULL,'our',7,NULL,0,0,0,1672,NULL,NULL,NULL,NULL,'up',NULL,NULL,NULL,NULL),(644,14,20,NULL,NULL,NULL,5189463903,0,'2022-05-09 22:21:21',NULL,'our',7,NULL,0,0,0,1672,NULL,NULL,NULL,NULL,'up',NULL,NULL,NULL,NULL),(645,14,20,NULL,NULL,NULL,5189463903,0,'2022-05-09 22:21:23',NULL,'our',7,NULL,0,0,0,1672,NULL,NULL,NULL,NULL,'up',NULL,NULL,NULL,NULL),(646,14,20,NULL,NULL,NULL,5189463903,0,'2022-05-09 22:21:26',NULL,'our',7,NULL,0,0,0,1672,NULL,NULL,NULL,NULL,'up',NULL,NULL,NULL,NULL),(647,14,21,NULL,NULL,NULL,5189463903,0,'2022-05-09 22:21:28',NULL,'our',7,NULL,0,0,0,1672,NULL,NULL,NULL,NULL,'up',NULL,NULL,NULL,NULL),(648,14,21,NULL,NULL,NULL,5189463903,0,'2022-05-09 22:21:31',NULL,'our',7,NULL,0,0,0,1672,NULL,NULL,NULL,NULL,'up',NULL,NULL,NULL,NULL),(649,14,20,NULL,NULL,NULL,5189463903,0,'2022-05-09 22:21:33',NULL,'our',7,NULL,0,0,0,1672,NULL,NULL,NULL,NULL,'up',NULL,NULL,NULL,NULL),(650,14,20,NULL,NULL,NULL,5189463903,0,'2022-05-09 22:21:42',NULL,'our',7,NULL,0,0,0,1672,NULL,NULL,NULL,NULL,'up',NULL,NULL,NULL,NULL),(651,14,20,NULL,NULL,NULL,5189463903,0,'2022-05-09 22:31:23',NULL,'our',7,NULL,0,0,0,1672,NULL,NULL,NULL,NULL,'up',NULL,NULL,NULL,NULL),(652,14,20,NULL,NULL,NULL,5189463903,0,'2022-05-09 22:53:12',NULL,'our',7,NULL,0,0,0,1672,NULL,NULL,NULL,NULL,'up',NULL,NULL,NULL,NULL),(653,14,20,NULL,NULL,NULL,5189463903,0,'2022-05-10 00:04:37',NULL,'our',7,NULL,0,0,0,1672,NULL,NULL,NULL,NULL,'up',NULL,1,NULL,NULL),(654,14,20,NULL,NULL,NULL,5189463903,0,'2022-05-10 00:13:14',NULL,'our',7,NULL,0,0,0,1672,NULL,NULL,NULL,NULL,'down',NULL,7,NULL,NULL),(655,14,20,NULL,NULL,NULL,5189463903,0,'2022-05-10 00:13:58',NULL,'our',7,NULL,0,0,0,1672,NULL,NULL,NULL,NULL,'up',9,1,NULL,NULL),(656,14,20,NULL,NULL,NULL,5189463903,0,'2022-05-10 00:18:39',NULL,'our',7,NULL,2,0,0,1672,NULL,NULL,NULL,NULL,'up',9,1,'numeric',NULL),(657,6,2,NULL,NULL,NULL,5189463903,0,'2022-05-10 10:20:36',NULL,'our',7,NULL,10,0,0,1672,1,NULL,115,115,'up',NULL,NULL,NULL,NULL),(658,14,20,NULL,NULL,NULL,5189463903,0,'2022-05-10 11:17:13',NULL,'our',7,NULL,2,0,0,1672,NULL,NULL,NULL,NULL,'down',38,8,'numeric',NULL),(661,14,20,NULL,NULL,NULL,5189463903,0,'2022-05-10 11:37:24',NULL,'our',15,NULL,3,0,0,1672,NULL,NULL,NULL,NULL,'down',36,8,'alpha',NULL),(663,14,20,NULL,NULL,NULL,5189463903,0,'2022-05-10 14:53:59',NULL,'our',15,NULL,3,0,0,1672,NULL,NULL,NULL,NULL,'down',38,8,'alpha',NULL),(664,14,20,NULL,NULL,NULL,5189463903,0,'2022-05-11 01:05:14',NULL,'our',7,NULL,0,0,0,1672,NULL,NULL,NULL,NULL,'up',9,1,'alpha',NULL),(665,14,20,NULL,NULL,NULL,5189463903,0,'2022-05-12 13:48:00',NULL,'our',7,NULL,0,0,0,1672,NULL,NULL,NULL,NULL,'shoes',NULL,NULL,NULL,NULL),(666,14,20,NULL,NULL,NULL,5189463903,0,'2022-05-12 13:53:26',NULL,'our',7,NULL,0,0,0,1672,NULL,NULL,NULL,NULL,'up',NULL,NULL,NULL,NULL),(667,14,21,NULL,NULL,NULL,5189463903,0,'2022-05-12 13:59:17',NULL,'our',7,NULL,0,0,0,1672,NULL,NULL,NULL,NULL,'up',NULL,NULL,NULL,NULL),(668,14,20,NULL,NULL,NULL,5189463903,0,'2022-05-12 21:45:00',NULL,'our',7,NULL,0,0,0,1672,NULL,NULL,NULL,NULL,'up',NULL,NULL,NULL,NULL),(669,14,20,NULL,NULL,NULL,5189463903,0,'2022-05-12 21:46:06',NULL,'our',7,NULL,0,0,0,1672,NULL,NULL,NULL,NULL,'up',NULL,NULL,NULL,NULL),(672,14,20,NULL,NULL,NULL,5189463903,0,'2022-05-12 22:29:02',NULL,'our',7,NULL,0,0,0,1672,NULL,NULL,NULL,NULL,'up',NULL,NULL,NULL,NULL),(673,14,20,NULL,NULL,NULL,5189463903,0,'2022-05-12 22:29:12',NULL,'our',7,NULL,0,0,0,1672,NULL,NULL,NULL,NULL,'shoes',43,NULL,NULL,NULL),(674,14,21,NULL,NULL,NULL,5189463903,0,'2022-05-12 22:58:00',NULL,'our',7,NULL,0,0,0,1672,NULL,NULL,NULL,NULL,'shoes',NULL,NULL,NULL,NULL),(675,14,21,NULL,NULL,NULL,5189463903,0,'2022-05-12 22:58:45',NULL,'our',7,NULL,0,0,0,1672,NULL,NULL,NULL,NULL,'up',NULL,NULL,NULL,NULL),(676,14,21,NULL,NULL,NULL,5189463903,0,'2022-05-12 22:58:51',NULL,'our',7,NULL,0,0,0,1672,NULL,NULL,NULL,NULL,'shoes',NULL,NULL,NULL,NULL),(677,14,21,NULL,NULL,NULL,5189463903,0,'2022-05-12 22:58:55',NULL,'our',7,NULL,0,0,0,1672,NULL,NULL,NULL,NULL,'up',NULL,NULL,NULL,NULL),(678,14,20,NULL,NULL,NULL,5189463903,0,'2022-05-12 22:58:57',NULL,'our',7,NULL,0,0,0,1672,NULL,NULL,NULL,NULL,'down',NULL,NULL,NULL,NULL),(680,14,20,NULL,NULL,NULL,5189463903,0,'2022-05-12 23:20:57',NULL,'our',7,NULL,0,0,0,1672,NULL,NULL,NULL,NULL,'shoes',NULL,NULL,NULL,NULL),(681,14,20,NULL,NULL,NULL,5189463903,0,'2022-05-12 23:21:00',NULL,'our',7,NULL,0,0,0,1672,NULL,NULL,NULL,NULL,'up',NULL,NULL,NULL,NULL),(682,14,21,NULL,NULL,NULL,5189463903,0,'2022-05-12 23:21:02',NULL,'our',7,NULL,0,0,0,1672,NULL,NULL,NULL,NULL,'shoes',NULL,NULL,NULL,NULL),(683,14,21,NULL,NULL,NULL,5189463903,0,'2022-05-12 23:24:12',NULL,'our',7,NULL,0,0,0,1672,NULL,NULL,NULL,NULL,'down',NULL,NULL,NULL,NULL),(684,14,21,NULL,NULL,NULL,5189463903,0,'2022-05-12 23:24:26',NULL,'our',7,NULL,0,0,0,1672,NULL,NULL,NULL,NULL,'up',NULL,NULL,NULL,NULL),(685,14,20,NULL,NULL,NULL,5189463903,0,'2022-05-12 23:24:28',NULL,'our',7,NULL,0,0,0,1672,NULL,NULL,NULL,NULL,'down',NULL,6,NULL,NULL),(686,14,20,NULL,NULL,NULL,5189463903,0,'2022-05-12 23:26:14',NULL,'our',7,NULL,0,0,0,1672,NULL,NULL,NULL,NULL,'up',27,3,NULL,NULL),(688,14,20,NULL,NULL,NULL,5189463903,0,'2022-05-12 23:32:42',NULL,'our',7,NULL,0,0,0,1672,NULL,NULL,NULL,NULL,'up',NULL,NULL,NULL,NULL),(689,14,20,NULL,NULL,NULL,5189463903,0,'2022-05-12 23:36:10',NULL,'our',7,NULL,0,0,0,1672,NULL,NULL,NULL,NULL,'down',38,8,'numeric',NULL),(690,6,19,NULL,NULL,NULL,1262603427,0,'2022-05-12 23:52:22',NULL,'our',7,NULL,0,0,0,1358,838,NULL,NULL,838,'up',NULL,NULL,NULL,NULL),(691,6,16,NULL,NULL,NULL,1262603427,0,'2022-05-12 23:52:36',NULL,'our',7,NULL,0,0,0,1358,NULL,NULL,NULL,NULL,'up',NULL,NULL,NULL,NULL),(694,14,20,NULL,NULL,NULL,1262603427,0,'2022-05-13 00:03:34',NULL,'our',7,NULL,0,0,0,1358,NULL,NULL,NULL,NULL,'up',32,5,NULL,NULL),(696,14,21,NULL,NULL,NULL,1262603427,0,'2022-05-13 00:05:33',NULL,'our',7,NULL,0,0,0,1358,1426,NULL,NULL,NULL,'up',70,NULL,'alpha',NULL),(698,14,20,NULL,NULL,NULL,1262603427,0,'2022-05-13 00:11:23',NULL,'our',7,NULL,0,0,0,1358,NULL,NULL,NULL,NULL,'shoes',43,NULL,'usa',NULL),(699,14,20,NULL,NULL,NULL,1262603427,0,'2022-05-13 00:15:24',NULL,'our',7,NULL,0,0,0,1358,NULL,NULL,NULL,NULL,'up',NULL,NULL,NULL,NULL),(702,14,20,NULL,NULL,NULL,5074995601,0,'2022-05-13 00:17:37',NULL,'our',15,NULL,3,0,0,1358,NULL,NULL,NULL,NULL,'down',NULL,7,'alpha',NULL),(703,14,21,NULL,NULL,NULL,5074995601,0,'2022-05-13 00:19:03',NULL,'our',15,NULL,3,0,0,1358,NULL,NULL,NULL,NULL,'down',84,NULL,'alpha',NULL),(704,14,21,NULL,NULL,NULL,5074995601,0,'2022-05-13 00:21:27',NULL,'our',7,NULL,0,0,0,1358,NULL,NULL,NULL,NULL,'up',NULL,NULL,NULL,NULL),(705,14,20,NULL,NULL,NULL,1262603427,0,'2022-05-13 00:22:23',NULL,'our',7,NULL,2,0,0,1358,NULL,NULL,NULL,NULL,'up',16,1,'alpha',NULL),(706,14,21,NULL,NULL,NULL,1262603427,0,'2022-05-13 00:26:48',NULL,'our',7,NULL,0,0,0,1358,NULL,NULL,NULL,NULL,'up',NULL,NULL,NULL,NULL),(707,14,21,NULL,NULL,NULL,1262603427,0,'2022-05-13 00:27:01',NULL,'our',7,NULL,0,0,0,1358,NULL,NULL,NULL,NULL,'up',NULL,NULL,NULL,NULL),(708,14,21,NULL,NULL,NULL,1262603427,0,'2022-05-13 00:27:17',NULL,'our',7,NULL,2,0,0,1358,1389,NULL,NULL,NULL,'up',75,NULL,'alpha',NULL),(709,14,20,NULL,NULL,NULL,1262603427,0,'2022-05-13 00:37:32',NULL,'our',7,NULL,0,0,0,1358,NULL,NULL,NULL,NULL,'up',NULL,NULL,NULL,NULL),(710,14,20,NULL,NULL,NULL,1262603427,0,'2022-05-13 00:37:38',NULL,'our',7,NULL,0,0,0,1358,NULL,NULL,NULL,NULL,'down',NULL,NULL,NULL,NULL),(711,14,20,NULL,NULL,NULL,1262603427,0,'2022-05-13 00:37:44',NULL,'our',7,NULL,0,0,0,1358,NULL,NULL,NULL,NULL,'shoes',NULL,NULL,NULL,NULL),(712,14,21,NULL,NULL,NULL,1262603427,0,'2022-05-13 00:37:58',NULL,'our',7,NULL,0,0,0,1358,NULL,NULL,NULL,NULL,'down',NULL,NULL,NULL,NULL),(713,14,21,NULL,NULL,NULL,1262603427,0,'2022-05-13 00:38:04',NULL,'our',7,NULL,0,0,0,1358,NULL,NULL,NULL,NULL,'shoes',NULL,NULL,NULL,NULL),(714,6,2,NULL,NULL,NULL,1262603427,0,'2022-05-13 00:38:24',NULL,'our',7,NULL,0,0,0,1358,1,NULL,NULL,1,'up',NULL,NULL,NULL,NULL),(715,14,20,NULL,NULL,NULL,5074995601,0,'2022-05-13 00:45:45',NULL,'our',7,NULL,0,0,0,1358,NULL,NULL,NULL,NULL,'up',NULL,NULL,NULL,NULL),(716,14,20,NULL,NULL,NULL,5074995601,0,'2022-05-13 00:45:56',NULL,'our',7,NULL,0,0,0,1358,NULL,NULL,NULL,NULL,'shoes',NULL,NULL,NULL,NULL),(717,14,20,NULL,NULL,NULL,1262603427,0,'2022-05-13 01:29:40',NULL,'our',7,NULL,0,0,0,1358,NULL,NULL,NULL,NULL,'up',NULL,NULL,NULL,NULL),(718,14,21,NULL,NULL,NULL,1262603427,0,'2022-05-13 01:29:43',NULL,'our',7,NULL,0,0,0,1358,NULL,NULL,NULL,NULL,'down',NULL,NULL,NULL,NULL),(719,14,21,NULL,NULL,NULL,1262603427,0,'2022-05-13 01:29:49',NULL,'our',7,NULL,0,0,0,1358,NULL,NULL,NULL,NULL,'up',NULL,NULL,NULL,NULL),(721,6,17,NULL,NULL,NULL,1262603427,0,'2022-05-13 01:33:49',NULL,'our',7,NULL,0,0,0,1358,NULL,NULL,NULL,NULL,'up',NULL,NULL,NULL,NULL),(722,6,18,NULL,NULL,NULL,1262603427,0,'2022-05-13 01:33:52',NULL,'our',7,NULL,0,0,0,1358,NULL,NULL,NULL,NULL,'up',NULL,NULL,NULL,NULL),(723,6,16,NULL,NULL,NULL,1262603427,0,'2022-05-13 01:33:55',NULL,'our',7,NULL,0,0,0,1358,NULL,NULL,NULL,NULL,'up',NULL,NULL,NULL,NULL),(724,6,19,NULL,NULL,NULL,1262603427,0,'2022-05-13 01:33:58',NULL,'our',7,NULL,0,0,0,1358,837,NULL,NULL,837,'up',NULL,NULL,NULL,NULL),(725,6,19,NULL,NULL,NULL,1262603427,0,'2022-05-13 01:34:05',NULL,'our',7,NULL,0,0,0,1358,NULL,NULL,NULL,NULL,'up',NULL,NULL,NULL,NULL),(726,6,19,NULL,NULL,NULL,1262603427,0,'2022-05-13 18:08:19',NULL,'our',7,NULL,0,0,0,1358,838,NULL,NULL,838,'up',NULL,NULL,NULL,NULL),(727,6,16,NULL,NULL,NULL,1262603427,0,'2022-05-13 18:08:24',NULL,'our',7,NULL,0,0,0,1358,NULL,NULL,NULL,NULL,'up',NULL,NULL,NULL,NULL),(728,6,18,NULL,NULL,NULL,1262603427,0,'2022-05-13 19:11:48',NULL,'our',7,NULL,0,0,0,1358,832,NULL,NULL,832,'up',NULL,NULL,NULL,NULL),(729,6,17,NULL,NULL,NULL,1262603427,0,'2022-05-13 19:11:53',NULL,'our',7,NULL,0,0,0,1358,NULL,NULL,NULL,NULL,'up',NULL,NULL,NULL,NULL),(730,6,19,NULL,NULL,NULL,1262603427,0,'2022-05-13 19:11:55',NULL,'our',7,NULL,0,0,0,1358,838,NULL,NULL,838,'up',NULL,NULL,NULL,NULL),(731,6,19,NULL,NULL,NULL,1262603427,0,'2022-05-13 19:12:03',NULL,'our',7,NULL,0,0,0,1358,838,NULL,NULL,838,'up',NULL,NULL,NULL,NULL),(732,14,21,NULL,NULL,NULL,1262603427,0,'2022-05-13 20:13:31',NULL,'our',7,NULL,0,0,0,1358,1395,NULL,NULL,NULL,'up',NULL,NULL,NULL,NULL),(733,6,16,NULL,NULL,NULL,1262603427,0,'2022-05-13 20:54:40',NULL,'our',7,NULL,0,0,0,1358,NULL,NULL,NULL,NULL,'up',NULL,NULL,NULL,NULL),(734,14,21,NULL,NULL,NULL,5074995601,0,'2022-05-13 20:54:43',NULL,'our',7,NULL,0,0,0,1358,NULL,NULL,NULL,NULL,'down',NULL,NULL,NULL,NULL),(735,14,21,NULL,NULL,NULL,1262603427,0,'2022-05-13 20:55:17',NULL,'our',7,NULL,0,0,0,1358,NULL,NULL,NULL,NULL,'up',NULL,NULL,NULL,NULL),(736,6,16,NULL,NULL,NULL,1262603427,0,'2022-05-14 11:17:15',NULL,'our',7,NULL,0,0,0,1358,NULL,NULL,NULL,NULL,'up',NULL,NULL,NULL,NULL),(737,6,16,NULL,NULL,NULL,1262603427,0,'2022-05-14 17:09:16',NULL,'our',7,NULL,0,0,0,1358,NULL,NULL,NULL,NULL,'up',NULL,NULL,NULL,NULL),(738,6,16,NULL,NULL,NULL,1262603427,0,'2022-05-14 17:13:17',NULL,'our',7,NULL,0,0,0,1358,1628,NULL,NULL,1628,'up',NULL,NULL,NULL,NULL),(739,6,16,NULL,NULL,NULL,1262603427,0,'2022-05-14 17:14:05',NULL,'our',7,NULL,0,0,0,1358,1630,NULL,NULL,1630,'up',NULL,NULL,NULL,NULL),(740,6,2,NULL,NULL,NULL,1262603427,0,'2022-05-14 17:45:58',NULL,'our',7,NULL,0,0,0,1358,1,NULL,117,1,'up',NULL,NULL,NULL,NULL),(741,6,2,NULL,NULL,NULL,1262603427,0,'2022-05-14 17:46:18',NULL,'our',7,NULL,0,0,0,1358,1,NULL,NULL,1,'up',NULL,NULL,NULL,NULL),(742,6,2,NULL,NULL,NULL,1262603427,0,'2022-05-14 17:46:22',NULL,'our',7,NULL,0,0,0,1358,2,NULL,NULL,2,'up',NULL,NULL,NULL,NULL),(743,6,2,NULL,NULL,NULL,1262603427,0,'2022-05-14 17:46:29',NULL,'our',7,NULL,0,0,0,1358,3,NULL,NULL,3,'up',NULL,NULL,NULL,NULL),(744,6,2,NULL,NULL,NULL,1262603427,0,'2022-05-14 17:46:41',NULL,'our',7,NULL,0,0,0,1358,NULL,NULL,NULL,NULL,'up',NULL,NULL,NULL,NULL),(745,6,19,NULL,NULL,NULL,1262603427,0,'2022-05-14 17:46:44',NULL,'our',7,NULL,0,0,0,1358,837,842,NULL,837,'up',NULL,NULL,NULL,NULL),(746,6,19,NULL,NULL,NULL,1262603427,0,'2022-05-14 17:48:29',NULL,'our',7,NULL,0,0,0,1358,NULL,NULL,NULL,NULL,'up',NULL,NULL,NULL,NULL),(747,6,19,NULL,NULL,NULL,1262603427,0,'2022-05-14 17:48:32',NULL,'our',7,NULL,0,0,0,1358,838,NULL,NULL,838,'up',NULL,NULL,NULL,NULL),(748,6,19,NULL,NULL,NULL,5074995601,0,'2022-05-14 17:49:16',NULL,'our',7,NULL,0,0,0,1358,837,842,NULL,837,'up',NULL,NULL,NULL,NULL),(749,6,19,NULL,NULL,NULL,1262603427,0,'2022-05-14 17:50:15',NULL,'our',7,NULL,0,0,0,1358,838,NULL,NULL,838,'up',NULL,NULL,NULL,NULL),(750,6,19,NULL,NULL,NULL,1262603427,0,'2022-05-14 17:50:18',NULL,'our',7,NULL,0,0,0,1358,NULL,NULL,NULL,NULL,'up',NULL,NULL,NULL,NULL),(751,6,2,NULL,NULL,NULL,1262603427,0,'2022-05-14 17:50:20',NULL,'our',7,NULL,0,0,0,1358,2,NULL,NULL,2,'up',NULL,NULL,NULL,NULL),(752,6,2,NULL,NULL,NULL,1262603427,0,'2022-05-14 17:50:23',NULL,'our',7,NULL,0,0,0,1358,NULL,NULL,NULL,NULL,'up',NULL,NULL,NULL,NULL),(753,6,13,NULL,NULL,NULL,1262603427,0,'2022-05-14 17:50:25',NULL,'our',7,NULL,0,0,0,1358,405,NULL,NULL,405,'up',NULL,NULL,NULL,NULL),(754,6,13,NULL,NULL,NULL,1262603427,0,'2022-05-14 17:50:28',NULL,'our',7,NULL,0,0,0,1358,NULL,NULL,NULL,NULL,'up',NULL,NULL,NULL,NULL),(755,6,13,NULL,NULL,NULL,1262603427,0,'2022-05-14 17:50:32',NULL,'our',7,NULL,0,0,0,1358,NULL,NULL,NULL,NULL,'up',NULL,NULL,NULL,NULL),(756,6,13,NULL,NULL,NULL,1262603427,0,'2022-05-14 17:50:54',NULL,'our',7,NULL,0,0,0,1358,405,NULL,NULL,405,'up',NULL,NULL,NULL,NULL),(757,6,13,NULL,NULL,NULL,1262603427,0,'2022-05-14 17:51:08',NULL,'our',7,NULL,0,0,0,1358,NULL,NULL,NULL,NULL,'up',NULL,NULL,NULL,NULL),(758,6,19,NULL,NULL,NULL,5074995601,0,'2022-05-14 17:51:12',NULL,'our',7,NULL,0,0,0,1358,838,NULL,NULL,838,'up',NULL,NULL,NULL,NULL),(759,6,2,NULL,NULL,NULL,1262603427,0,'2022-05-14 17:51:19',NULL,'our',7,NULL,0,0,0,1358,1,NULL,421,1,'up',NULL,NULL,NULL,NULL),(760,6,2,NULL,NULL,NULL,1262603427,0,'2022-05-14 17:51:34',NULL,'our',7,NULL,0,0,0,1358,NULL,NULL,NULL,NULL,'up',NULL,NULL,NULL,NULL),(761,6,13,NULL,NULL,NULL,1262603427,0,'2022-05-14 17:51:37',NULL,'our',7,NULL,0,0,0,1358,405,414,NULL,414,'up',NULL,NULL,NULL,NULL),(762,6,19,NULL,NULL,NULL,5074995601,0,'2022-05-14 17:52:24',NULL,'our',7,NULL,0,0,0,1358,NULL,NULL,NULL,NULL,'up',NULL,NULL,NULL,NULL),(763,6,13,NULL,NULL,NULL,5074995601,0,'2022-05-14 17:52:32',NULL,'our',7,NULL,0,0,0,1358,405,415,NULL,415,'up',NULL,NULL,NULL,NULL),(764,6,13,NULL,NULL,NULL,1262603427,0,'2022-05-14 17:52:36',NULL,'our',7,NULL,0,0,0,1358,NULL,NULL,NULL,NULL,'up',NULL,NULL,NULL,NULL),(766,6,13,NULL,NULL,NULL,5074995601,0,'2022-05-14 17:58:11',NULL,'our',7,NULL,0,0,0,1358,1717,NULL,NULL,1717,'up',NULL,NULL,NULL,NULL),(767,6,13,NULL,NULL,NULL,5074995601,0,'2022-05-14 17:58:15',NULL,'our',7,NULL,0,0,0,1358,1716,NULL,NULL,1716,'up',NULL,NULL,NULL,NULL),(768,6,13,NULL,NULL,NULL,5074995601,0,'2022-05-14 17:58:17',NULL,'our',7,NULL,0,0,0,1358,405,415,415,415,'up',NULL,NULL,NULL,NULL),(769,6,16,NULL,NULL,NULL,1262603427,0,'2022-05-15 21:59:54',NULL,'our',7,NULL,0,0,0,1358,1630,NULL,NULL,1630,'up',NULL,NULL,NULL,NULL),(770,6,16,NULL,NULL,NULL,1262603427,0,'2022-05-15 22:09:34',NULL,'our',7,NULL,0,0,0,1358,NULL,NULL,NULL,NULL,'up',NULL,NULL,NULL,NULL),(771,6,17,NULL,NULL,NULL,1262603427,0,'2022-05-15 22:09:37',NULL,'our',7,NULL,0,0,0,1358,NULL,NULL,NULL,NULL,'up',NULL,NULL,NULL,NULL),(772,6,28,NULL,NULL,NULL,1262603427,0,'2022-05-15 22:09:40',NULL,'our',7,NULL,0,0,0,1358,NULL,NULL,NULL,NULL,'up',NULL,NULL,NULL,NULL),(773,6,17,NULL,NULL,NULL,1262603427,0,'2022-05-15 23:33:43',NULL,'our',7,NULL,0,0,0,1358,NULL,NULL,NULL,NULL,'up',NULL,NULL,NULL,NULL),(775,6,28,NULL,NULL,NULL,5074995601,0,'2022-05-15 23:58:16',NULL,'our',15,NULL,15,0,0,1358,1728,NULL,NULL,1728,'up',NULL,NULL,NULL,NULL),(776,6,28,NULL,NULL,NULL,5074995601,0,'2022-05-15 23:58:46',NULL,'our',7,NULL,0,0,0,1358,1728,NULL,NULL,1728,'up',NULL,NULL,NULL,NULL),(779,6,16,NULL,NULL,NULL,5074995601,0,'2022-05-16 00:00:24',NULL,'our',7,NULL,0,0,0,1358,1568,1573,1623,1623,'up',NULL,NULL,NULL,NULL),(780,6,12,NULL,NULL,NULL,5074995601,0,'2022-05-16 00:05:25',NULL,'our',7,NULL,0,0,0,1358,334,NULL,NULL,334,'up',NULL,NULL,NULL,NULL),(781,6,28,NULL,NULL,NULL,1262603427,0,'2022-05-16 00:40:39',NULL,'our',7,NULL,0,0,0,1358,1727,NULL,NULL,1727,'up',NULL,NULL,NULL,NULL),(782,6,28,NULL,NULL,NULL,1262603427,0,'2022-05-16 00:40:52',NULL,'our',7,NULL,0,0,0,1358,1727,NULL,NULL,1727,'up',NULL,NULL,NULL,NULL),(783,6,28,NULL,NULL,NULL,1262603427,0,'2022-05-16 00:41:04',NULL,'our',7,NULL,10,0,0,1358,1728,NULL,NULL,1728,'up',NULL,NULL,NULL,NULL),(784,6,12,NULL,NULL,NULL,1262603427,0,'2022-05-16 00:41:21',NULL,'our',7,NULL,0,0,0,1358,334,335,343,343,'up',NULL,NULL,NULL,NULL),(785,6,12,NULL,NULL,NULL,1262603427,0,'2022-05-16 00:42:47',NULL,'our',7,NULL,0,0,0,1358,364,368,1749,364,'up',NULL,NULL,NULL,NULL),(786,6,12,NULL,NULL,NULL,1262603427,0,'2022-05-16 00:43:17',NULL,'our',7,NULL,0,0,0,1358,388,389,1751,388,'up',NULL,NULL,NULL,NULL),(787,6,12,NULL,NULL,NULL,1262603427,0,'2022-05-16 00:44:04',NULL,'our',7,NULL,0,0,0,1358,1755,1756,1757,1757,'up',NULL,NULL,NULL,NULL),(788,6,28,NULL,NULL,NULL,1262603427,0,'2022-05-16 00:45:14',NULL,'our',7,NULL,10,0,0,1358,1728,NULL,NULL,1728,'up',NULL,NULL,NULL,NULL),(789,6,28,NULL,NULL,NULL,1262603427,0,'2022-05-16 00:47:39',NULL,'our',7,NULL,0,0,0,1358,1727,NULL,NULL,1727,'up',NULL,NULL,NULL,NULL),(791,6,2,NULL,NULL,NULL,1262603427,0,'2022-05-16 11:29:32',NULL,'our',7,NULL,0,0,0,1358,1,NULL,NULL,1,'up',NULL,NULL,NULL,NULL),(792,6,2,NULL,NULL,NULL,1262603427,0,'2022-05-16 11:29:43',NULL,'our',7,NULL,0,0,0,1358,2,1840,NULL,2,'up',NULL,NULL,NULL,NULL),(793,6,2,NULL,NULL,NULL,1262603427,0,'2022-05-16 11:30:04',NULL,'our',7,NULL,0,0,0,1358,3,10,NULL,3,'up',NULL,NULL,NULL,NULL),(794,6,2,NULL,NULL,NULL,1262603427,0,'2022-05-16 11:31:05',NULL,'our',7,NULL,10,0,0,1358,4,15,1810,4,'up',NULL,NULL,NULL,NULL),(795,6,2,NULL,NULL,NULL,5074995601,0,'2022-05-16 12:40:38',NULL,'our',7,NULL,0,0,0,1358,4,15,NULL,4,'up',NULL,NULL,NULL,NULL),(796,6,2,NULL,NULL,NULL,5074995601,0,'2022-05-16 12:46:26',NULL,'our',7,NULL,0,0,0,1358,3,1772,NULL,3,'up',NULL,NULL,NULL,NULL),(797,6,2,NULL,NULL,NULL,5074995601,0,'2022-05-16 12:51:04',NULL,'our',7,NULL,0,0,0,1358,4,14,NULL,4,'up',NULL,NULL,NULL,NULL),(798,6,2,NULL,NULL,NULL,1262603427,0,'2022-05-16 12:53:04',NULL,'our',7,NULL,0,0,0,1358,1,NULL,112,112,'up',NULL,NULL,NULL,NULL),(799,6,2,NULL,NULL,NULL,1262603427,0,'2022-05-16 12:53:12',NULL,'our',7,NULL,0,0,0,1358,3,1772,1780,3,'up',NULL,NULL,NULL,NULL),(800,6,2,NULL,NULL,NULL,1262603427,0,'2022-05-16 12:53:28',NULL,'our',7,NULL,0,0,0,1358,4,17,520,4,'up',NULL,NULL,NULL,NULL),(801,6,2,NULL,NULL,NULL,1262603427,0,'2022-05-16 12:54:08',NULL,'our',7,NULL,10,0,0,1358,5,NULL,565,5,'up',NULL,NULL,NULL,NULL),(802,6,2,NULL,NULL,NULL,1262603427,0,'2022-05-16 12:54:28',NULL,'our',7,NULL,10,0,0,1358,6,NULL,540,6,'up',NULL,NULL,NULL,NULL),(803,6,2,NULL,NULL,NULL,1262603427,0,'2022-05-16 12:55:16',NULL,'our',7,NULL,0,0,0,1358,7,1844,558,7,'up',NULL,NULL,NULL,NULL),(805,6,13,NULL,NULL,NULL,1262603427,0,'2022-05-16 13:35:28',NULL,'our',7,NULL,0,0,0,1358,1716,1718,NULL,1718,'up',NULL,NULL,NULL,NULL),(806,6,13,NULL,NULL,NULL,1262603427,0,'2022-05-16 13:36:10',NULL,'our',7,NULL,0,0,0,1358,NULL,NULL,NULL,NULL,'up',NULL,NULL,NULL,NULL),(807,6,13,NULL,NULL,NULL,1262603427,0,'2022-05-16 13:36:20',NULL,'our',7,NULL,0,0,0,1358,1716,1722,NULL,1722,'up',NULL,NULL,NULL,NULL),(808,6,13,NULL,NULL,NULL,1262603427,0,'2022-05-16 13:36:30',NULL,'our',7,NULL,0,0,0,1358,1717,NULL,416,1717,'up',NULL,NULL,NULL,NULL),(809,6,13,NULL,NULL,NULL,1262603427,0,'2022-05-16 13:37:08',NULL,'our',7,NULL,0,0,0,1358,NULL,NULL,NULL,NULL,'up',NULL,NULL,NULL,NULL),(810,6,16,NULL,NULL,NULL,1262603427,0,'2022-05-16 13:37:11',NULL,'our',7,NULL,0,0,0,1358,1568,NULL,NULL,1568,'up',NULL,NULL,NULL,NULL),(811,6,16,NULL,NULL,NULL,1262603427,0,'2022-05-16 13:37:14',NULL,'our',7,NULL,0,0,0,1358,1628,NULL,NULL,1628,'up',NULL,NULL,NULL,NULL),(812,6,16,NULL,NULL,NULL,1262603427,0,'2022-05-16 13:37:21',NULL,'our',7,NULL,0,0,0,1358,1568,1569,1591,1568,'up',NULL,NULL,NULL,NULL),(814,6,17,NULL,NULL,NULL,1262603427,0,'2022-05-16 13:38:22',NULL,'our',7,NULL,0,0,0,1358,NULL,NULL,NULL,NULL,'up',NULL,NULL,NULL,NULL),(815,6,18,NULL,NULL,NULL,1262603427,0,'2022-05-16 13:38:25',NULL,'our',7,NULL,0,0,0,1358,832,NULL,NULL,832,'up',NULL,NULL,NULL,NULL),(816,6,28,NULL,NULL,NULL,1262603427,0,'2022-05-16 13:38:49',NULL,'our',7,NULL,0,0,0,1358,1727,NULL,NULL,1727,'up',NULL,NULL,NULL,NULL),(819,6,19,NULL,NULL,NULL,1262603427,0,'2022-05-17 12:08:35',NULL,'our',7,NULL,0,0,0,1358,1672,1659,NULL,1672,'up',NULL,NULL,NULL,NULL),(820,6,17,NULL,NULL,NULL,1262603427,0,'2022-05-17 16:58:31',NULL,'our',7,NULL,0,0,0,1358,NULL,NULL,NULL,NULL,'up',NULL,NULL,NULL,NULL),(821,6,2,NULL,NULL,NULL,5074995601,0,'2022-05-17 17:04:59',NULL,'our',7,NULL,0,0,0,1358,NULL,NULL,NULL,NULL,'up',NULL,NULL,NULL,NULL),(822,6,19,NULL,NULL,NULL,5074995601,0,'2022-05-17 17:05:02',NULL,'our',7,NULL,0,0,0,1358,NULL,NULL,NULL,NULL,'up',NULL,NULL,NULL,NULL),(824,6,2,NULL,NULL,NULL,1262603427,0,'2022-05-17 19:59:13',NULL,'our',7,NULL,10,0,0,1358,1,NULL,108,1,'up',NULL,NULL,NULL,NULL),(825,6,2,NULL,NULL,NULL,1262603427,0,'2022-05-17 20:00:00',NULL,'our',7,NULL,0,0,0,1358,4,NULL,NULL,4,'up',NULL,NULL,NULL,NULL),(827,6,28,NULL,NULL,NULL,1262603427,0,'2022-05-17 20:01:04',NULL,'our',7,NULL,0,0,0,1358,1727,NULL,NULL,1727,'up',NULL,NULL,NULL,NULL),(829,6,17,NULL,NULL,NULL,1262603427,0,'2022-05-19 21:58:35',NULL,'our',7,NULL,0,0,0,1358,NULL,NULL,NULL,NULL,'up',NULL,NULL,NULL,NULL),(830,6,19,NULL,NULL,NULL,1262603427,0,'2022-05-19 21:59:31',NULL,'our',7,NULL,0,0,0,1358,837,845,869,869,'up',NULL,NULL,NULL,NULL),(832,6,17,NULL,NULL,NULL,1262603427,0,'2022-05-21 14:23:44',NULL,'our',7,NULL,0,0,0,1358,NULL,NULL,NULL,NULL,'up',NULL,NULL,NULL,NULL),(833,6,17,NULL,NULL,NULL,1262603427,0,'2022-05-21 15:03:18',NULL,'our',7,NULL,0,0,0,1358,NULL,NULL,NULL,NULL,'up',NULL,NULL,NULL,NULL),(835,6,17,NULL,NULL,NULL,1262603427,0,'2022-05-22 21:42:50',NULL,'our',7,NULL,0,0,0,1358,1895,1897,NULL,1897,'up',NULL,NULL,NULL,NULL),(836,6,2,NULL,NULL,NULL,5074995601,0,'2022-06-03 07:13:51',NULL,'my',7,NULL,10,0,0,1358,1872,NULL,NULL,1872,'up',NULL,NULL,NULL,NULL),(837,6,2,NULL,NULL,NULL,940108284,0,'2022-06-03 09:23:57',NULL,'our',7,NULL,0,0,0,1808,4,14,1826,4,'up',NULL,NULL,NULL,NULL),(838,6,2,NULL,NULL,NULL,940108284,0,'2022-06-03 09:24:07',NULL,'our',7,NULL,0,0,0,1808,NULL,NULL,NULL,NULL,'up',NULL,NULL,NULL,NULL),(839,14,21,NULL,NULL,NULL,940108284,0,'2022-06-03 09:24:31',NULL,'our',7,NULL,0,0,0,1808,NULL,NULL,NULL,NULL,'up',NULL,NULL,NULL,NULL),(840,14,21,NULL,NULL,NULL,940108284,0,'2022-06-03 09:24:33',NULL,'our',7,NULL,0,0,0,1808,NULL,NULL,NULL,NULL,'up',NULL,NULL,NULL,NULL),(841,14,20,NULL,NULL,NULL,940108284,0,'2022-06-03 09:24:35',NULL,'our',7,NULL,0,0,0,1808,NULL,NULL,NULL,NULL,'up',NULL,NULL,NULL,NULL),(842,14,20,NULL,NULL,NULL,940108284,0,'2022-06-03 09:25:30',NULL,'our',7,NULL,0,0,0,1808,1237,NULL,NULL,NULL,'up',9,1,NULL,NULL),(843,14,20,NULL,NULL,NULL,940108284,0,'2022-06-03 09:38:53',NULL,'our',7,NULL,0,0,0,1808,NULL,NULL,NULL,NULL,'up',16,1,NULL,NULL),(844,14,20,NULL,NULL,NULL,940108284,0,'2022-06-03 09:42:19',NULL,'our',7,NULL,0,0,0,1808,NULL,NULL,NULL,NULL,'up',9,NULL,NULL,NULL),(845,14,20,NULL,NULL,NULL,940108284,0,'2022-06-03 09:49:50',NULL,'our',7,NULL,0,0,0,1808,NULL,NULL,NULL,NULL,'up',NULL,NULL,NULL,NULL),(846,14,21,NULL,NULL,NULL,940108284,0,'2022-06-03 09:49:53',NULL,'our',7,NULL,0,0,0,1808,NULL,NULL,NULL,NULL,'down',81,NULL,NULL,NULL),(847,14,21,NULL,NULL,NULL,940108284,0,'2022-06-03 09:55:36',NULL,'our',7,NULL,0,0,0,1808,NULL,NULL,NULL,NULL,'up',49,NULL,NULL,NULL),(848,14,21,NULL,NULL,NULL,940108284,0,'2022-06-03 09:57:25',NULL,'our',7,NULL,0,0,0,1808,NULL,NULL,NULL,NULL,'up',NULL,NULL,NULL,NULL),(849,14,21,NULL,NULL,NULL,940108284,0,'2022-06-03 09:57:29',NULL,'our',7,NULL,0,0,0,1808,1391,NULL,NULL,NULL,'up',48,NULL,NULL,NULL),(850,14,21,NULL,NULL,NULL,940108284,0,'2022-06-03 09:57:53',NULL,'our',7,NULL,0,0,0,1808,NULL,NULL,NULL,NULL,'up',NULL,NULL,NULL,NULL),(851,14,20,NULL,NULL,NULL,940108284,0,'2022-06-03 09:58:04',NULL,'our',7,NULL,0,0,0,1808,NULL,NULL,NULL,NULL,'up',NULL,NULL,NULL,NULL),(852,14,20,NULL,NULL,NULL,940108284,0,'2022-06-03 09:59:01',NULL,'our',7,NULL,0,0,0,1808,NULL,NULL,NULL,NULL,'up',NULL,NULL,NULL,NULL),(853,14,20,NULL,NULL,NULL,940108284,0,'2022-06-03 09:59:50',NULL,'our',7,NULL,0,0,0,1808,NULL,NULL,NULL,NULL,'up',NULL,NULL,NULL,NULL),(854,14,20,NULL,NULL,NULL,940108284,0,'2022-06-03 11:11:38',NULL,'our',7,NULL,0,0,0,1808,NULL,NULL,NULL,NULL,'up',NULL,NULL,NULL,NULL),(855,6,18,NULL,NULL,NULL,940108284,0,'2022-06-03 11:19:40',NULL,'our',7,NULL,0,0,0,1808,835,NULL,NULL,835,'up',NULL,NULL,NULL,NULL),(856,6,13,NULL,NULL,NULL,5074995601,0,'2022-06-03 14:42:19',NULL,'our',7,NULL,0,0,0,1358,1716,1721,NULL,1721,'up',NULL,NULL,NULL,NULL),(857,6,13,NULL,NULL,NULL,5074995601,0,'2022-06-03 14:42:23',NULL,'our',7,NULL,0,0,0,1358,NULL,NULL,NULL,NULL,'up',NULL,NULL,NULL,NULL),(858,6,2,NULL,NULL,NULL,5074995601,0,'2022-06-03 14:42:25',NULL,'my',15,NULL,15,0,0,1358,1,NULL,NULL,1,'up',NULL,NULL,NULL,NULL),(859,6,2,NULL,NULL,NULL,5074995601,0,'2022-06-03 14:43:07',NULL,'our',7,NULL,0,0,0,1358,NULL,NULL,NULL,NULL,'up',NULL,NULL,NULL,NULL),(860,6,12,NULL,NULL,NULL,5074995601,0,'2022-06-03 14:43:10',NULL,'our',7,NULL,0,0,0,1358,334,1733,1736,334,'up',NULL,NULL,NULL,NULL),(861,6,12,NULL,NULL,NULL,5074995601,0,'2022-06-03 14:43:53',NULL,'my',7,NULL,0,0,0,1358,334,1734,1738,334,'up',NULL,NULL,NULL,NULL),(862,6,12,NULL,NULL,NULL,5074995601,0,'2022-06-03 14:44:11',NULL,'our',7,NULL,0,0,0,1358,NULL,NULL,NULL,NULL,'up',NULL,NULL,NULL,NULL),(863,6,2,NULL,NULL,NULL,5074995601,0,'2022-06-03 14:44:14',NULL,'our',7,NULL,10,0,0,1358,1,NULL,NULL,1,'up',NULL,NULL,NULL,NULL),(864,6,2,NULL,NULL,NULL,5074995601,0,'2022-06-03 14:46:09',NULL,'our',7,NULL,0,0,0,1358,NULL,NULL,NULL,NULL,'up',NULL,NULL,NULL,NULL),(865,6,17,NULL,NULL,NULL,5074995601,0,'2022-06-03 18:39:30',NULL,'our',7,NULL,0,0,0,1358,1895,1897,1903,1903,'up',NULL,NULL,NULL,NULL),(866,6,2,NULL,NULL,NULL,5074995601,0,'2022-06-03 18:41:53',NULL,'our',7,NULL,0,0,0,1358,NULL,NULL,NULL,NULL,'up',NULL,NULL,NULL,NULL),(867,6,2,NULL,NULL,NULL,5074995601,0,'2022-06-03 18:44:09',NULL,'our',15,NULL,15,0,0,1358,4,18,513,4,'up',NULL,NULL,NULL,NULL),(868,6,2,NULL,NULL,NULL,5074995601,0,'2022-06-03 18:44:39',NULL,'our',7,NULL,0,0,0,1358,NULL,NULL,NULL,NULL,'up',NULL,NULL,NULL,NULL),(869,6,12,NULL,NULL,NULL,5074995601,0,'2022-06-03 18:44:48',NULL,'our',7,NULL,0,0,0,1358,334,1733,1736,334,'up',NULL,NULL,NULL,NULL),(870,6,12,NULL,NULL,NULL,5074995601,0,'2022-06-03 18:56:33',NULL,'our',7,NULL,0,0,0,1358,NULL,NULL,NULL,NULL,'up',NULL,NULL,NULL,NULL),(871,6,2,NULL,NULL,NULL,5074995601,0,'2022-06-03 18:56:39',NULL,'our',15,NULL,15,0,0,1358,4,14,1826,4,'up',NULL,NULL,NULL,NULL),(872,6,2,NULL,NULL,NULL,5074995601,0,'2022-06-03 19:00:12',NULL,'our',7,NULL,0,0,0,1358,NULL,NULL,NULL,NULL,'up',NULL,NULL,NULL,NULL),(873,6,12,NULL,NULL,NULL,5074995601,0,'2022-06-03 19:00:15',NULL,'our',15,NULL,15,0,0,1358,334,337,1730,334,'up',NULL,NULL,NULL,NULL),(874,6,12,NULL,NULL,NULL,5074995601,0,'2022-06-03 19:17:57',NULL,'our',7,NULL,0,0,0,1358,NULL,NULL,NULL,NULL,'up',NULL,NULL,NULL,NULL),(875,6,16,NULL,NULL,NULL,5074995601,0,'2022-06-03 19:18:08',NULL,'our',7,NULL,0,0,0,1358,1568,1569,1596,1568,'up',NULL,NULL,NULL,NULL),(877,6,16,NULL,NULL,NULL,5074995601,0,'2022-06-03 19:26:23',NULL,'our',7,NULL,0,0,0,1358,1568,1575,1625,1625,'up',NULL,NULL,NULL,NULL),(878,6,16,NULL,NULL,NULL,5074995601,0,'2022-06-03 19:35:58',NULL,'our',7,NULL,0,0,0,1358,1630,NULL,NULL,1630,'up',NULL,NULL,NULL,NULL),(879,6,16,NULL,NULL,NULL,5074995601,0,'2022-06-03 19:36:11',NULL,'our',7,NULL,0,0,0,1358,1635,NULL,NULL,1635,'up',NULL,NULL,NULL,NULL),(880,6,16,NULL,NULL,NULL,5074995601,0,'2022-06-03 19:37:32',NULL,'our',15,NULL,15,0,0,1358,1568,1571,1606,1568,'up',NULL,NULL,NULL,NULL),(881,6,16,NULL,NULL,NULL,5074995601,0,'2022-06-03 19:38:24',NULL,'our',15,NULL,15,0,0,1358,1568,1571,1604,1604,'up',NULL,NULL,NULL,NULL),(882,6,16,NULL,NULL,NULL,5074995601,0,'2022-06-03 19:42:12',NULL,'our',15,NULL,15,0,0,1358,1568,1569,1591,1591,'up',NULL,NULL,NULL,NULL),(883,6,16,NULL,NULL,NULL,5074995601,0,'2022-06-03 19:45:20',NULL,'our',7,NULL,0,0,0,1358,1629,NULL,NULL,1629,'up',NULL,NULL,NULL,NULL),(884,6,16,NULL,NULL,NULL,5074995601,0,'2022-06-03 19:45:35',NULL,'our',15,NULL,15,0,0,1358,1568,1569,1596,1568,'up',NULL,NULL,NULL,NULL),(885,6,16,NULL,NULL,NULL,5074995601,0,'2022-06-03 19:56:05',NULL,'our',7,NULL,10,0,0,1358,1568,1575,1625,1568,'up',NULL,NULL,NULL,NULL),(886,6,16,NULL,NULL,NULL,5074995601,0,'2022-06-03 20:07:46',NULL,'our',7,NULL,0,0,0,1358,1630,NULL,NULL,1630,'up',NULL,NULL,NULL,NULL),(887,6,16,NULL,NULL,NULL,5074995601,0,'2022-06-03 20:08:34',NULL,'our',7,NULL,0,0,0,1358,1629,NULL,NULL,1629,'up',NULL,NULL,NULL,NULL),(888,6,12,NULL,NULL,NULL,5074995601,0,'2022-06-03 20:14:35',NULL,'our',7,NULL,0,0,0,1358,334,338,361,334,'up',NULL,NULL,NULL,NULL),(889,6,12,NULL,NULL,NULL,5074995601,0,'2022-06-03 20:17:16',NULL,'our',7,NULL,0,0,0,1358,NULL,NULL,NULL,NULL,'up',NULL,NULL,NULL,NULL),(890,6,16,NULL,NULL,NULL,5074995601,0,'2022-06-03 20:17:20',NULL,'our',15,NULL,15,0,0,1358,1632,NULL,NULL,1632,'up',NULL,NULL,NULL,NULL),(891,6,16,NULL,NULL,NULL,5074995601,0,'2022-06-03 20:19:25',NULL,'our',15,NULL,15,0,0,1358,1634,NULL,NULL,1634,'up',NULL,NULL,NULL,NULL),(893,6,16,NULL,NULL,NULL,5074995601,0,'2022-06-03 20:22:28',NULL,'our',15,NULL,15,0,0,1358,1634,NULL,NULL,1634,'up',NULL,NULL,NULL,NULL),(894,6,16,NULL,NULL,NULL,5074995601,0,'2022-06-03 20:24:17',NULL,'our',15,NULL,15,0,0,1358,1632,NULL,NULL,1632,'up',NULL,NULL,NULL,NULL),(895,6,16,NULL,NULL,NULL,5074995601,0,'2022-06-03 20:27:15',NULL,'our',15,NULL,15,0,0,1358,1634,NULL,NULL,1634,'up',NULL,NULL,NULL,NULL),(896,6,16,NULL,NULL,NULL,5074995601,0,'2022-06-03 20:28:12',NULL,'our',15,NULL,15,0,0,1358,1636,NULL,NULL,1636,'up',NULL,NULL,NULL,NULL),(897,6,16,NULL,NULL,NULL,5074995601,0,'2022-06-03 20:28:15',NULL,'our',7,NULL,0,0,0,1358,NULL,NULL,NULL,NULL,'up',NULL,NULL,NULL,NULL),(898,6,17,NULL,NULL,NULL,5074995601,0,'2022-06-03 20:28:23',NULL,'our',15,NULL,15,0,0,1358,1896,1901,NULL,1901,'up',NULL,NULL,NULL,NULL),(899,6,17,NULL,NULL,NULL,5074995601,0,'2022-06-03 20:29:35',NULL,'our',15,NULL,15,0,0,1358,1895,1897,1904,1904,'up',NULL,NULL,NULL,NULL),(900,6,17,NULL,NULL,NULL,5074995601,0,'2022-06-03 20:29:44',NULL,'our',7,NULL,0,0,0,1358,NULL,NULL,NULL,NULL,'up',NULL,NULL,NULL,NULL),(901,6,28,NULL,NULL,NULL,5074995601,0,'2022-06-03 20:30:08',NULL,'our',15,NULL,15,0,0,1358,1727,NULL,NULL,1727,'up',NULL,NULL,NULL,NULL),(902,6,28,NULL,NULL,NULL,5074995601,0,'2022-06-03 20:30:15',NULL,'our',7,NULL,0,0,0,1358,NULL,NULL,NULL,NULL,'up',NULL,NULL,NULL,NULL),(903,6,28,NULL,NULL,NULL,5074995601,0,'2022-06-03 20:30:17',NULL,'our',15,NULL,15,0,0,1358,1728,NULL,NULL,1728,'up',NULL,NULL,NULL,NULL),(904,6,28,NULL,NULL,NULL,5074995601,0,'2022-06-03 20:30:39',NULL,'our',7,NULL,0,0,0,1358,NULL,NULL,NULL,NULL,'up',NULL,NULL,NULL,NULL),(905,6,18,NULL,NULL,NULL,5074995601,0,'2022-06-03 20:30:43',NULL,'our',15,NULL,15,0,0,1358,835,NULL,NULL,835,'up',NULL,NULL,NULL,NULL),(906,6,18,NULL,NULL,NULL,5074995601,0,'2022-06-03 20:32:10',NULL,'our',7,NULL,0,0,0,1358,NULL,NULL,NULL,NULL,'up',NULL,NULL,NULL,NULL),(907,6,18,NULL,NULL,NULL,5074995601,0,'2022-06-03 20:32:27',NULL,'our',7,NULL,0,0,0,1358,NULL,NULL,NULL,NULL,'up',NULL,NULL,NULL,NULL),(909,6,19,NULL,NULL,NULL,5074995601,0,'2022-06-03 20:36:01',NULL,'our',15,NULL,15,0,0,1358,1708,1701,NULL,1708,'up',NULL,NULL,NULL,NULL),(910,6,19,NULL,NULL,NULL,5074995601,0,'2022-06-03 20:38:00',NULL,'our',7,NULL,0,0,0,1358,NULL,NULL,NULL,NULL,'up',NULL,NULL,NULL,NULL),(911,6,19,NULL,NULL,NULL,5074995601,0,'2022-06-03 20:38:06',NULL,'our',15,NULL,15,0,0,1358,1673,1659,NULL,1673,'up',NULL,NULL,NULL,NULL),(912,6,19,NULL,NULL,NULL,5074995601,0,'2022-06-03 20:38:13',NULL,'our',15,NULL,15,0,0,1358,841,1710,1714,1714,'up',NULL,NULL,NULL,NULL),(913,6,19,NULL,NULL,NULL,5074995601,0,'2022-06-03 20:38:20',NULL,'our',7,NULL,0,0,0,1358,NULL,NULL,NULL,NULL,'up',NULL,NULL,NULL,NULL),(914,6,28,NULL,NULL,NULL,5074995601,0,'2022-06-03 20:38:28',NULL,'our',15,NULL,15,0,0,1358,1728,NULL,NULL,1728,'up',NULL,NULL,NULL,NULL),(915,6,28,NULL,NULL,NULL,5074995601,0,'2022-06-03 20:39:19',NULL,'our',7,NULL,0,0,0,1358,NULL,NULL,NULL,NULL,'up',NULL,NULL,NULL,NULL),(916,6,28,NULL,NULL,NULL,5074995601,0,'2022-06-03 20:39:23',NULL,'our',15,NULL,15,0,0,1358,1728,NULL,NULL,1728,'up',NULL,NULL,NULL,NULL),(917,6,28,NULL,NULL,NULL,5074995601,0,'2022-06-03 20:39:53',NULL,'our',7,NULL,0,0,0,1358,1728,NULL,NULL,1728,'up',NULL,NULL,NULL,NULL),(918,6,28,NULL,NULL,NULL,5074995601,0,'2022-06-03 21:05:37',NULL,'our',15,NULL,15,0,0,1358,1728,NULL,NULL,1728,'up',NULL,NULL,NULL,NULL),(919,6,28,NULL,NULL,NULL,5074995601,0,'2022-06-03 21:10:31',NULL,'our',7,NULL,0,0,0,1358,NULL,NULL,NULL,NULL,'up',NULL,NULL,NULL,NULL),(920,6,28,NULL,NULL,NULL,5074995601,0,'2022-06-03 21:10:32',NULL,'our',7,NULL,0,0,0,1358,NULL,1728,NULL,1728,'up',NULL,NULL,NULL,NULL),(922,14,20,NULL,NULL,NULL,5074995601,0,'2022-06-03 21:20:13',NULL,'our',15,NULL,3,0,0,1358,NULL,NULL,NULL,NULL,'down',NULL,NULL,'numeric',NULL),(923,14,20,NULL,NULL,NULL,5074995601,0,'2022-06-03 21:21:18',NULL,'our',7,NULL,0,0,0,1358,NULL,NULL,NULL,NULL,'up',NULL,NULL,NULL,NULL),(924,14,20,NULL,NULL,NULL,5074995601,0,'2022-06-03 21:22:43',NULL,'our',15,NULL,3,0,0,1358,NULL,NULL,NULL,NULL,'shoes',42,NULL,'eu',NULL),(925,14,20,NULL,NULL,NULL,5074995601,0,'2022-06-03 21:23:09',NULL,'our',15,NULL,3,0,0,1358,NULL,NULL,NULL,NULL,'up',28,NULL,'numeric',NULL),(926,14,20,NULL,NULL,NULL,5074995601,0,'2022-06-03 21:27:39',NULL,'our',7,NULL,0,0,0,1358,NULL,NULL,NULL,NULL,'up',NULL,NULL,NULL,NULL),(927,6,28,NULL,NULL,NULL,5074995601,0,'2022-06-03 21:27:46',NULL,'our',15,NULL,15,0,0,1358,1728,NULL,NULL,1728,'up',NULL,NULL,NULL,NULL),(928,6,28,NULL,NULL,NULL,5074995601,0,'2022-06-03 21:31:45',NULL,'our',15,NULL,15,0,0,1358,1728,NULL,NULL,1728,'up',NULL,NULL,NULL,NULL),(929,6,28,NULL,NULL,NULL,5074995601,0,'2022-06-03 21:34:50',NULL,'our',7,NULL,0,0,0,1358,1728,NULL,NULL,1728,'up',NULL,NULL,NULL,NULL),(930,6,28,NULL,NULL,NULL,5074995601,0,'2022-06-03 21:34:52',NULL,'our',7,NULL,0,0,0,1358,1727,NULL,NULL,1727,'up',NULL,NULL,NULL,NULL),(931,6,28,NULL,NULL,NULL,5074995601,0,'2022-06-03 21:34:59',NULL,'our',7,NULL,0,0,0,1358,1727,NULL,NULL,1727,'up',NULL,NULL,NULL,NULL),(932,6,28,NULL,NULL,NULL,5074995601,0,'2022-06-03 21:35:26',NULL,'our',15,NULL,15,0,0,1358,1727,NULL,NULL,1727,'up',NULL,NULL,NULL,NULL),(933,6,28,NULL,NULL,NULL,5074995601,0,'2022-06-03 21:35:36',NULL,'our',15,NULL,15,0,0,1358,1727,NULL,NULL,1727,'up',NULL,NULL,NULL,NULL),(934,6,28,NULL,NULL,NULL,5074995601,0,'2022-06-03 21:36:39',NULL,'our',7,NULL,0,0,0,1358,1727,NULL,NULL,1727,'up',NULL,NULL,NULL,NULL),(935,6,28,NULL,NULL,NULL,5074995601,0,'2022-06-03 21:36:41',NULL,'our',7,NULL,0,0,0,1358,1728,NULL,NULL,1728,'up',NULL,NULL,NULL,NULL),(936,6,28,NULL,NULL,NULL,5074995601,0,'2022-06-03 21:36:48',NULL,'our',7,NULL,0,0,0,1358,NULL,NULL,NULL,NULL,'up',NULL,NULL,NULL,NULL),(937,6,19,NULL,NULL,NULL,5074995601,0,'2022-06-03 21:36:51',NULL,'our',15,NULL,15,0,0,1358,1706,1700,NULL,1706,'up',NULL,NULL,NULL,NULL),(938,6,19,NULL,NULL,NULL,5074995601,0,'2022-06-03 21:37:45',NULL,'our',7,NULL,0,0,0,1358,1709,1701,NULL,1709,'up',NULL,NULL,NULL,NULL),(939,6,19,NULL,NULL,5000,5074995601,0,'2022-06-03 21:38:24','2022-06-18 21:39:44','our',15,'@kukrin_alex',15,0,0,1358,1705,1700,NULL,1705,'up',NULL,NULL,NULL,NULL),(940,6,19,NULL,NULL,NULL,5074995601,0,'2022-06-03 21:39:59',NULL,'our',7,NULL,0,0,0,1358,837,843,NULL,837,'up',NULL,NULL,NULL,NULL),(941,6,19,NULL,NULL,NULL,5074995601,0,'2022-06-03 21:40:11',NULL,'our',7,NULL,0,0,0,1358,837,NULL,NULL,837,'up',NULL,NULL,NULL,NULL),(942,6,19,NULL,NULL,5000,5074995601,0,'2022-06-03 21:40:17','2022-06-18 21:40:29','our',15,'@kukrin_alex',15,0,0,1358,1705,1700,NULL,1705,'up',NULL,NULL,NULL,NULL),(943,6,19,NULL,NULL,NULL,5074995601,0,'2022-06-03 21:40:47',NULL,'our',7,NULL,0,0,0,1358,837,844,NULL,837,'up',NULL,NULL,NULL,NULL),(944,6,19,NULL,NULL,NULL,5074995601,0,'2022-06-03 21:41:07',NULL,'our',15,NULL,15,0,0,1358,841,1710,1714,1714,'up',NULL,NULL,NULL,NULL),(945,6,19,NULL,NULL,NULL,5074995601,0,'2022-06-03 21:42:59',NULL,'our',7,NULL,0,0,0,1358,1709,1701,NULL,1709,'up',NULL,NULL,NULL,NULL),(946,6,19,NULL,NULL,NULL,5074995601,0,'2022-06-03 21:43:07',NULL,'our',15,NULL,15,0,0,1358,837,843,875,837,'up',NULL,NULL,NULL,NULL),(947,6,19,NULL,NULL,NULL,5074995601,0,'2022-06-03 21:44:52',NULL,'our',7,NULL,10,0,0,1358,840,1701,NULL,840,'up',NULL,NULL,NULL,NULL),(948,6,19,NULL,NULL,NULL,5074995601,0,'2022-06-03 21:48:33',NULL,'our',7,NULL,10,0,0,1358,839,1679,NULL,839,'up',NULL,NULL,NULL,NULL),(949,6,19,NULL,NULL,NULL,5074995601,0,'2022-06-03 21:48:44',NULL,'our',7,NULL,0,0,0,1358,NULL,NULL,NULL,NULL,'up',NULL,NULL,NULL,NULL),(950,6,28,NULL,NULL,NULL,5074995601,0,'2022-06-03 21:48:47',NULL,'our',15,NULL,15,0,0,1358,1727,NULL,NULL,1727,'up',NULL,NULL,NULL,NULL),(951,6,28,NULL,NULL,NULL,5074995601,0,'2022-06-03 21:48:51',NULL,'our',7,NULL,0,0,0,1358,NULL,NULL,NULL,NULL,'up',NULL,NULL,NULL,NULL),(952,6,2,NULL,NULL,NULL,5074995601,0,'2022-06-03 21:48:56',NULL,'our',15,NULL,15,0,0,1358,6,NULL,268,268,'up',NULL,NULL,NULL,NULL),(953,6,2,NULL,NULL,NULL,5074995601,0,'2022-06-03 21:49:03',NULL,'our',7,NULL,0,0,0,1358,NULL,NULL,NULL,NULL,'up',NULL,NULL,NULL,NULL),(954,6,16,NULL,NULL,NULL,5074995601,0,'2022-06-03 21:49:06',NULL,'our',15,NULL,15,0,0,1358,1634,NULL,NULL,1634,'up',NULL,NULL,NULL,NULL),(955,6,16,NULL,NULL,NULL,5074995601,0,'2022-06-03 21:49:13',NULL,'our',7,NULL,0,0,0,1358,NULL,NULL,NULL,NULL,'up',NULL,NULL,NULL,NULL),(956,6,17,NULL,NULL,NULL,5074995601,0,'2022-06-03 21:49:15',NULL,'our',15,NULL,15,0,0,1358,1896,1900,NULL,1900,'up',NULL,NULL,NULL,NULL),(957,6,17,NULL,NULL,NULL,5074995601,0,'2022-06-03 21:49:22',NULL,'our',7,NULL,0,0,0,1358,NULL,NULL,NULL,NULL,'up',NULL,NULL,NULL,NULL),(958,6,13,NULL,NULL,NULL,5074995601,0,'2022-06-03 21:49:25',NULL,'our',15,NULL,15,0,0,1358,1717,408,NULL,408,'up',NULL,NULL,NULL,NULL),(959,6,13,NULL,NULL,NULL,5074995601,0,'2022-06-03 21:50:56',NULL,'our',7,NULL,0,0,0,1358,NULL,NULL,NULL,NULL,'up',NULL,NULL,NULL,NULL),(963,6,19,NULL,NULL,NULL,1262603427,0,'2022-06-03 22:21:17',NULL,'my',7,NULL,10,0,0,1358,1669,1657,NULL,1669,'up',NULL,NULL,NULL,NULL),(964,6,12,NULL,NULL,NULL,1262603427,0,'2022-06-03 22:23:15',NULL,'our',7,NULL,0,0,0,1358,364,365,1742,364,'up',NULL,NULL,NULL,NULL),(966,6,16,NULL,NULL,NULL,1262603427,0,'2022-06-03 22:24:46',NULL,'our',7,NULL,10,0,0,1358,1630,NULL,NULL,1630,'up',NULL,NULL,NULL,NULL),(967,6,19,NULL,NULL,NULL,1262603427,0,'2022-06-03 22:25:38',NULL,'our',7,NULL,0,0,0,1358,840,1700,NULL,840,'up',NULL,NULL,NULL,NULL),(968,6,19,NULL,NULL,NULL,1262603427,0,'2022-06-03 22:25:44',NULL,'our',7,NULL,0,0,0,1358,NULL,NULL,NULL,NULL,'up',NULL,NULL,NULL,NULL),(969,6,17,NULL,NULL,NULL,1262603427,0,'2022-06-03 22:25:47',NULL,'our',7,NULL,10,0,0,1358,1896,1901,NULL,1901,'up',NULL,NULL,NULL,NULL),(970,6,17,NULL,NULL,NULL,1262603427,0,'2022-06-03 22:26:05',NULL,'our',7,NULL,0,0,0,1358,NULL,NULL,NULL,NULL,'up',NULL,NULL,NULL,NULL),(971,6,17,NULL,NULL,NULL,1262603427,0,'2022-06-03 22:26:09',NULL,'our',7,NULL,0,0,0,1358,1895,1897,1903,1903,'up',NULL,NULL,NULL,NULL),(972,6,17,NULL,NULL,133,1262603427,0,'2022-06-03 22:26:35','2022-06-10 22:26:49','our',7,'@kostja_ponomarev',0,0,0,1358,1895,1897,1902,1902,'up',NULL,NULL,NULL,NULL),(974,6,17,NULL,NULL,NULL,1262603427,0,'2022-06-03 22:27:41',NULL,'our',7,NULL,10,0,0,1358,1895,1898,1908,1908,'up',NULL,NULL,NULL,NULL),(975,6,17,NULL,NULL,233,1262603427,0,'2022-06-03 22:28:22','2022-06-10 22:28:52','our',7,'@kostja_ponomarev',10,0,0,1358,1895,1897,1903,1903,'up',NULL,NULL,NULL,NULL),(976,6,17,NULL,NULL,NULL,1262603427,0,'2022-06-03 22:29:17',NULL,'our',7,NULL,0,0,0,1358,1896,1901,NULL,1901,'up',NULL,NULL,NULL,NULL),(977,6,17,NULL,NULL,NULL,1262603427,0,'2022-06-03 22:29:33',NULL,'our',7,NULL,10,0,0,1358,1896,1901,NULL,1901,'up',NULL,NULL,NULL,NULL),(978,6,17,NULL,NULL,NULL,1262603427,0,'2022-06-03 22:29:45',NULL,'our',7,NULL,0,0,0,1358,1896,1900,NULL,1896,'up',NULL,NULL,NULL,NULL),(979,6,17,NULL,NULL,NULL,1262603427,0,'2022-06-03 22:30:05',NULL,'our',7,NULL,0,0,0,1358,1911,1900,NULL,1911,'up',NULL,NULL,NULL,NULL),(980,6,17,NULL,NULL,NULL,1262603427,0,'2022-06-03 22:30:27',NULL,'our',7,NULL,0,0,0,1358,1896,1901,NULL,1901,'up',NULL,NULL,NULL,NULL),(982,6,18,NULL,NULL,NULL,1262603427,0,'2022-06-03 22:32:51',NULL,'our',7,NULL,10,0,0,1358,835,NULL,NULL,835,'up',NULL,NULL,NULL,NULL),(983,6,18,NULL,NULL,NULL,1262603427,0,'2022-06-03 22:32:57',NULL,'our',15,NULL,15,0,0,1358,828,NULL,NULL,828,'up',NULL,NULL,NULL,NULL),(984,6,18,NULL,NULL,NULL,1262603427,0,'2022-06-03 22:33:05',NULL,'our',7,NULL,0,0,0,1358,NULL,NULL,NULL,NULL,'up',NULL,NULL,NULL,NULL),(985,6,28,NULL,NULL,NULL,1262603427,0,'2022-06-03 22:33:08',NULL,'our',7,NULL,10,0,0,1358,1728,NULL,NULL,1728,'up',NULL,NULL,NULL,NULL),(986,6,13,NULL,NULL,NULL,1262603427,0,'2022-06-03 22:33:20',NULL,'our',7,NULL,10,0,0,1358,1716,1720,NULL,1720,'up',NULL,NULL,NULL,NULL),(988,6,28,NULL,NULL,NULL,1262603427,0,'2022-06-03 22:35:30',NULL,'our',7,NULL,10,0,0,1358,1728,NULL,NULL,1728,'up',NULL,NULL,NULL,NULL),(989,6,28,NULL,NULL,NULL,1262603427,0,'2022-06-03 22:39:13',NULL,'our',7,NULL,0,0,0,1358,NULL,NULL,NULL,NULL,'up',NULL,NULL,NULL,NULL),(990,6,17,NULL,NULL,NULL,1262603427,0,'2022-06-03 22:39:21',NULL,'our',7,NULL,0,0,0,1358,1895,1897,NULL,1895,'up',NULL,NULL,NULL,NULL),(991,6,17,NULL,NULL,NULL,1262603427,0,'2022-06-03 22:39:27',NULL,'our',7,NULL,0,0,0,1358,1896,NULL,NULL,1896,'up',NULL,NULL,NULL,NULL),(992,6,17,NULL,NULL,NULL,1262603427,0,'2022-06-03 22:39:30',NULL,'our',7,NULL,0,0,0,1358,NULL,NULL,NULL,NULL,'up',NULL,NULL,NULL,NULL),(993,6,28,NULL,NULL,NULL,1262603427,0,'2022-06-03 22:40:37',NULL,'our',7,NULL,0,0,0,1358,NULL,NULL,NULL,NULL,'up',NULL,NULL,NULL,NULL),(995,6,17,NULL,NULL,NULL,5074995601,0,'2022-06-04 00:23:21',NULL,'our',7,NULL,0,0,0,1358,1896,NULL,NULL,1896,'up',NULL,NULL,NULL,NULL),(996,6,17,NULL,NULL,NULL,5074995601,0,'2022-06-04 00:32:11',NULL,'our',15,NULL,15,0,0,1358,1896,1901,NULL,1901,'up',NULL,NULL,NULL,NULL),(997,6,17,NULL,NULL,NULL,5074995601,0,'2022-06-04 00:32:18',NULL,'our',7,NULL,0,0,0,1358,1895,1898,1909,1909,'up',NULL,NULL,NULL,NULL),(998,6,17,NULL,NULL,NULL,5074995601,0,'2022-06-04 00:32:29',NULL,'our',7,NULL,0,0,0,1358,NULL,NULL,NULL,NULL,'up',NULL,NULL,NULL,NULL),(1000,6,17,NULL,NULL,NULL,5074995601,0,'2022-06-04 00:35:34',NULL,'our',15,NULL,15,0,0,1358,1896,1901,NULL,1901,'up',NULL,NULL,NULL,NULL),(1001,6,17,NULL,NULL,NULL,5074995601,0,'2022-06-04 00:35:41',NULL,'our',7,NULL,0,0,0,1358,NULL,NULL,NULL,NULL,'up',NULL,NULL,NULL,NULL),(1002,6,17,NULL,NULL,NULL,5074995601,0,'2022-06-04 00:35:45',NULL,'our',7,NULL,0,0,0,1358,1895,1898,1909,1909,'up',NULL,NULL,NULL,NULL),(1003,6,17,NULL,NULL,NULL,5074995601,0,'2022-06-04 00:35:53',NULL,'our',7,NULL,0,0,0,1358,1896,1900,NULL,1896,'up',NULL,NULL,NULL,NULL),(1004,6,17,NULL,NULL,NULL,5074995601,0,'2022-06-04 00:36:07',NULL,'our',7,NULL,0,0,0,1358,NULL,NULL,NULL,NULL,'up',NULL,NULL,NULL,NULL),(1005,6,13,NULL,NULL,NULL,5074995601,0,'2022-06-04 00:36:11',NULL,'our',7,NULL,10,0,0,1358,1717,410,NULL,410,'up',NULL,NULL,NULL,NULL),(1006,6,13,NULL,NULL,NULL,5074995601,0,'2022-06-04 00:36:18',NULL,'our',7,NULL,0,0,0,1358,NULL,NULL,NULL,NULL,'up',NULL,NULL,NULL,NULL),(1008,6,28,NULL,NULL,NULL,5074995601,0,'2022-06-04 00:36:43',NULL,'our',15,NULL,15,0,0,1358,1727,NULL,NULL,1727,'up',NULL,NULL,NULL,NULL),(1009,6,12,NULL,NULL,NULL,5074995601,0,'2022-06-05 10:19:38',NULL,'our',15,NULL,15,0,0,1358,334,337,1732,334,'up',NULL,NULL,NULL,NULL),(1010,6,12,NULL,NULL,NULL,5074995601,0,'2022-06-05 10:25:28',NULL,'our',7,NULL,0,0,0,1358,NULL,NULL,NULL,NULL,'up',NULL,NULL,NULL,NULL),(1012,6,28,NULL,NULL,NULL,5074995601,0,'2022-06-05 10:31:41',NULL,'my',15,NULL,15,0,0,1358,1727,NULL,NULL,1727,'up',NULL,NULL,NULL,NULL),(1013,6,28,NULL,NULL,NULL,5074995601,0,'2022-06-05 10:31:50',NULL,'our',15,NULL,15,0,0,1358,1728,NULL,NULL,1728,'up',NULL,NULL,NULL,NULL),(1014,6,28,NULL,NULL,NULL,5074995601,0,'2022-06-05 10:32:08',NULL,'our',15,NULL,15,0,0,1358,1728,NULL,NULL,1728,'up',NULL,NULL,NULL,NULL),(1015,6,28,NULL,NULL,NULL,5074995601,0,'2022-06-05 10:32:14',NULL,'our',15,NULL,15,0,0,1358,1727,NULL,NULL,1727,'up',NULL,NULL,NULL,NULL),(1016,6,28,NULL,NULL,NULL,5074995601,0,'2022-06-05 10:32:21',NULL,'our',7,NULL,0,0,0,1358,NULL,NULL,NULL,NULL,'up',NULL,NULL,NULL,NULL),(1017,6,13,NULL,NULL,NULL,5074995601,0,'2022-06-05 10:33:07',NULL,'our',15,NULL,15,0,0,1358,1716,1723,NULL,1723,'up',NULL,NULL,NULL,NULL),(1018,6,13,NULL,NULL,NULL,5074995601,0,'2022-06-05 10:33:32',NULL,'our',7,NULL,0,0,0,1358,NULL,NULL,NULL,NULL,'up',NULL,NULL,NULL,NULL),(1019,6,28,NULL,NULL,NULL,5074995601,0,'2022-06-05 10:33:34',NULL,'our',15,NULL,15,0,0,1358,1728,NULL,NULL,1728,'up',NULL,NULL,NULL,NULL),(1020,6,28,NULL,NULL,NULL,5074995601,0,'2022-06-05 10:33:44',NULL,'our',15,NULL,15,0,0,1358,1727,NULL,NULL,1727,'up',NULL,NULL,NULL,NULL),(1021,6,28,NULL,NULL,NULL,5074995601,0,'2022-06-05 10:34:17',NULL,'our',7,NULL,0,0,0,1358,NULL,NULL,NULL,NULL,'up',NULL,NULL,NULL,NULL),(1022,6,28,NULL,NULL,NULL,5074995601,0,'2022-06-05 10:34:19',NULL,'our',7,NULL,0,0,0,1358,1728,NULL,NULL,1728,'up',NULL,NULL,NULL,NULL),(1023,6,28,NULL,NULL,NULL,5074995601,0,'2022-06-05 10:34:26',NULL,'our',15,NULL,15,0,0,1358,1727,NULL,NULL,1727,'up',NULL,NULL,NULL,NULL),(1024,6,28,NULL,NULL,NULL,5074995601,0,'2022-06-05 10:34:30',NULL,'our',7,NULL,0,0,0,1358,NULL,NULL,NULL,NULL,'up',NULL,NULL,NULL,NULL),(1025,6,28,NULL,NULL,NULL,5074995601,0,'2022-06-05 10:34:39',NULL,'our',15,NULL,15,0,0,1358,1728,NULL,NULL,1728,'up',NULL,NULL,NULL,NULL),(1026,6,28,NULL,NULL,NULL,5074995601,0,'2022-06-05 10:34:47',NULL,'our',7,NULL,0,0,0,1358,NULL,NULL,NULL,NULL,'up',NULL,NULL,NULL,NULL),(1027,6,28,NULL,NULL,NULL,5074995601,0,'2022-06-05 10:34:49',NULL,'our',15,NULL,15,0,0,1358,1727,NULL,NULL,1727,'up',NULL,NULL,NULL,NULL),(1028,6,28,NULL,NULL,NULL,5074995601,0,'2022-06-05 10:34:57',NULL,'our',7,NULL,0,0,0,1358,NULL,NULL,NULL,NULL,'up',NULL,NULL,NULL,NULL),(1029,6,17,NULL,NULL,NULL,5074995601,0,'2022-06-05 10:37:04',NULL,'our',15,NULL,15,0,0,1358,1911,1900,NULL,1911,'up',NULL,NULL,NULL,NULL),(1030,6,17,NULL,NULL,NULL,5074995601,0,'2022-06-05 10:37:28',NULL,'our',7,NULL,0,0,0,1358,NULL,NULL,NULL,NULL,'up',NULL,NULL,NULL,NULL),(1031,6,17,NULL,NULL,NULL,5074995601,0,'2022-06-05 10:44:07',NULL,'our',15,'@kukrin_alex',15,0,0,1358,1895,1897,1905,1895,'up',NULL,NULL,NULL,NULL),(1032,6,17,NULL,NULL,NULL,1262603427,0,'2022-06-05 13:53:20',NULL,'our',7,NULL,0,0,0,1358,1895,1897,1904,1904,'up',NULL,NULL,NULL,NULL),(1033,6,17,NULL,NULL,NULL,1262603427,0,'2022-06-05 13:53:29',NULL,'our',7,NULL,0,0,0,1358,1896,1901,NULL,1896,'up',NULL,NULL,NULL,NULL),(1034,6,17,NULL,NULL,NULL,5074995601,0,'2022-06-05 13:53:57',NULL,'our',7,NULL,0,0,0,1358,1896,1901,NULL,1896,'up',NULL,NULL,NULL,NULL),(1035,6,17,NULL,NULL,NULL,1262603427,0,'2022-06-05 13:54:00',NULL,'our',7,NULL,0,0,0,1358,NULL,NULL,NULL,NULL,'up',NULL,NULL,NULL,NULL),(1036,6,17,NULL,NULL,NULL,1262603427,0,'2022-06-05 13:54:08',NULL,'our',7,NULL,0,0,0,1358,1911,1900,NULL,1911,'up',NULL,NULL,NULL,NULL),(1037,6,17,NULL,NULL,NULL,5074995601,0,'2022-06-05 13:55:06',NULL,'our',7,NULL,0,0,0,1358,1895,1897,1905,1895,'up',NULL,NULL,NULL,NULL),(1038,6,17,NULL,NULL,NULL,5074995601,0,'2022-06-05 13:55:29',NULL,'our',7,NULL,0,0,0,1358,1916,1901,NULL,1916,'up',NULL,NULL,NULL,NULL),(1040,6,19,NULL,NULL,NULL,1262603427,0,'2022-06-05 14:00:11',NULL,'our',7,NULL,0,0,0,1358,NULL,NULL,NULL,NULL,'up',NULL,NULL,NULL,NULL),(1041,6,28,NULL,NULL,NULL,1262603427,0,'2022-06-05 14:00:14',NULL,'our',7,NULL,10,0,0,1358,1727,NULL,NULL,1727,'up',NULL,NULL,NULL,NULL),(1042,6,28,NULL,NULL,NULL,5074995601,0,'2022-06-05 14:00:16',NULL,'our',7,NULL,0,0,0,1358,NULL,NULL,NULL,NULL,'up',NULL,NULL,NULL,NULL),(1043,6,17,NULL,NULL,NULL,5074995601,0,'2022-06-05 14:00:20',NULL,'our',15,NULL,15,0,0,1358,1914,1901,NULL,1914,'up',NULL,NULL,NULL,NULL),(1045,6,17,NULL,NULL,NULL,1262603427,0,'2022-06-05 14:00:57',NULL,'our',7,NULL,10,0,0,1358,1914,1901,NULL,1914,'up',NULL,NULL,NULL,NULL),(1046,6,17,NULL,NULL,NULL,1262603427,0,'2022-06-05 14:01:26',NULL,'our',7,NULL,10,0,0,1358,1916,1901,NULL,1916,'up',NULL,NULL,NULL,NULL),(1047,6,28,NULL,NULL,NULL,5074995601,0,'2022-06-05 14:02:36',NULL,'our',7,NULL,0,0,0,1358,NULL,NULL,NULL,NULL,'up',NULL,NULL,NULL,NULL),(1048,6,17,NULL,NULL,NULL,5074995601,0,'2022-06-05 14:02:42',NULL,'our',15,NULL,15,0,0,1358,1916,1901,NULL,1916,'up',NULL,NULL,NULL,NULL),(1049,14,20,NULL,NULL,NULL,5074995601,0,'2022-06-05 22:15:42',NULL,'our',7,NULL,0,0,0,1358,NULL,NULL,NULL,NULL,'up',NULL,NULL,NULL,NULL),(1050,14,20,NULL,NULL,NULL,5074995601,0,'2022-06-05 22:16:46',NULL,'our',7,NULL,0,0,0,1358,NULL,NULL,NULL,NULL,'up',NULL,NULL,NULL,NULL);
/*!40000 ALTER TABLE `ads` ENABLE KEYS */;
UNLOCK TABLES;

--
-- Table structure for table `ads_photos`
--

DROP TABLE IF EXISTS `ads_photos`;
/*!40101 SET @saved_cs_client     = @@character_set_client */;
/*!50503 SET character_set_client = utf8mb4 */;
CREATE TABLE `ads_photos` (
  `photo_id` int NOT NULL AUTO_INCREMENT,
  `create_datetime` datetime DEFAULT CURRENT_TIMESTAMP,
  `ad_id` int DEFAULT NULL,
  `photo_link` varchar(255) DEFAULT NULL,
  `media_group_id` bigint DEFAULT NULL,
  PRIMARY KEY (`photo_id`)
) ENGINE=InnoDB AUTO_INCREMENT=102 DEFAULT CHARSET=utf8mb4 COLLATE=utf8mb4_0900_ai_ci;
/*!40101 SET character_set_client = @saved_cs_client */;

--
-- Dumping data for table `ads_photos`
--

LOCK TABLES `ads_photos` WRITE;
/*!40000 ALTER TABLE `ads_photos` DISABLE KEYS */;
INSERT INTO `ads_photos` VALUES (18,'2022-01-02 10:13:41',101,'https://telegra.ph/file/4e1bfd096190901f6bd1d.jpg',13128860961073578),(19,'2022-01-02 10:13:41',101,'https://telegra.ph/file/bddb9085461d56151a394.jpg',NULL),(20,'2022-01-02 10:50:17',102,'https://telegra.ph/file/8515e78fa1d8098c4e6de.jpg',13128878534937114),(21,'2022-01-02 10:50:18',102,'https://telegra.ph/file/1e5385355cfef0b679b79.jpg',NULL),(31,'2022-01-04 09:05:12',148,'https://telegra.ph/file/a0ebca82bcac7eada6d88.jpg',13130210494517890),(32,'2022-01-04 09:05:14',148,'https://telegra.ph/file/9e44c376237404059716c.jpg',NULL),(40,'2022-01-20 14:13:31',395,'https://telegra.ph/file/4425d15e1ebef80ceb1e3.jpg',NULL),(47,'2022-02-23 17:21:19',465,'https://telegra.ph/file/17a3fb24032b4e2fc8c8f.jpg',13165008628837890),(48,'2022-02-23 17:21:19',465,'https://telegra.ph/file/69dc3c1834a8229b0326e.jpg',NULL),(49,'2022-02-23 17:21:30',465,'https://telegra.ph/file/b09d9d82f8f7050b03001.jpg',NULL),(85,'2022-04-13 16:32:50',501,'https://telegra.ph/file/59d8c83dcd90c74cecdbe.jpg',NULL),(86,'2022-04-13 16:32:51',501,'https://telegra.ph/file/5a09278b028743de954bb.jpg',NULL),(87,'2022-04-13 16:35:11',501,'https://telegra.ph/file/6020a1e1ec877ceb7dd52.jpg',13198855287522706),(88,'2022-04-13 16:35:12',501,'https://telegra.ph/file/cc78f1992b0612fcf18e6.jpg',NULL),(89,'2022-04-13 16:38:35',502,'https://telegra.ph/file/ae9b76c601d4c8b6809f7.jpg',13198856918492442),(90,'2022-04-13 16:38:36',502,'https://telegra.ph/file/d3db2c5fdb5740f011905.jpg',NULL),(91,'2022-04-13 16:38:37',502,'https://telegra.ph/file/24ce6903dbe5c1a9fe765.jpg',NULL),(92,'2022-04-19 02:26:56',503,'https://telegra.ph/file/44beb30010cc7b59393fd.jpg',NULL),(100,'2022-05-13 00:20:28',703,'https://telegra.ph/file/3e1a022280dca484d4598.jpg',NULL),(101,'2022-05-13 00:22:49',705,'https://telegra.ph/file/4ea25e37bc1fb9ddf082a.jpg',NULL);
/*!40000 ALTER TABLE `ads_photos` ENABLE KEYS */;
UNLOCK TABLES;

--
-- Table structure for table `all_cities`
--

DROP TABLE IF EXISTS `all_cities`;
/*!40101 SET @saved_cs_client     = @@character_set_client */;
/*!50503 SET character_set_client = utf8mb4 */;
CREATE TABLE `all_cities` (
  `city_id` int NOT NULL AUTO_INCREMENT,
  `city_name` varchar(511) DEFAULT NULL,
  `city_area` varchar(511) DEFAULT NULL,
  `city_population` int DEFAULT '0',
  `city_latitude` double DEFAULT '0',
  `city_longitude` double DEFAULT '0',
  `is_city` tinyint(1) DEFAULT '0',
  `timezone` int DEFAULT '3',
  PRIMARY KEY (`city_id`)
) ENGINE=InnoDB AUTO_INCREMENT=29337 DEFAULT CHARSET=utf8mb4 COLLATE=utf8mb4_0900_ai_ci;
/*!40101 SET character_set_client = @saved_cs_client */;

--
-- Dumping data for table `all_cities`
--

LOCK TABLES `all_cities` WRITE;
/*!40000 ALTER TABLE `all_cities` DISABLE KEYS */;
INSERT INTO `all_cities` VALUES (1120,'',' ',16968,55.72,53.1013888888889,1,3),(1121,'',' ',26805,51.6872222222222,39.0272222222222,1,3),(1122,'',' ',36255,54.6308333333333,21.8194444444444,1,2),(1123,'',' ',23523,55.2144444444444,75.9741666666667,1,6),(1124,'',' ',20157,50.3466666666667,106.453333333333,1,8),(1125,'',' ',41870,54.8344444444444,38.1511111111111,1,3),(1126,'',' ',38988,56.6177777777778,57.7705555555556,1,5),(1127,'',' ',30969,55.4852777777778,54.8733333333333,1,5),(1128,' ',' ',17387,58.0747222222222,60.7025,1,5),(1129,'',' ',74252,56.0119444444444,37.475,1,3),(1130,'',' ',31265,59.0144444444444,54.6641666666667,1,5),(1131,'',' ',49229,43.8475,46.7116666666667,1,3),(1132,'',' ',32754,55.9405555555556,98.0030555555556,1,8),(1133,'',' ',32488,44.8505555555556,34.9761111111111,1,1),(1135,'',' ',48669,53.6522222222222,52.4325,1,5),(1136,'',' ',75623,56.0869444444444,63.6297222222222,1,5),(1138,'',' ',53864,58.0783333333333,55.7363888888889,1,5),(1139,'',' ',38747,50.63,38.6880555555556,1,3),(1140,'',' ',20044,52.5913888888889,58.3111111111111,1,5),(1141,'',' ',33433,50.2111111111111,38.1,1,3),(1142,'','   - ',19412,43.1755555555556,44.2955555555556,1,3),(1143,'','  ()',56888,56.6611111111111,124.718888888889,1,9),(1144,'--',' ',24092,48.6927777777778,43.5241666666667,1,3),(1145,'',' ',11063,51.5347222222222,92.92,1,7),(1146,'',' ',29108,55.86,37.1205555555556,1,3),(1147,'',' ',42214,55.0405555555556,59.0288888888889,1,5),(1148,'',' ',18768,53.6777777777778,53.6472222222222,1,5),(1150,'',' ',45482,55.5069444444444,47.4916666666667,1,3),(1152,'',' ',115029,55.1119444444444,36.5866666666667,1,3),(1153,'',' ',13136,51.8494444444444,116.033611111111,1,9),(1154,' ',' ',20217,58.6311111111111,59.8522222222222,1,5),(1157,'',' ',25747,54.3438888888889,41.9208333333333,1,3),(1158,'',' ',11037,53.4488888888889,36.0022222222222,1,3),(1159,'',' ',20610,53.5211111111111,87.2772222222222,1,7),(1160,'',' ',467289,54.7,20.45,1,2),(1161,'',' ',18817,48.7066666666667,44.5630555555556,1,3),(1162,'',' ',34967,54.8925,61.3930555555556,1,5),(1163,'',' ',16235,60.6944444444444,60.4244444444444,1,5),(1164,'',' ',42454,53.5986111111111,87.3369444444444,1,7),(1165,'',' ',41133,44.4583333333333,39.73,1,3),(1167,'',' ',27062,60.1533333333333,59.9525,1,5),(1168,'',' ',35111,55.9141666666667,36.8605555555556,1,3),(1169,'',' ',16229,52.6505555555556,42.7286111111111,1,3),(1170,'',' ',28832,67.615,33.6636111111111,1,3),(1171,'',' ',65809,50.9213888888889,128.473888888889,1,9),(1172,'',' ',23260,58.3113888888889,82.9027777777778,1,6),(1173,'',' ',10705,61.5730555555556,31.4713888888889,1,3),(1174,'-',' ',41131,45.2166666666667,39.6944444444444,1,3),(1175,'',' ',291663,52.7297222222222,41.4486111111111,1,3),(1176,'',' ',25015,43.1280555555556,133.126388888889,1,10),(1177,'',' ',119788,45.1905555555556,33.3669444444444,1,1),(1178,'',' ',168735,53.1558333333333,48.4744444444444,1,3),(1179,'-',' ',23137,56.5847222222222,104.114166666667,1,8),(1180,'',' ',116983,51.7191666666667,94.4377777777778,1,7),(1181,'--',' ',40795,53.7913888888889,81.3544444444444,1,7),(1184,'',' ',82743,45.1297222222222,42.0288888888889,1,3),(1185,'',' ',32920,55.1547222222222,124.729166666667,1,9),(1186,'',' ',55361,53.1419444444444,38.1166666666667,1,3),(1188,'',' ',15587,60.4127777777778,57.0833333333333,1,5),(1189,'',' ',32766,57.5266666666667,38.3263888888889,1,3),(1190,'',' ',26483,53.5972222222222,34.3397222222222,1,3),(1191,'',' ',57683,54.0022222222222,37.5175,1,3),(1192,'',' ',14240,57.8852777777778,54.7161111111111,1,5),(1193,'',' ',65338,57.0269444444444,61.4594444444444,1,5),(1194,'-',' ',200854,46.9591666666667,142.738055555556,1,11),(1195,'-','-',405308,59.9391666666667,30.3158333333333,1,3),(1196,' ',' ',231864,51.2980555555556,37.8333333333333,1,3),(1197,'-',' ',16864,51.275,108.846666666667,1,9),(1198,'',' ',522317,53.2,45,1,3),(1200,'',' ',81335,47.1122222222222,39.4233333333333,1,3),(1202,'',' ',52767,44.1622222222222,133.269722222222,1,10),(1203,'',' ',83486,56.7780555555556,54.1477777777778,1,5),(1204,'',' ',58068,59.6441666666667,33.5422222222222,1,3),(1205,'',' ',117868,44.6383333333333,41.9361111111111,1,3),(1206,'',' ',11419,54.9366666666667,48.8313888888889,1,3),(1207,'',' ',12834,56.5836111111111,42.0119444444444,1,3),(1209,' ',' ',111179,56.3161111111111,38.1344444444444,1,3),(1210,'',' ',81027,53.1125,46.6008333333333,1,3),(1211,'',' ',15493,54.96,20.4752777777778,1,2),(1212,'',' ',11685,54.8547222222222,58.4227777777778,1,5),(1213,'',' ',356168,56.1333333333333,40.4166666666667,1,3),(1214,'',' ',10384,57.4916666666667,42.1375,1,3),(1215,'',' ',19416,61.6697222222222,40.2044444444444,1,3),(1216,'',' ',20773,57.3452777777778,28.3438888888889,1,3),(1217,'',' ',29249,52.4922222222222,82.7794444444445,1,7),(1218,'',' ',16093,55.3141666666667,89.8333333333333,1,7),(1220,'','',216709,55.7538888888889,37.6202777777778,1,3),(1221,'',' ',123720,42.0577777777778,48.2888888888889,1,3),(1222,'',' ',20955,56.1208333333333,101.170277777778,1,8),(1223,'',' ',34420,43.2047222222222,46.8669444444444,1,3),(1224,'',' ',15759,53.6533333333333,47.1180555555556,1,3),(1225,'',' ',168766,47.4119444444444,40.1041666666667,1,3),(1228,'',' ',17059,58.3811111111111,42.3472222222222,1,3),(1229,'',' ',58221,50.0708333333333,43.24,1,3),(1231,'',' ',16539,52.9291666666667,33.4541666666667,1,3),(1232,'',' ',623479,52.2863888888889,104.280555555556,1,8),(1233,'',' ',561686,51.7683333333333,55.0969444444444,1,5),(1234,'',' ',39101,59.5341666666667,30.8580555555556,1,3),(1235,' ',' ',46211,57.5683333333333,34.5402777777778,1,3),(1236,'',' ',38014,65.1483333333333,57.2238888888889,1,3),(1237,'',' ',28044,53.6497222222222,52.1236111111111,1,3),(1238,'',' ',61012,54.4222222222222,86.3036111111111,1,7),(1239,'',' ',348343,64.5430555555556,40.5372222222222,1,3),(1240,'',' ',87314,55.7605555555556,37.8552777777778,1,3),(1241,'',' ',138552,56.3636111111111,41.3111111111111,1,3),(1243,'',' ',26012,54.6055555555556,86.2808333333333,1,7),(1244,'',' ',180050,55.6338888888889,51.8091666666667,1,3),(1245,'',' ',33645,46.6338888888889,142.780277777778,1,11),(1246,'',' ',60479,45.0572222222222,34.6,1,1),(1247,'',' ',14718,55.825,47.39,1,3),(1248,'',' ',96361,56.4772222222222,53.8191666666667,1,3),(1249,'',' ',23578,51.9769444444444,42.2530555555556,1,3),(1250,'-','  ',268277,56.6344444444444,47.9,1,3),(1251,' ',' ',10206,58.8458333333333,32.2177777777778,1,3),(1252,'',' ',19790,57.6763888888889,46.6127777777778,1,3),(1254,'',' ',11249,55.5688888888889,71.3502777777778,1,6),(1255,'',' ',318578,54.1872222222222,45.1836111111111,1,3),(1256,'',' ',16294,50.5297222222222,42.6666666666667,1,3),(1257,'',' ',10321,51.1580555555556,82.1872222222222,1,7),(1258,'',' ',28526,52.3138888888889,45.39,1,3),(1259,'',' ',29311,56.7763888888889,62.0463888888889,1,5),(1260,'',' ',14179,54.8675,43.8013888888889,1,3),(1264,'','  ()',11960,66.4086111111111,112.298888888889,1,9),(1265,'','   - ',36763,43.0416666666667,44.22,1,3),(1266,'',' ',61761,55.3722222222222,50.6436111111111,1,3),(1267,'',' ',15824,57.3805555555556,41.2808333333333,1,3),(1268,'',' ',68410,54.6,53.695,1,5),(1269,'',' ',57917,56.3563888888889,44.0644444444444,1,3),(1270,'',' ',15663,69.1988888888889,33.4508333333333,1,3),(1271,'',' ',280466,57.7677777777778,40.9263888888889,1,3),(1272,'',' ',24950,44.1319444444444,43.0305555555556,1,3),(1273,'',' ',29381,64.5891666666667,30.6016666666667,1,3),(1274,'',' ',16866,60.9127777777778,34.1569444444444,1,3),(1275,' ',' ',28464,57.9908333333333,31.3555555555556,1,3),(1276,'',' ',22964,55.5619444444444,36.7038888888889,1,3),(1278,'',' ',12770,57.2402777777778,37.855,1,3),(1280,'',' ',11352,54.9516666666667,20.2277777777778,1,2),(1282,'',' ',17416,55.9055555555556,94.9022222222222,1,7),(1283,'',' ',50144,58.3883333333333,33.9138888888889,1,3),(1284,'',' ',69041,56.4958333333333,60.2366666666667,1,5),(1285,'',' ',104237,54.7583333333333,83.1072222222222,1,6),(1286,'',' ',216639,55.9222222222222,37.8544444444444,1,3),(1288,'',' ',18435,51.6869444444444,35.28,1,3),(1290,' ',' ',27879,56.0486111111111,60.2319444444444,1,5),(1291,'',' ',81447,44.895,37.3163888888889,1,3),(1293,'',' ',26673,53.7341666666667,78.0425,1,6),(1294,'',' ',30772,53.77,38.1225,1,3),(1295,' ',' ',524444,55.7436111111111,52.3958333333333,1,3),(1296,'',' ',11604,64.9544444444444,34.595,1,3),(1297,'',' ',47312,59.3741666666667,28.6113888888889,1,3),(1298,'',' ',73769,53.4119444444444,83.9311111111111,1,7),(1299,'',' ',603961,57.6263888888889,39.8933333333333,1,3),(1300,'',' ',141970,44.6097222222222,40.1005555555556,1,3),(1301,' ',' ',37918,43.1111111111111,132.348055555556,1,10),(1302,'',' ',10340,55.1972222222222,36.5952777777778,1,3),(1304,'',' ',31174,51.7133333333333,46.74,1,3),(1306,'',' ',24062,50.8352777777778,40.5847222222222,1,3),(1307,'',' ',59328,56.3977777777778,38.7275,1,3),(1308,'',' ',15666,57.1458333333333,33.1116666666667,1,3),(1309,'',' ',298096,68.9694444444444,33.0744444444444,1,3),(1311,'',' ',10697,59.34,52.2413888888889,1,3),(1312,'',' ',23373,51.4786111111111,57.3611111111111,1,5),(1313,'',' ',10968,55.0316666666667,36.7463888888889,1,3),(1314,'',' ',29071,55.5002777777778,46.4247222222222,1,3),(1315,'-',' ',13630,51.1786111111111,90.5986111111111,1,7),(1316,'',' ',18052,52.9252777777778,78.5727777777778,1,7),(1319,'',' ',15264,51.0369444444444,59.8744444444444,1,5),(1320,'',' ',34205,51.465,58.4436111111111,1,5),(1321,'-',' ',41539,44.5977777777778,132.8175,1,10),(1322,'',' ',39198,53.1830555555556,158.388333333333,1,11),(1323,'',' ',492331,56.1386111111111,47.24,1,3),(1324,'','   - ',37029,43.1938888888889,44.5338888888889,1,3),(1325,'',' ',25727,53.9697222222222,38.5380555555556,1,3),(1326,'',' ',37480,55.7061111111111,60.5563888888889,1,5),(1327,'',' ',27157,56.1616666666667,38.8719444444444,1,3),(1328,'',' ',61821,61.2522222222222,46.6475,1,3),(1329,'',' ',41770,45.4641666666667,39.4588888888889,1,3),(1330,'-',' ',430186,51.8344444444444,107.584444444444,1,8),(1331,'',' ',28342,54.5919444444444,22.2011111111111,1,2),(1332,'',' ',33971,54.9011111111111,99.0263888888889,1,8),(1333,'',' ',58680,46.4752777777778,41.5411111111111,1,3),(1334,'',' ',63071,53.9677777777778,38.3372222222222,1,3),(1336,'','-   - ',28087,61.3697222222222,63.5605555555556,1,5),(1338,'--',' ',63283,45.2605555555556,38.1261111111111,1,3),(1339,'-',' ',61221,43.1275,45.5405555555556,1,3),(1341,'',' ',66332,48.0583333333333,39.9402777777778,1,3),(1342,'',' ',418241,53.4072222222222,58.9791666666667,1,5),(1344,'',' ',17112,58.3286111111111,44.7572222222222,1,3),(1345,'',' ',42241,55.2988888888889,52.0063888888889,1,3),(1346,'',' ',38551,45.3686111111111,41.7086111111111,1,3),(1348,'',' ',24555,57.4544444444444,40.5725,1,3),(1350,'-',' ',22550,55.8713888888889,38.2005555555556,1,3),(1351,' ',' ',37639,44.6344444444444,39.1355555555556,1,3),(1352,'',' ',42504,50.0930555555556,118.0325,1,9),(1354,'',' ',65080,42.8213888888889,47.1163888888889,1,3),(1355,'',' ',58628,45.8547222222222,40.1258333333333,1,3),(1356,'',' ',42767,52.6538888888889,41.8741666666667,1,3),(1357,'',' ',12711,56.3488888888889,40.9955555555556,1,3),(1358,'',' ',18429,50.4241666666667,41.0161111111111,1,3),(1359,'',' ',17916,52.7972222222222,51.1638888888889,1,3),(1360,'',' ',1515832,56.8386111111111,60.6055555555556,1,5),(1363,'',' ',46608,52.4836111111111,39.9577777777778,1,3),(1364,'',' ',322042,55.4544444444444,65.3219444444444,1,5),(1366,'',' ',277111,61.7891666666667,34.3597222222222,1,3),(1367,'',' ',188414,52.0222222222222,47.7827777777778,1,3),(1369,'',' ',11641,51.5822222222222,116.638055555556,1,9),(1370,'',' ',25800,54.8538888888889,38.5597222222222,1,3),(1371,'',' ',10037,61.5052777777778,38.9472222222222,1,3),(1372,'',' ',12932,45.3930555555556,47.3433333333333,1,3),(1374,'','  ',74777,48.7947222222222,132.921666666667,1,10),(1375,'','  ',54177,55.8622222222222,48.3713888888889,1,3),(1376,'',' ',47709,55.0686111111111,32.6897222222222,1,3),(1377,'',' ',12818,53.4555555555556,34.4158333333333,1,3),(1378,'',' ',21505,56.2522222222222,37.9786111111111,1,3),(1379,'',' ',1618039,55.0283333333333,82.9233333333333,1,6),(1381,'',' ',29751,55.4044444444444,49.55,1,3),(1382,'',' ',18978,54.0391666666667,43.9191666666667,1,3),(1383,'',' ',12927,53.8113888888889,36.13,1,3),(1384,'',' ',18483,46.8494444444444,40.3127777777778,1,3),(1385,'',' ',53957,43.3519444444444,46.1036111111111,1,3),(1387,'',' ',1054111,51.6616666666667,39.2002777777778,1,3),(1389,'',' ',11462,56.6794444444444,43.0680555555556,1,3),(1390,'',' ',26221,43.9575,43.6319444444444,1,3),(1392,'',' ',335017,54.5358333333333,36.2483333333333,1,3),(1394,'',' ',24542,50.4533333333333,40.1369444444444,1,3),(1395,'',' ',10814,53.0141666666667,32.3941666666667,1,3),(1396,'',' ',11118,46.6902777777778,47.8536111111111,1,3),(1397,'',' ',37620,56.6405555555556,43.3872222222222,1,3),(1398,'',' ',33083,58.4697222222222,56.4130555555556,1,5),(1399,'',' ',744554,57.1536111111111,65.5422222222222,1,5),(1400,'',' ',171471,47.5166666666667,42.1983333333333,1,3),(1401,'',' ',32885,55.5777777777778,39.5444444444444,1,3),(1402,'',' ',29275,44.6763888888889,34.41,1,1),(1403,'',' ',14023,54.3541666666667,38.2644444444444,1,3),(1404,'',' ',86123,44.4952777777778,34.1663888888889,1,1),(1405,'',' ',56752,55.5572222222222,37.7086111111111,1,3),(1407,'',' ',50759,56.0852777777778,60.7325,1,5),(1408,'',' ',25830,48.3511111111111,41.8308333333333,1,3),(1409,'',' ',22468,44.4122222222222,39.5319444444444,1,3),(1410,'','-   - ',48348,61.0319444444444,76.1025,1,5),(1411,'',' ',225810,50.2905555555556,127.527222222222,1,9),(1412,'',' ',45919,55.1069444444444,33.24,1,3),(1413,'',' ',42581,67.9383333333333,32.9358333333333,1,3),(1415,'',' ',31031,57.8766666666667,35.005,1,3),(1416,'','- ',122478,44.2266666666667,42.0466666666667,1,3),(1417,'',' ',40905,52.0158333333333,48.7972222222222,1,3),(1418,'',' ',36589,59.4608333333333,40.1,1,3),(1419,'',' ',50296,47.2697222222222,39.8625,1,3),(1421,'-',' ',45058,58.5561111111111,50.0316666666667,1,3),(1422,'',' ',66816,54.8869444444444,38.0772222222222,1,3),(1423,'',' ',18035,47.4094444444444,47.2519444444444,1,3),(1424,'',' ',19844,56.5263888888889,52.9952777777778,1,3),(1425,'',' ',235492,47.7086111111111,40.2158333333333,1,3),(1426,' ',' ',29401,42.1152777777778,48.1938888888889,1,3),(1427,'',' ',28831,66.0366666666667,60.1152777777778,1,3),(1428,'',' ',39914,54.9777777777778,60.37,1,5),(1429,'',' ',18321,52.5852777777778,32.7602777777778,1,3),(1430,'',' ',10070,54.5761111111111,33.1794444444444,1,3),(1431,'',' ',18507,42.9708333333333,132.411111111111,1,10),(1433,' ',' ',63711,55.7794444444444,38.6513888888889,1,3),(1434,'',' ',10236,56.2652777777778,54.1944444444444,1,3),(1435,'',' ',14626,48.6936111111111,45.1991666666667,1,3),(1436,'','-   - ',276503,60.9397222222222,76.5697222222222,1,5),(1438,'','  ()',19958,58.6030555555556,125.384444444444,1,9),(1439,'',' ',13706,68.8786111111111,33.0261111111111,1,3),(1442,'',' ',32989,55.0119444444444,36.4625,1,3),(1444,'',' ',104736,55.5977777777778,38.1194444444444,1,3),(1445,'',' ',34720,54.8597222222222,53.0744444444444,1,3),(1446,'',' ',17345,58.0394444444444,63.6980555555556,1,5),(1447,'',' ',21272,55.6633333333333,39.8655555555556,1,3),(1448,' ',' ',95606,56.3427777777778,30.5233333333333,1,3),(1449,'',' ',65378,59.7558333333333,60.2061111111111,1,5),(1450,'',' ',14725,59.9444444444444,31.0333333333333,1,3),(1451,'',' ',86050,52.7880555555556,52.2625,1,5),(1452,'',' ',38676,45.7091666666667,34.3883333333333,1,1),(1454,'',' ',100072,55.855,38.4427777777778,1,3),(1456,'',' ',63050,52.7527777777778,32.2338888888889,1,3),(1457,'',' ',18820,48.6072222222222,42.8502777777778,1,3),(1458,'',' ',10034,57.8138888888889,27.6091666666667,1,3),(1459,'',' ',54213,55.3205555555556,42.1680555555556,1,3),(1460,'',' ',22966,54.9091666666667,71.2672222222222,1,6),(1461,'',' ',100499,52.3380555555556,35.3516666666667,1,3),(1463,'',' ',75231,54.0833333333333,61.5597222222222,1,5),(1464,'',' ',44504,54.0583333333333,44.9544444444444,1,3),(1465,'',' ',11238,55.2075,36.4836111111111,1,3),(1467,'',' ',56797,55.2058333333333,34.2980555555556,1,3),(1468,'',' ',29739,54.9947222222222,82.6938888888889,1,6),(1469,'',' ',12841,59.1630555555556,57.5847222222222,1,5),(1470,'',' ',14643,47.6477777777778,42.0930555555556,1,3),(1471,'',' ',103179,52.6191666666667,38.5,1,3),(1472,'',' ',14147,56.4161111111111,38.1722222222222,1,3),(1473,'',' ',41469,43.3102777777778,44.9047222222222,1,3),(1474,'',' ',38082,64.4136111111111,40.8208333333333,1,3),(1475,'',' ',23093,53.7341666666667,127.265833333333,1,9),(1476,'',' ',24948,56.065,85.6311111111111,1,7),(1477,'',' ',96141,63.5625,53.6838888888889,1,3),(1479,'',' ',19981,59.5130555555556,34.1772222222222,1,3),(1480,' ',' ',222594,58.5213888888889,31.2755555555556,1,3),(1481,'',' ',83380,51.1963888888889,58.3016666666667,1,5),(1483,'',' ',50750,59.4505555555556,32.0152777777778,1,3),(1485,'',' ',13254,51.21,36.2675,1,3),(1486,' ',' ',45737,58.0466666666667,60.5561111111111,1,5),(1487,'',' ',124705,47.1383333333333,39.7508333333333,1,3),(1489,'',' ',13695,52.5791666666667,33.7661111111111,1,3),(1490,'',' ',35222,54.3191666666667,59.3786111111111,1,5),(1491,'',' ',27396,55.1775,36.6566666666667,1,3),(1492,'',' ',36635,56.2469444444444,42.1588888888889,1,3),(1495,'',' ',87083,51.2836111111111,37.5347222222222,1,3),(1496,'',' ',58626,55.97,37.9175,1,3),(1497,'',' ',22175,69.4055555555556,86.1777777777778,1,7),(1498,'',' ',24587,46.1058333333333,33.6911111111111,1,1),(1499,'',' ',91464,55.3230555555556,38.6733333333333,1,3),(1500,'','-  ',44600,65.5358333333333,72.5313888888889,1,5),(1501,'',' ',59123,54.1033333333333,54.1111111111111,1,5),(1502,'',' ',35000,58.7325,29.8491666666667,1,3),(1504,'',' ',80585,56.3316666666667,36.7286111111111,1,3),(1505,'',' ',40701,56.655,66.3127777777778,1,5),(1506,'',' ',11198,55.0913888888889,80.9633333333333,1,6),(1507,'',' ',26349,45.9536111111111,33.7922222222222,1,1),(1508,'',' ',12722,54.6544444444444,21.0702777777778,1,2),(1509,'',' ',91623,52.8938888888889,40.4980555555556,1,3),(1510,'','',30182,44.505,33.5983333333333,1,1),(1511,'',' ',15210,52.6516666666667,90.0886111111111,1,7),(1513,'',' ',26859,52.4291666666667,53.1511111111111,1,5),(1515,'',' ',34309,57.2525,41.1061111111111,1,3),(1516,'',' ',24662,57.1072222222222,41.7333333333333,1,3),(1518,'',' ',20984,48.0436111111111,40.1263888888889,1,3),(1520,'',' ',10052,64.5230555555556,34.7666666666667,1,3),(1521,'',' ',78631,45.4347222222222,40.5761111111111,1,3),(1522,'',' ',34761,58.7319444444444,50.1836111111111,1,3),(1523,'',' ',57824,44.9344444444444,37.9855555555556,1,3),(1524,'','  ',11204,55.9738888888889,48.0169444444444,1,3),(1525,'',' ',215494,55.7963888888889,37.9383333333333,1,3),(1526,'','  ()',23237,60.7244444444444,114.928333333333,1,9),(1527,'',' ',57765,43.3622222222222,132.181388888889,1,10),(1528,'',' ',15861,54.0580555555556,57.8311111111111,1,5),(1529,' ',' ',11283,57.3763888888889,59.9516666666667,1,5),(1532,'',' ',25747,56.265,54.9297222222222,1,5),(1533,'',' ',10324,61.0063888888889,36.4494444444444,1,3),(1534,'',' ',14394,59.1211111111111,31.6702777777778,1,3),(1535,'',' ',151157,54.9013888888889,52.2972222222222,1,3),(1536,'',' ',18765,57.9391666666667,55.3286111111111,1,5),(1537,'',' ',61139,58.2216666666667,92.5036111111111,1,7),(1538,'',' ',15133,56.0202777777778,29.9238888888889,1,3),(1540,'',' ',22194,58.0797222222222,54.6580555555556,1,5),(1541,'',' ',225489,52.5441666666667,103.888055555556,1,8),(1542,'',' ',10040,57.1097222222222,50.0058333333333,1,3),(1543,'',' ',17442,53.8580555555556,46.3572222222222,1,3),(1544,'',' ',15622,57.4394444444444,41.1575,1,3),(1545,'--',' ',1125299,47.2225,39.7186111111111,1,3),(1546,'',' ',83053,46.7105555555556,38.2777777777778,1,3),(1547,'',' ',35166,53.1855555555556,43.9947222222222,1,3),(1548,'',' ',546953,54.1938888888889,37.6158333333333,1,3),(1549,'',' ',18196,54.7705555555556,20.6038888888889,1,2),(1551,'',' ',18762,61.7033333333333,30.6916666666667,1,3),(1552,'',' ',326841,48.7977777777778,44.7461111111111,1,3),(1553,'',' ',33089,56.6447222222222,43.4722222222222,1,3),(1554,'',' ',140111,56.0883333333333,54.2480555555556,1,5),(1555,'',' ',58723,56.8519444444444,41.3855555555556,1,3),(1556,'',' ',36224,61.3152777777778,47.1597222222222,1,3),(1558,' ',' ',12528,50.1380555555556,45.2091666666667,1,3),(1559,'',' ',26512,53.1641666666667,48.6705555555556,1,3),(1560,'',' ',38561,55.5391666666667,89.1802777777778,1,7),(1562,'',' ',509420,52.6041666666667,39.5936111111111,1,3),(1563,'',' ',48460,52.2102777777778,104.0975,1,8),(1564,'',' ',987828,45.0402777777778,38.9761111111111,1,3),(1565,'',' ',12812,54.9438888888889,20.1513888888889,1,2),(1566,'',' ',134901,54.0111111111111,38.2908333333333,1,3),(1567,'',' ',34796,45.3583333333333,40.6963888888889,1,3),(1568,'',' ',13214,56.29,37.4844444444444,1,3),(1570,'','-   - ',42511,61.6391666666667,72.1794444444444,1,5),(1571,'',' ',11795,53.2405555555556,39.9669444444444,1,3),(1573,'',' ',35715,53.2211111111111,50.6344444444444,1,3),(1574,'',' ',12889,47.5352777777778,134.755277777778,1,10),(1576,'',' ',26569,56.8466666666667,62.7119444444444,1,5),(1577,'',' ',41230,60.7327777777778,77.6038888888889,1,6),(1578,'',' ',15572,59.0494444444444,57.6538888888889,1,5),(1581,'',' ',83871,57.4425,42.1688888888889,1,3),(1582,'',' ',12948,56.2016666666667,42.6911111111111,1,3),(1583,'',' ',20045,53.7130555555556,46.0827777777778,1,3),(1584,'',' ',54738,53.9472222222222,32.8566666666667,1,3),(1585,'',' ',43454,50.4005555555556,36.8877777777778,1,3),(1587,'',' ',14830,55.5438888888889,42.1886111111111,1,3),(1588,'','-   - ',37422,61.315,63.3319444444444,1,5),(1589,'',' ',30944,57.3383333333333,61.8947222222222,1,5),(1590,'',' ',19324,56.0913888888889,49.8769444444444,1,3),(1591,'',' ',92381,58.14,52.6463888888889,1,3),(1592,'',' ',35639,44.4033333333333,43.8841666666667,1,3),(1593,'',' ',87282,53.4180555555556,56.04,1,5),(1596,'',' ',12398,56.2908333333333,62.58,1,5),(1597,'',' ',11685,47.3261111111111,142.793333333333,1,11),(1598,'',' ',193341,58.0483333333333,38.8583333333333,1,3),(1599,'',' ',11931,57.8519444444444,114.198888888889,1,8),(1600,'',' ',26366,63.5988888888889,53.8763888888889,1,3),(1601,'',' ',101150,45.0319444444444,35.3825,1,1),(1602,'',' ',46597,53.7063888888889,84.9316666666667,1,7),(1604,'',' ',14520,53.7361111111111,119.766111111111,1,9),(1605,'',' ',44743,56.8733333333333,37.3555555555556,1,3),(1606,'',' ',12465,55.0327777777778,44.4933333333333,1,3),(1607,'',' ',32338,55.6597222222222,37.8633333333333,1,3),(1608,'',' ',18535,55.9961111111111,40.3322222222222,1,3),(1609,'',' ',70643,52.9788888888889,49.7136111111111,1,3),(1610,'',' ',23433,56.0358333333333,35.9586111111111,1,3),(1611,'',' ',58745,67.4975,64.0608333333333,1,3),(1612,'',' ',147668,45.3561111111111,36.4672222222222,1,1),(1613,'',' ',37801,54.4422222222222,61.2713888888889,1,5),(1614,'',' ',19257,51.3511111111111,48.2736111111111,1,3),(1616,'',' ',124981,56.9052777777778,59.9433333333333,1,5),(1617,' ',' ',40919,47.8947222222222,40.0580555555556,1,3),(1618,'',' ',17368,55.3386111111111,59.4386111111111,1,5),(1619,'',' ',731544,53.5088888888889,49.4191666666667,1,3),(1620,'',' ',20778,57.7855555555556,36.6938888888889,1,3),(1621,'',' ',12779,53.0841666666667,103.336388888889,1,8),(1622,'',' ',39725,52.5366666666667,31.9333333333333,1,3),(1623,'',' ',11513,55.8705555555556,72.1955555555556,1,6),(1624,'',' ',348234,43.5855555555556,39.7230555555556,1,3),(1625,'',' ',15592,54.4794444444444,37.6897222222222,1,3),(1626,'',' ',48428,48.335,39.9461111111111,1,3),(1627,'',' ',14447,54.0347222222222,35.7822222222222,1,3),(1628,'',' ',67165,54.5027777777778,37.0666666666667,1,3),(1629,'',' ',11178,55.4852777777778,60.2361111111111,1,5),(1630,'',' ',19208,53.0205555555556,39.1313888888889,1,3),(1631,'',' ',32076,55.4297222222222,42.5125,1,3),(1632,'',' ',250287,47.2094444444444,38.9352777777778,1,3),(1633,'',' ',22741,44.1052777777778,42.9730555555556,1,3),(1634,'',' ',31720,45.0991666666667,43.4305555555556,1,3),(1635,'',' ',14601,55.8997222222222,53.9219444444444,1,5),(1636,'',' ',15771,55.6694444444444,84.3908333333333,1,6),(1637,'',' ',23943,58.3033333333333,48.3475,1,3),(1639,'',' ',130007,43.9052777777778,42.7166666666667,1,3),(1640,'',' ',99115,59.6052777777778,60.5736111111111,1,5),(1642,'',' ',12549,60.1419444444444,32.5566666666667,1,3),(1643,'',' ',65801,53.9675,58.41,1,5),(1645,'',' ',14039,54.1016666666667,35.3394444444444,1,3),(1646,'',' ',12654,50.9977777777778,81.4641666666667,1,7),(1648,'',' ',56411,54.6425,83.3063888888889,1,6),(1649,'',' ',40486,55.0811111111111,21.8886111111111,1,2),(1650,'',' ',56586,56.9097222222222,60.8180555555556,1,5),(1651,' ',' ',38780,48.1769444444444,40.8033333333333,1,3),(1652,'',' ',10661,54.9138888888889,33.3025,1,3),(1653,'',' ',16781,51.1952777777778,42.2472222222222,1,3),(1654,'',' ',109155,56.2694444444444,90.4952777777778,1,7),(1656,'',' ',10331,55.99,43.2719444444444,1,3),(1657,'',' ',151856,55.0455555555556,60.1077777777778,1,5),(1658,'',' ',12048,56.5011111111111,31.6355555555556,1,3),(1659,'',' ',228264,51.2294444444444,58.4752777777778,1,5),(1660,'',' ',97345,57.0525,53.9905555555556,1,3),(1661,'',' ',26387,59.8752777777778,30.9813888888889,1,3),(1663,'',' ',20939,56.5005555555556,60.8188888888889,1,5),(1664,'','-  ',106135,63.2016666666667,75.4508333333333,1,5),(1665,'',' ',35875,69.0763888888889,33.4177777777778,1,3),(1666,'',' ',42988,57.8475,61.6694444444444,1,5),(1668,'',' ',107036,56.6033333333333,84.8808333333333,1,6),(1669,'',' ',627870,54.3125,48.3955555555556,1,4),(1671,'',' ',13495,55.7013888888889,36.1961111111111,1,3),(1672,'',' ',21051,56.21,89.53,1,7),(1673,'',' ',138930,55.6788888888889,37.2638888888889,1,3),(1674,'',' ',13170,54.9908333333333,57.69,1,5),(1675,'',' ',172525,55.6763888888889,37.8980555555556,1,3),(1676,'',' ',102874,56.0091666666667,37.8527777777778,1,3),(1677,'',' ',24157,57.4911111111111,60.2183333333333,1,5),(1678,'',' ',17308,55.9166666666667,39.1733333333333,1,3),(1679,'',' ',38674,54.1108333333333,102.180277777778,1,8),(1681,'',' ',24797,45.1255555555556,33.5944444444444,1,1),(1682,'',' ',34427,44.5538888888889,135.566111111111,1,10),(1683,'',' ',29434,58.4816666666667,41.5330555555556,1,3),(1684,'','-   - ',17987,61.7422222222222,75.5941666666667,1,5),(1685,' ',' ',34223,56.9047222222222,62.035,1,5),(1686,'',' ',29850,54.9652777777778,39.0252777777778,1,3),(1687,'',' ',15651,51.4994444444444,44.4711111111111,1,3),(1688,'',' ',26294,56.1208333333333,38.1405555555556,1,3),(1689,'','',10204,44.6144444444444,33.6088888888889,1,1),(1690,'',' ',41252,56.2091666666667,87.735,1,7),(1692,'',' ',153181,53.3616666666667,55.9244444444444,1,5),(1693,'',' ',38169,43.2805555555556,45.8791666666667,1,3),(1694,'',' ',44487,59.8183333333333,32.3675,1,3),(1695,'',' ',191839,53.8844444444444,86.75,1,7),(1696,'',' ',10333,43.1675,44.8091666666667,1,3),(1697,'',' ',96145,55.4369444444444,37.7675,1,3),(1698,'',' ',27608,56.8102777777778,61.3380555555556,1,5),(1699,'',' ',37308,54.8705555555556,37.2183333333333,1,3),(1700,'',' ',10404,55.0316666666667,22.0325,1,2),(1701,'',' ',18830,53.2444444444444,39.1416666666667,1,3),(1702,'',' ',43543,56.2938888888889,39.3761111111111,1,3),(1704,'',' ',15516,50.9786111111111,44.7788888888889,1,3),(1706,'',' ',11477,58.3747222222222,58.3308333333333,1,5),(1707,'',' ',13903,54.1447222222222,48.3911111111111,1,3),(1708,'',' ',19590,54.9380555555556,58.8091666666667,1,5),(1709,' ',' ',71241,56.9758333333333,60.565,1,5),(1710,'',' ',405053,57.0002777777778,40.9738888888889,1,3),(1711,'',' ',43859,55.45,78.3083333333333,1,6),(1712,'',' ',14836,54.8075,35.9266666666667,1,3),(1713,'',' ',14246,55.3386111111111,41.6341666666667,1,3),(1714,' ',' ',14644,67.3727777777778,32.4975,1,3),(1715,'',' ',98337,43.2463888888889,46.59,1,3),(1716,'',' ',28577,53.0536111111111,60.6477777777778,1,5),(1718,'',' ',49111,58.6355555555556,59.7986111111111,1,5),(1719,'',' ',50586,53.1369444444444,103.09,1,8),(1720,'',' ',16592,57.3041666666667,47.8480555555556,1,3),(1721,'',' ',17098,49.7941666666667,129.411388888889,1,9),(1722,'',' ',24322,50.7844444444444,36.4886111111111,1,3),(1723,'',' ',35173,45.1038888888889,41.0475,1,3),(1724,'',' ',70081,55.3830555555556,39.0358333333333,1,3),(1725,'',' ',14817,56.3133333333333,38.7033333333333,1,3),(1726,'',' ',597316,42.9830555555556,47.5047222222222,1,3),(1727,'',' ',31363,55.5066666666667,36.0172222222222,1,3),(1728,'',' ',94628,59.6483333333333,56.7711111111111,1,5),(1729,'',' ',23751,52.7594444444444,87.8477777777778,1,7),(1730,'',' ',11790,57.1222222222222,35.4669444444444,1,3),(1731,'-',' ',31321,55.7077777777778,38.9577777777778,1,3),(1733,'',' ',23258,58.3486111111111,60.0408333333333,1,5),(1734,'',' ',24966,45.7183333333333,42.8969444444444,1,3),(1735,'',' ',329853,54.7941666666667,32.055,1,3),(1736,'',' ',27965,56.9019444444444,74.3719444444444,1,6),(1738,'',' ',47179,52.4266666666667,37.6080555555556,1,3),(1739,'','-   - ',373940,61.2541666666667,73.3961111111111,1,5),(1740,'',' ',21979,52.9069444444444,158.418333333333,1,11),(1741,'',' ',207571,57.8175,28.3344444444444,1,3),(1742,'',' ',114707,42.8916666666667,47.6366666666667,1,3),(1744,'',' ',22800,55.4255555555556,38.2641666666667,1,3),(1745,' ',' ',20662,53.53,43.6736111111111,1,3),(1746,'',' ',69003,56.1108333333333,69.4733333333333,1,5),(1747,'',' ',10340,54.2325,39.0236111111111,1,3),(1748,'',' ',449556,51.7302777777778,36.1927777777778,1,3),(1749,'',' ',12309,57.4611111111111,45.7833333333333,1,3),(1750,'',' ',29946,54.9905555555556,57.2783333333333,1,5),(1751,'',' ',35310,45.4780555555556,133.418611111111,1,10),(1752,'',' ',23583,56.9919444444444,60.4772222222222,1,5),(1753,'','-   - ',127710,61.0997222222222,72.6033333333333,1,5),(1754,'',' ',24645,54.7569444444444,38.8747222222222,1,3),(1756,'',' ',25036,55.2280555555556,63.2902777777778,1,5),(1757,'',' ',22613,51.0236111111111,45.695,1,3),(1758,'-',' ',41149,56.7927777777778,105.775555555556,1,8),(1760,'',' ',57028,55.9647222222222,43.0644444444444,1,3),(1761,'',' ',20036,57.4325,60.0627777777778,1,5),(1763,'',' ',39377,58.705,59.4838888888889,1,5),(1765,'',' ',147573,55.1166666666667,61.6180555555556,1,5),(1766,'',' ',31560,55.5533333333333,34.9969444444444,1,3),(1767,'',' ',32997,56.5161111111111,56.0763888888889,1,5),(1768,'',' ',19533,55.52,45.4813888888889,1,3),(1769,'-',' ',40283,56.7361111111111,38.8544444444444,1,3),(1770,'',' ',21176,56.0263888888889,45.0358333333333,1,3),(1772,'',' ',167978,55.1713888888889,59.6727777777778,1,5),(1773,'',' ',108782,47.7577777777778,39.9363888888889,1,3),(1774,'',' ',88192,54.0061111111111,86.6366666666667,1,7),(1775,'','   - ',10075,43.1566666666667,44.155,1,3),(1776,'',' ',62716,50.1927777777778,39.5763888888889,1,3),(1779,'',' ',33460,54.4280555555556,50.805,1,3),(1780,'',' ',352658,44.9483333333333,34.1002777777778,1,1),(1781,'',' ',18229,61.0366666666667,30.1197222222222,1,3),(1782,'',' ',10635,56.3202777777778,36.5511111111111,1,3),(1783,'-',' ',81081,57.9430555555556,102.741388888889,1,8),(1784,'',' ',575352,56.4886111111111,84.9522222222222,1,6),(1786,'',' ',648944,56.8497222222222,53.2072222222222,1,3),(1788,'',' ',55369,55.9580555555556,38.0522222222222,1,3),(1789,'',' ',27624,58.2825,59.7647222222222,1,5),(1790,'',' ',14094,57.3583333333333,37.6133333333333,1,3),(1791,'-',' ',76846,52.7566666666667,103.638888888889,1,8),(1793,'',' ',28272,55.9577777777778,92.38,1,7),(1794,'',' ',10681,55.9602777777778,94.7094444444444,1,7),(1795,'',' ',10445,50.1063888888889,129.439444444444,1,9),(1797,'',' ',79962,60.7144444444444,28.7572222222222,1,3),(1798,'',' ',58690,42.5652777777778,47.8711111111111,1,3),(1800,'',' ',93710,59.5652777777778,30.1280555555556,1,3),(1801,'',' ',16395,55.7297222222222,36.8541666666667,1,3),(1802,'',' ',145971,44.0397222222222,43.0708333333333,1,3),(1803,'',' ',14800,58.8758333333333,40.2486111111111,1,3),(1804,'',' ',175365,69.3491666666667,88.2011111111111,1,7),(1806,'','-  ',32132,63.7952777777778,74.4944444444444,1,5),(1807,'',' ',90956,55.9336111111111,37.5144444444444,1,3),(1808,'',' ',1066934,56.0105555555556,92.8525,1,7),(1809,'',' ',41279,54.5572222222222,100.578055555556,1,8),(1811,'',' ',34586,58.8369444444444,57.5544444444444,1,5),(1812,'',' ',12495,51.5230555555556,104.148611111111,1,8),(1814,'',' ',45673,55.4125,55.5405555555556,1,5),(1815,'',' ',39046,50.2344444444444,136.879166666667,1,10),(1816,'',' ',10812,60.6291666666667,47.2611111111111,1,3),(1817,'',' ',10527,55.95,40.8563888888889,1,3),(1818,'-',' ',55421,55.6197222222222,40.6577777777778,1,3),(1819,' ',' ',1276560,56.3269444444444,44.0061111111111,1,3),(1820,'',' ',1048011,58.0102777777778,56.2341666666667,1,5),(1821,'','-  ',26211,66.6594444444444,66.3883333333333,1,5),(1822,'',' ',102618,46.3083333333333,44.2702777777778,1,3),(1823,'',' ',14688,69.1919444444444,33.2380555555556,1,3),(1825,'',' ',227467,56.1513888888889,101.634166666667,1,8),(1826,'',' ',15187,58.1877777777778,40.1747222222222,1,3),(1827,'',' ',96317,55.5672222222222,38.2258333333333,1,3),(1828,'--',' ',18159,53.1461111111111,140.711111111111,1,10),(1829,'','-   - ',40292,60.1297222222222,64.8038888888889,1,5),(1830,'',' ',33091,56.1202777777778,93.3355555555556,1,7),(1831,'',' ',11752,56.0536111111111,59.6097222222222,1,5),(1833,'',' ',14992,51.2866666666667,106.523055555556,1,8),(1834,'',' ',37889,48.2922222222222,46.1769444444444,1,3),(1836,'','- ',19489,43.4838888888889,44.1402777777778,1,3),(1837,'',' ',20195,47.6316666666667,43.1425,1,3),(1838,'',' ',16348,58.6033333333333,99.1797222222222,1,7),(1839,'-',' ',95279,54.6636111111111,86.1622222222222,1,7),(1840,'','- ',18156,43.5672222222222,43.5866666666667,1,3),(1841,'-','-   - ',39831,60.7586111111111,72.8363888888889,1,5),(1843,'',' ',200576,52.5391666666667,85.2138888888889,1,7),(1844,'','   - ',321378,43.0205555555556,44.6819444444444,1,3),(1846,'',' ',32028,62.7644444444444,40.3361111111111,1,3),(1847,' ',' ',19270,60.7322222222222,33.5522222222222,1,3),(1850,' ',' ',12234,59.0538888888889,60.5944444444444,1,5),(1853,'',' ',13819,56.7308333333333,37.5275,1,3),(1854,'','  ()',318768,62.0391666666667,129.735833333333,1,9),(1855,'',' ',15921,53.7097222222222,37.2863888888889,1,3),(1856,'-',' ',16088,54.7522222222222,58.1983333333333,1,5),(1857,'',' ',173160,55.9094444444444,37.7338888888889,1,3),(1858,'',' ',33931,56.1019444444444,43.5136111111111,1,3),(1859,'',' ',38230,53.4436111111111,41.8116666666667,1,3),(1860,'',' ',41379,53.7125,87.8055555555556,1,7),(1861,'',' ',15160,51.9961111111111,84.9838888888889,1,7),(1862,'',' ',40755,45.27,37.3852777777778,1,3),(1863,'',' ',23097,52.8430555555556,32.6780555555556,1,3),(1864,'',' ',14568,56.0180555555556,39.9563888888889,1,3),(1865,'',' ',13653,50.0258333333333,45.4591666666667,1,3),(1866,'',' ',144589,55.1030555555556,38.7530555555556,1,3),(1867,'',' ',19504,46.7038888888889,41.7275,1,3),(1869,'',' ',19489,54.2205555555556,83.3725,1,6),(1870,'',' ',34868,57.2138888888889,41.9177777777778,1,3),(1871,'',' ',16076,56.6983333333333,60.0866666666667,1,5),(1872,' ',' ',14410,50.9513888888889,46.9680555555556,1,3),(1873,' ',' ',21811,55.8108333333333,38.1736111111111,1,3),(1874,'',' ',633102,43.1152777777778,131.885277777778,1,10),(1875,'',' ',104288,44.0444444444444,42.8588888888889,1,3),(1876,'',' ',17648,54.3633333333333,60.8083333333333,1,5),(1877,'',' ',16111,56.2375,96.0672222222222,1,7),(1878,'',' ',45628,53.1008333333333,91.4122222222222,1,7),(1879,'',' ',14240,57.9802777777778,33.2466666666667,1,3),(1880,'',' ',31568,51.3091666666667,39.2163888888889,1,3),(1881,'',' ',231797,56.2383333333333,43.4616666666667,1,3),(1882,'',' ',91361,44.7513888888889,33.875,1,1),(1884,'',' ',15012,56.6944444444444,60.8444444444444,1,5),(1885,'',' ',126931,56.1138888888889,47.4869444444444,1,3),(1886,'',' ',301253,43.3177777777778,45.695,1,3),(1887,'',' ',13392,56.4408333333333,38.2319444444444,1,3),(1889,'',' ',248842,61.6686111111111,50.8344444444444,1,3),(1890,'',' ',11556,54.0566666666667,35.9622222222222,1,3),(1891,'',' ',37444,57.6838888888889,63.0577777777778,1,5),(1892,'',' ',617473,48.4725,135.057777777778,1,10),(1895,'-',' ',18610,56.4991666666667,39.6808333333333,1,3),(1897,'',' ',35750,67.1566666666667,32.4141666666667,1,3),(1898,'',' ',29291,59.7666666666667,60.0011111111111,1,5),(1899,'',' ',25832,56.5008333333333,66.5483333333333,1,5),(1900,'',' ',311625,52.9672222222222,36.0697222222222,1,3),(1901,'',' ',235632,44.7236111111111,37.7686111111111,1,3),(1902,'',' ',12413,56.2619444444444,62.9388888888889,1,5),(1903,'',' ',30299,62.2055555555556,34.2461111111111,1,3),(1904,'',' ',27880,55.2763888888889,85.6152777777778,1,7),(1906,'',' ',12665,55.8130555555556,94.3283333333333,1,7),(1907,'',' ',207425,55.8888888888889,37.4302777777778,1,3),(1908,'',' ',16509,54.9125,64.4336111111111,1,5),(1909,'',' ',39844,50.7944444444444,41.9958333333333,1,3),(1910,'',' ',31475,52.4558333333333,44.2027777777778,1,3),(1912,'',' ',25152,44.7544444444444,44.9866666666667,1,3),(1913,'',' ',29377,52.5930555555556,41.5058333333333,1,3),(1914,'',' ',318107,59.1275,37.9069444444444,1,3),(1915,'',' ',47163,55.6308333333333,37.8497222222222,1,3),(1917,'',' ',59422,56.2627777777778,34.3291666666667,1,3),(1918,'','- ',30704,43.5566666666667,43.8619444444444,1,3),(1919,'',' ',19280,59.7044444444444,30.7875,1,3),(1920,'',' ',34955,55.0463888888889,55.9483333333333,1,5),(1921,'',' ',24896,51.4038888888889,57.5833333333333,1,5),(1922,'',' ',77212,44.5630555555556,38.0791666666667,1,3),(1923,'',' ',49093,56.4427777777778,52.2138888888889,1,3),(1924,'',' ',22307,47.5177777777778,40.8113888888889,1,3),(1925,'',' ',537622,54.6294444444444,39.7425,1,3),(1926,'',' ',45801,55.6666666666667,86.25,1,7),(1927,'',' ',58004,52.9588888888889,55.9283333333333,1,5),(1928,'',' ',97060,53.6866666666667,88.0702777777778,1,7),(1930,'',' ',55360,45.6186111111111,38.9455555555556,1,3),(1931,'',' ',14167,50.0502777777778,46.8802777777778,1,3),(1932,'',' ',15656,58.5952777777778,35.8005555555556,1,3),(1933,'',' ',21039,68.1419444444444,33.2669444444444,1,3),(1934,'',' ',349005,52.0338888888889,113.499444444444,1,9),(1935,'',' ',20136,55.7163888888889,38.2208333333333,1,3),(1936,'',' ',13174,62.5983333333333,50.8863888888889,1,3),(1937,'',' ',29077,54.7522222222222,61.3172222222222,1,5),(1939,'',' ',1178391,54.9922222222222,73.3683333333333,1,6),(1940,'',' ',21107,55.2380555555556,84.4027777777778,1,6),(1941,'',' ',15388,49.2202777777778,143.089444444444,1,11),(1942,' ',' ',75974,44.2088888888889,43.1383333333333,1,3),(1943,'','- ',27074,43.6283333333333,44.0516666666667,1,3),(1944,'','   - ',40042,43.7472222222222,44.6569444444444,1,3),(1945,'',' ',65194,53.1961111111111,45.1691666666667,1,3),(1946,'',' ',79265,55.7630555555556,60.7075,1,5),(1948,'','- ',21040,43.7730555555556,41.9144444444444,1,3),(1949,'',' ',16852,54.0377777777778,39.7466666666667,1,3),(1950,'','- ',57857,43.7588888888889,44.0102777777778,1,3),(1951,'','  ',20216,56.3333333333333,46.5466666666667,1,3),(1952,'',' ',37819,45.3286111111111,42.8566666666667,1,3),(1953,'-',' ',74950,56.0830555555556,86.0183333333333,1,7),(1954,'',' ',114229,54.2188888888889,49.6038888888889,1,4),(1955,'',' ',187961,55.4311111111111,37.5447222222222,1,3),(1956,'',' ',60206,52.7566666666667,55.7969444444444,1,5),(1957,'',' ',27348,53.8236111111111,39.5494444444444,1,3),(1958,'',' ',60878,51.3677777777778,42.075,1,3),(1959,'',' ',25421,59.7725,30.7988888888889,1,3),(1960,'',' ',21990,50.3219444444444,44.8013888888889,1,3),(1961,'',' ',37658,65.9938888888889,57.5569444444444,1,3),(1962,'',' ',30923,54.1463888888889,33.2833333333333,1,3),(1963,'',' ',26894,45.4933333333333,41.2152777777778,1,3),(1964,'',' ',148280,42.8241666666667,132.892777777778,1,10),(1965,'',' ',63338,44.7816666666667,44.165,1,3),(1967,'',' ',840785,51.5330555555556,46.0341666666667,1,3),(1968,'',' ',62395,56.8,59.9086111111111,1,5),(1969,'',' ',29506,52.9994444444444,78.6458333333333,1,7),(1972,'',' ',14520,62.915,34.4730555555556,1,3),(1974,'',' ',26934,48.5866666666667,45.7369444444444,1,3),(1975,'',' ',18542,51.9994444444444,127.676111111111,1,9),(1976,'',' ',35650,48.9216666666667,40.3966666666667,1,3),(1977,'',' ',16077,46.1105555555556,48.0733333333333,1,3),(1978,'',' ',26217,53.9319444444444,37.9222222222222,1,3),(1980,'',' ',66157,57.4283333333333,56.9438888888889,1,5),(1981,'',' ',15946,46.8186111111111,134.255,1,10),(1982,'',' ',46068,57.8688888888889,39.5308333333333,1,3),(1983,'',' ',420850,56.8586111111111,35.9208333333333,1,3),(1984,'',' ',54168,43.1488888888889,45.9011111111111,1,3),(1985,'-','-  ',21665,64.9119444444444,77.7611111111111,1,5),(1986,'',' ',55237,55.5777777777778,37.9033333333333,1,3),(1987,'',' ',17396,69.4261111111111,30.8202777777778,1,3),(1988,'',' ',185161,53.7211111111111,91.4425,1,7),(1989,'','- ',20566,43.3980555555556,42.9213888888889,1,3),(1990,'',' ',74263,60.0191666666667,30.6455555555556,1,3),(1991,'',' ',94226,56.205,95.705,1,7),(1992,'',' ',18340,55.065,67.8875,1,5),(1994,' ','-  ',116938,66.0838888888889,76.6811111111111,1,5),(1995,'',' ',12293,52.495,48.1047222222222,1,3),(1996,'',' ',20983,56.01,38.3791666666667,1,3),(1997,'',' ',22311,61.0658333333333,42.1033333333333,1,3),(1998,'',' ',48439,44.8877777777778,40.5913888888889,1,3),(1999,'',' ',17391,47.5772222222222,41.0966666666667,1,3),(2001,' ',' ',23816,48.9663888888889,140.285,1,10),(2002,'',' ',19265,54.7291666666667,39.4936111111111,1,3),(2003,'',' ',19653,52.0433333333333,39.7361111111111,1,3),(2004,'',' ',94417,54.9227777777778,43.3447222222222,1,3),(2005,'',' ',37537,45.9308333333333,133.731666666667,1,10),(2006,'',' ',13805,49.0555555555556,44.8269444444444,1,3),(2007,'',' ',10019,69.4002777777778,32.45,1,3),(2008,' ',' ',33719,56.2286111111111,51.0613888888889,1,3),(2009,'-','- ',30438,44.0838888888889,41.9711111111111,1,3),(2010,'',' ',13708,54.3661111111111,77.2972222222222,1,6),(2011,'',' ',103019,58.2016666666667,68.2538888888889,1,5),(2012,'',' ',16014,51.5680555555556,34.6802777777778,1,3),(2013,'',' ',38640,52.2586111111111,43.7880555555556,1,3),(2014,'','- ',239300,43.4852777777778,43.6069444444444,1,3),(2015,'',' ',134183,51.5011111111111,81.2077777777778,1,7),(2016,'',' ',10620,45.4236111111111,35.8186111111111,1,1),(2017,'',' ',34785,54.8419444444444,46.5877777777778,1,3),(2018,'',' ',43326,49.7688888888889,43.6483333333333,1,3),(2019,'',' ',105065,55.3877777777778,43.8155555555556,1,3),(2020,'',' ',22178,54.4063888888889,53.2458333333333,1,3),(2022,'',' ',378390,50.5975,36.5888888888889,1,3),(2023,'',' ',10469,54.7925,38.2658333333333,1,3),(2024,'',' ',61305,56.345,37.5183333333333,1,3),(2026,'',' ',55976,52.0458333333333,47.3872222222222,1,3),(2027,'',' ',70663,56.7438888888889,37.1730555555556,1,3),(2028,'',' ',24649,51.8736111111111,45.0002777777778,1,3),(2030,'',' ',138766,43.7972222222222,131.951666666667,1,10),(2031,'-','  ',24921,67.6380555555556,53.0069444444444,1,3),(2032,'',' ',30923,57.1858333333333,39.4144444444444,1,3),(2034,'',' ',20238,51.0902777777778,40.0319444444444,1,3),(2035,'',' ',32355,54.8177777777778,58.4463888888889,1,5),(2036,' ',' ',11199,58.8436111111111,50.8527777777778,1,3),(2037,'',' ',38119,44.8680555555556,38.1616666666667,1,3),(2039,'',' ',10255,56.2533333333333,51.2833333333333,1,3),(2040,'',' ',15721,61.1111111111111,28.8727777777778,1,3),(2042,'',' ',27108,63.7436111111111,34.3125,1,3),(2043,'-','-   - ',99385,61.0025,69.0183333333333,1,5),(2044,'',' ',56730,67.5677777777778,33.4066666666667,1,3),(2047,'',' ',30696,54.9372222222222,41.3913888888889,1,3),(2049,'',' ',52044,44.7611111111111,39.8711111111111,1,3),(2050,'',' ',15469,50.4663888888889,48.1322222222222,1,3),(2051,'',' ',11192,49.9352777777778,40.5591666666667,1,3),(2052,'',' ',32791,56.85,40.5330555555556,1,3),(2053,'','-  ',28564,64.4325,76.5005555555556,1,5),(2054,'-',' ',89657,48.3205555555556,40.2688888888889,1,3),(2057,'-',' ',169120,56.4138888888889,61.9188888888889,1,5),(2059,'',' ',425853,45.0444444444444,41.9691666666667,1,3),(2060,'',' ',22781,55.0516666666667,74.5783333333333,1,6),(2062,'',' ',113827,54.4813888888889,53.4655555555556,1,5),(2064,'',' ',85950,54.5363888888889,52.7894444444444,1,3),(2065,'',' ',15117,51.8761111111111,36.9119444444444,1,3),(2067,'','-   - ',43726,62.1341666666667,77.4583333333333,1,5),(2068,'',' ',23023,58.6697222222222,52.1894444444444,1,3),(2069,'',' ',33957,58.0433333333333,65.2741666666667,1,5),(2070,'',' ',1205651,55.7986111111111,49.1063888888889,1,3),(2072,'',' ',11272,53.9247222222222,40.0227777777778,1,3),(2073,'','',385777,44.6166666666667,33.5255555555556,1,1),(2075,'',' ',558973,55.3541666666667,86.0897222222222,1,7),(2076,'',' ',13281,56.375,38.5841666666667,1,3),(2077,'',' ',52817,56.0125,90.4177777777778,1,7),(2078,'',' ',11687,51.9388888888889,43.4997222222222,1,3),(2080,'',' ',11180,50.3727777777778,103.286666666667,1,8),(2082,'',' ',20391,53.5844444444444,142.947222222222,1,11),(2084,'',' ',18666,58.4486111111111,92.1652777777778,1,7),(2085,'',' ',20981,57.2888888888889,55.4691666666667,1,5),(2086,'',' ',13998,51.8422222222222,41.4616666666667,1,3),(2087,'',' ',23169,50.3875,116.523611111111,1,9),(2088,'','-   - ',66864,62.2638888888889,74.4827777777778,1,5),(2089,'',' ',15425,57.5875,48.9594444444444,1,3),(2090,'',' ',1134643,55.1597222222222,61.4025,1,5),(2091,'',' ',109809,55.5791666666667,42.0525,1,3),(2092,'',' ',38844,58.3697222222222,45.5180555555556,1,3),(2093,'',' ',21623,53.7088888888889,40.0627777777778,1,3),(2094,'',' ',22131,55.8952777777778,52.3144444444444,1,3),(2095,'',' ',59842,44.6352777777778,40.7244444444444,1,3),(2096,'',' ',22480,55.8830555555556,38.7858333333333,1,3),(2097,' ',' ',356288,57.9075,59.9722222222222,1,5),(2100,'',' ',23365,55.6361111111111,109.335555555556,1,8),(2102,'',' ',79516,51.5547222222222,43.1463888888889,1,3),(2103,'',' ',50508,53.9786111111111,38.1608333333333,1,3),(2104,'',' ',62324,52.7205555555556,58.6663888888889,1,5),(2105,'',' ',62592,58.1002777777778,57.8091666666667,1,5),(2108,' ',' ',18932,50.7605555555556,37.8647222222222,1,3),(2109,'',' ',44596,54.9641666666667,48.2902777777778,1,3),(2111,'',' ',116896,55.8319444444444,37.3294444444444,1,3),(2112,'-',' ',25975,51.1619444444444,54.9802777777778,1,5),(2113,'',' ',21819,55.5791666666667,38.9208333333333,1,3),(2115,'',' ',18059,55.9938888888889,40.0180555555556,1,3),(2116,'',' ',37136,53.2788888888889,36.575,1,3),(2117,'',' ',38645,56.7133333333333,36.7794444444444,1,3),(2118,'',' ',75195,53.8269444444444,91.3061111111111,1,7),(2119,'-',' ',63845,51.9580555555556,85.9602777777778,1,7),(2120,'',' ',501247,58.6036111111111,49.6638888888889,1,3),(2121,'',' ',53404,51.3758333333333,128.134166666667,1,9),(2122,'',' ',13382,55.9308333333333,39.46,1,3),(2123,'',' ',155196,55.7844444444444,38.4447222222222,1,3),(2124,'',' ',280233,53.6302777777778,55.9316666666667,1,5),(2125,'',' ',23662,54.2227777777778,55.0313888888889,1,5),(2126,'',' ',11493,59.3891666666667,35.9377777777778,1,3),(2127,'',' ',45371,57.0413888888889,34.9602777777778,1,3),(2128,'',' ',22152,54.6775,20.1358333333333,1,2),(2129,'',' ',49126,56.5044444444444,43.6019444444444,1,3),(2131,'-',' ',181181,53.0369444444444,158.655833333333,1,11),(2132,'',' ',16892,67.5627777777778,30.4738888888889,1,3),(2134,'',' ',145115,59.4080555555556,56.8038888888889,1,5),(2135,' ',' ',31475,60.7602777777778,46.3055555555556,1,3),(2136,'',' ',10307,56.7141666666667,28.66,1,3),(2137,'',' ',26856,56.7913888888889,44.4838888888889,1,3),(2138,'','-  ',50064,66.5308333333333,66.6138888888889,1,5),(2139,'',' ',16263,55.8869444444444,60.7422222222222,1,5),(2140,'',' ',28786,55.3502777777778,78.3419444444445,1,6),(2141,'',' ',11046,57.7758333333333,108.110833333333,1,8),(2142,'',' ',47083,53.3761111111111,51.3488888888889,1,3),(2144,'',' ',52455,53.4011111111111,49.4944444444444,1,3),(2145,'','  ',14654,64.7347222222222,177.514722222222,1,11),(2146,'',' ',38240,51.6605555555556,35.6572222222222,1,3),(2147,'-',' ',64665,55.3861111111111,36.7344444444444,1,3),(2148,'',' ',633432,53.3480555555556,83.78,1,7),(2149,'',' ',551919,53.7575,87.1361111111111,1,7),(2150,'',' ',10539,59.3766666666667,28.2230555555556,1,3),(2151,'','-   - ',45804,61.2536111111111,75.1808333333333,1,5),(2152,'',' ',1030400,48.7105555555556,44.5166666666667,1,3),(2153,'',' ',70803,44.1486111111111,43.4738888888889,1,3),(2154,'',' ',36103,55.5977777777778,37.0394444444444,1,3),(2155,'',' ',10207,51.8358333333333,40.7991666666667,1,3),(2156,'',' ',53634,50.9869444444444,39.4977777777778,1,3),(2157,'',' ',22522,59.6216666666667,30.3936111111111,1,3),(2158,'',' ',10926,58.4033333333333,51.1333333333333,1,3),(2159,'',' ',15277,59.4736111111111,33.8477777777778,1,3),(2160,'',' ',160804,55.8466666666667,48.5011111111111,1,3),(2161,'',' ',16671,53.5352777777778,33.7277777777778,1,3),(2163,'',' ',10100,54.0688888888889,38.4786111111111,1,3),(2164,'',' ',183082,45.0011111111111,41.1325,1,3),(2166,'',' ',16352,53.3738888888889,34.1058333333333,1,3),(2168,'',' ',10372,54.0002777777778,90.2594444444444,1,7),(2169,'','- ',38192,43.6819444444444,43.5344444444444,1,3),(2170,'',' ',10040,56.2169444444444,43.1597222222222,1,3),(2171,'',' ',311166,59.2188888888889,39.8933333333333,1,3),(2172,'',' ',45378,58.2975,57.8194444444444,1,5),(2173,'',' ',17360,54.1227777777778,36.5,1,3),(2174,'',' ',18830,63.9069444444444,38.1002777777778,1,3),(2175,'',' ',87992,57.2472222222222,60.0955555555556,1,5),(2176,'',' ',71170,53.7105555555556,91.6872222222222,1,7),(2177,'',' ',110411,55.9197222222222,37.9883333333333,1,3),(2178,'',' ',182291,64.5625,39.8180555555556,1,3),(2179,'',' ',38200,43.5058333333333,44.5833333333333,1,3),(2180,'',' ',85786,54.5966666666667,52.4433333333333,1,3),(2182,'',' ',37553,57.3716666666667,61.3833333333333,1,5),(2183,'',' ',22872,54.2858333333333,85.9475,1,7),(2184,'',' ',52944,56.1852777777778,36.9786111111111,1,3),(2185,'',' ',1156608,53.1955555555556,50.1016666666667,1,3),(2186,'',' ',61938,44.0986111111111,39.0719444444444,1,3),(2187,'',' ',224508,51.4855555555556,46.1266666666667,1,3),(2188,'','  ()',35381,62.5425,113.984166666667,1,9),(2189,'',' ',32337,59.1177777777778,28.0880555555556,1,3),(2190,'','  ()',11213,63.75,121.616666666667,1,9),(2191,'',' ',74925,43.2255555555556,44.7711111111111,1,3),(2192,'',' ',404793,53.2427777777778,34.3666666666667,1,3),(2193,'',' ',67439,56.1505555555556,44.2066666666667,1,3),(2194,'',' ',30311,54.0791666666667,34.3077777777778,1,3),(2195,'-',' ',32180,46.0516666666667,38.1705555555556,1,3),(2196,'',' ',11909,59.4472222222222,29.4847222222222,1,3),(2197,'',' ',11820,55.7413888888889,38.8425,1,3),(2199,'',' ',18190,51.6563888888889,103.718611111111,1,8),(2200,'',' ',10217,58.3908333333333,33.2902777777778,1,3),(2201,'',' ',18349,55.5452777777778,37.0733333333333,1,3),(2202,'',' ',32317,50.8602777777778,39.0822222222222,1,3),(2204,'',' ',71991,55.7566666666667,52.0544444444444,1,3),(2205,'',' ',21425,57.8855555555556,34.0538888888889,1,3),(2206,'',' ',17466,53.1216666666667,34.9827777777778,1,3),(2207,'','-   - ',62508,62.1455555555556,65.3944444444444,1,5),(2209,'-',' ',17468,57.3033333333333,39.8491666666667,1,3),(2210,'',' ',27479,47.0408333333333,142.041666666667,1,11),(2212,'',' ',17593,55.6144444444444,36.9833333333333,1,3),(2213,'',' ',18883,56.2233333333333,32.7766666666667,1,3),(2214,'',' ',127041,54.9136111111111,37.4166666666667,1,3),(2215,'',' ',15941,57.0122222222222,63.7322222222222,1,5),(2216,'',' ',12745,44.8783333333333,39.1902777777778,1,3),(2217,'',' ',91781,59.5605555555556,150.798888888889,1,11),(2218,'--',' ',246607,50.55,137.008055555556,1,10),(2219,'',' ',100940,53.0994444444444,49.9477777777778,1,3),(2220,'-',' ',120670,55.8091666666667,38.9783333333333,1,3),(2221,'',' ',37734,53.87,34.4386111111111,1,3),(2222,'',' ',56186,55.375,37.5388888888889,1,3),(2223,'',' ',81078,55.7136111111111,84.9338888888889,1,7),(2225,'-',' ',10174,44.6602777777778,45.65,1,3),(2226,'',' ',33151,54.6441666666667,19.8922222222222,1,2),(2227,'',' ',115070,50.0836111111111,45.4072222222222,1,3),(2228,'-',' ',22536,54.9302777777778,58.1747222222222,1,5),(2230,'',' ',60720,55.1497222222222,37.4669444444444,1,3),(2231,'',' ',24141,56.9908333333333,86.1763888888889,1,6),(2232,'',' ',15528,55.715,51.4127777777778,1,3),(2233,'',' ',30818,53.9102777777778,102.043333333333,1,8),(2384,'',' ',11280,51.3816666666667,58.9861111111111,0,5),(2407,'-',' ',16306,53.4677777777778,51.5030555555556,0,3),(2466,'',' ',10476,49.3819444444444,40.1538888888889,0,3),(2977,' ',' ',10311,53.5969444444444,91.3830555555556,0,7),(3547,'',' ',10230,45.3794444444444,38.4394444444444,0,3),(3579,'',' ',12187,59.4155555555556,30.3330555555556,0,3),(4300,'',' ',148717,46.3944444444444,48.1066666666667,0,3),(4491,'','-   - ',11824,62.4427777777778,71.7652777777778,0,5),(4646,'',' ',29141,52.2111111111111,104.207777777778,0,8),(4832,'',' ',22155,44.9033333333333,38.8411111111111,0,3),(5331,'',' ',22559,45.0902777777778,39.0172222222222,0,3),(5649,'',' ',11148,45.4436111111111,40.6725,0,3),(6165,'',' ',26241,54.92,82.9911111111111,0,6),(6479,'',' ',12032,45.4302777777778,37.9608333333333,0,3),(6597,'',' ',12669,54.5844444444444,73.6380555555556,0,6),(6694,'',' ',13270,44.8363888888889,37.5497222222222,0,3),(6899,'','-   - ',12850,61.2777777777778,73.1866666666667,0,5),(8079,'',' ',11317,56.6616666666667,36.2963888888889,0,3),(8714,'',' ',18595,47.2827777777778,39.4991666666667,0,3),(8727,'',' ',115208,46.3516666666667,47.9955555555556,0,3),(8762,'',' ',11232,58.38,97.4452777777778,0,7),(9031,'',' ',10493,47.3952777777778,40.1675,0,3),(9141,'',' ',11546,60.1086111111111,30.4908333333333,0,3),(9144,'',' ',15021,55.6361111111111,38.0447222222222,0,3),(9689,' ',' ',16753,46.0736111111111,40.8713888888889,0,3),(9776,'',' ',10516,56.0983333333333,74.6227777777778,0,6),(10153,'-',' ',18762,51.6972222222222,94.5594444444444,0,7),(10462,'',' ',24895,44.8538888888889,38.6819444444444,0,3),(10757,'','  ()',13855,65.9427777777778,111.495277777778,0,9),(11098,'',' ',42843,43.9141666666667,39.3352777777778,0,3),(11452,' ',' ',12175,43.2333333333333,44.8002777777778,0,3),(12033,'',' ',17180,55.0188888888889,82.2061111111111,0,6),(12041,'',' ',19388,44.9263888888889,38.9108333333333,0,3),(12484,'',' ',30605,55.6630555555556,37.95,0,3),(12808,'',' ',10753,50.5372222222222,36.5658333333333,0,3),(13362,'',' ',14735,56.7622222222222,60.8163888888889,0,5),(13768,'',' ',17884,43.3066666666667,44.9891666666667,0,3),(13866,'',' ',10435,55.1541666666667,72.6969444444444,0,6),(13989,'',' ',10561,54.6027777777778,53.4608333333333,0,3),(14114,'',' ',17450,54.9294444444444,83.1677777777778,0,6),(14370,'',' ',13442,53.8991666666667,51.2152777777778,0,3),(14435,'',' ',28800,45.2425,38.9791666666667,0,3),(15081,'',' ',10522,57.0602777777778,63.7419444444444,0,5),(15763,'',' ',13727,50.5969444444444,36.0122222222222,0,3),(15925,'',' ',14162,45.3077777777778,39.9322222222222,0,3),(16710,'',' ',12313,55.5172222222222,58.2444444444444,0,5),(17066,'',' ',10587,56.0644444444444,37.8622222222222,0,3),(17182,'-',' ',12494,43.1227777777778,45.7433333333333,0,3),(17307,'',' ',12285,55.3088888888889,82.7386111111111,0,6),(18051,'','  ()',10154,62.7186111111111,129.665,0,9),(18987,'',' ',14100,45.3697222222222,44.2211111111111,0,3),(19545,'',' ',13489,55.8738888888889,85.4347222222222,0,7),(19850,'',' ',10478,46.5061111111111,41.3386111111111,0,3),(19956,'',' ',13876,43.2141666666667,46.0394444444444,0,3),(20185,'',' ',19265,52.6511111111111,41.4311111111111,0,3),(20338,'',' ',16937,51.6255555555556,114.338888888889,0,9),(20409,'-','- ',11465,43.5925,43.5966666666667,0,3),(20848,'',' ',15230,59.2066666666667,38.5013888888889,0,3),(20870,'',' ',12266,44.8758333333333,34.2088888888889,0,1),(21464,'',' ',36761,44.0236111111111,43.0972222222222,0,3),(21634,'','- ',17059,43.9388888888889,42.5155555555556,0,3),(21647,'',' ',25090,45.3644444444444,40.2016666666667,0,3),(21751,'-',' ',20629,43.2383333333333,45.9986111111111,0,3),(22046,'',' ',10873,52.0197222222222,80.365,0,7),(22767,'',' ',17428,56.1861111111111,50.8969444444444,0,3),(22820,'',' ',10993,55.8480555555556,48.8969444444444,0,3),(22936,'',' ',35424,45.0483333333333,38.8,0,3),(23046,'',' ',48822,60.0452777777778,30.45,0,3),(23154,'',' ',14301,52.83,34.5066666666667,0,3),(23987,'',' ',13400,45.9069444444444,43.3483333333333,0,3),(24344,'',' ',15609,42.9444444444444,47.4958333333333,0,3),(24441,'',' ',18533,42.71,47.5652777777778,0,3),(25055,'',' ',18319,50.5336111111111,36.6894444444444,0,3),(25266,'',' ',10151,51.7902777777778,143.129444444444,0,11),(25716,'',' ',11581,45.0175,39.2105555555556,0,3),(25724,'',' ',11752,44.6747222222222,39.9611111111111,0,3),(25882,'',' ',12002,46.5336111111111,41.0322222222222,0,3),(26309,'','-  ',10737,65.8580555555556,74.4905555555556,0,5),(27229,'',' ',10866,43.5027777777778,45.8855555555556,0,3),(27341,'',' ',34875,51.4069444444444,46.0466666666667,0,3),(27984,'',' ',12605,46.4158333333333,44.2611111111111,0,3),(28179,'',' ',10080,43.9508333333333,131.635555555556,0,10),(28966,'',' ',10918,55.6075,38.8580555555556,0,3),(28967,'',' ',10008,55.9811111111111,37.1311111111111,0,3),(28968,'',' ',14249,51.9522222222222,85.3380555555556,0,7),(28969,'',' ',19434,45.9538888888889,40.7069444444444,0,3),(28970,'',' ',12953,54.9813888888889,33.345,0,3),(28971,'','- ',11903,43.6719444444444,43.455,0,3),(28972,' ',' ',41780,55.8619444444444,49.1991666666667,0,3),(28973,'',' ',11346,53.2497222222222,40.2855555555556,0,3),(28974,'',' ',11151,41.875,48.3905555555556,0,3),(28975,'',' ',10926,44.2533333333333,38.8447222222222,0,3),(28976,'',' ',25981,44.8433333333333,38.5686111111111,0,3),(28977,'',' ',18931,46.445,134.296666666667,0,10),(28978,'',' ',12270,52.0047222222222,106.8625,0,8),(28979,' ',' ',35062,51.6438888888889,39.4127777777778,0,3),(28980,'',' ',19653,53.8952777777778,53.9369444444444,0,5),(28981,'',' ',19163,52.0036111111111,85.8961111111111,0,7),(28982,'',' ',13547,55.2719444444444,66.495,0,5),(28983,'',' ',29280,46.1305555555556,39.7908333333333,0,3),(28984,'',' ',26500,44.7125,42.9963888888889,0,3),(28985,'',' ',11944,42.4316666666667,47.3230555555556,0,3),(28986,'',' ',22093,52.9819444444444,49.4272222222222,0,3),(28987,'',' ',14155,45.4855555555556,38.6597222222222,0,3),(28988,'',' ',18816,43.1633333333333,45.6311111111111,0,3),(28989,'',' ',26115,43.2019444444444,46.0877777777778,0,3),(28990,'',' ',15437,44.8761111111111,40.0519444444444,0,3),(28991,'',' ',13972,54.6775,35.9330555555556,0,3),(28992,'',' ',11184,68.815,32.8122222222222,0,3),(28993,'',' ',47457,60.1447222222222,30.2094444444444,0,3),(28994,'',' ',11049,51.5272222222222,53.3894444444444,0,5),(28995,'',' ',47307,69.4891666666667,88.4066666666667,0,7),(28996,'',' ',177865,54.7369444444444,55.9861111111111,0,5),(28997,'',' ',17381,55.6008333333333,36.4716666666667,0,3),(28998,'',' ',13399,45.3913888888889,39.3916666666667,0,3),(28999,'-',' ',24212,43.1872222222222,45.2863888888889,0,3),(29000,'',' ',10668,52.0672222222222,113.355833333333,0,9),(29001,'','-   - ',11631,59.5902777777778,65.9091666666667,0,5),(29002,'',' ',15303,46.5652777777778,40.6608333333333,0,3),(29003,'',' ',11750,51.1372222222222,133.033611111111,0,10),(29004,'',' ',10739,60.9736111111111,40.2566666666667,0,3),(29005,'',' ',10885,54.43,48.2569444444444,0,3),(29006,'',' ',15100,45.845,41.5144444444444,0,3),(29007,'',' ',23492,43.2383333333333,45.0480555555556,0,3),(29008,'',' ',12924,54.3463888888889,84.1822222222222,0,6),(29009,'',' ',16149,43.6011111111111,46.7791666666667,0,3),(29010,'',' ',11036,55.1797222222222,53.7955555555556,0,5),(29011,'',' ',13651,50.95,43.7347222222222,0,3),(29012,'',' ',13817,55.0219444444444,52.7388888888889,0,3),(29013,'',' ',18651,43.1908333333333,44.8272222222222,0,3),(29014,'',' ',33373,54.8413888888889,56.4411111111111,0,5),(29015,'','- ',20553,43.6605555555556,43.54,0,3),(29016,' ',' ',14264,52.5444444444444,52.8252777777778,0,5),(29017,'',' ',10487,44.1161111111111,40.7986111111111,0,3),(29018,'',' ',12048,43.3094444444444,45.1625,0,3),(29019,'',' ',18000,44.1975,42.65,0,3),(29020,'',' ',10864,46.3194444444444,38.9580555555556,0,3),(29021,'-',' ',15494,53.8411111111111,91.3719444444444,0,7),(29022,'',' ',11600,44.4533333333333,42.4930555555556,0,3),(29023,' ',' ',12746,46.5341666666667,48.3491666666667,0,3),(29024,'',' ',156820,54.6866666666667,55.9808333333333,0,5),(29025,'',' ',14742,47.0772222222222,39.5586111111111,0,3),(29026,'','- ',13085,43.5055555555556,43.7016666666667,0,3),(29027,'',' ',13877,47.3119444444444,40.3836111111111,0,3),(29028,'',' ',11134,45.4947222222222,34.2944444444444,0,1),(29029,'',' ',12854,61.6222222222222,50.7527777777778,0,3),(29030,'',' ',13285,46.1272222222222,38.9677777777778,0,3),(29031,'',' ',70365,54.6988888888889,55.9169444444444,0,5),(29032,'',' ',10445,45.2769444444444,38.835,0,3),(29033,'',' ',20380,55.2025,61.5655555555556,0,5),(29034,'',' ',17600,44.1747222222222,43.4966666666667,0,3),(29035,'',' ',10088,46.4044444444444,48.5430555555556,0,3),(29036,'-',' ',15013,52.805,104.753611111111,0,8),(29037,'','- ',17880,43.8588888888889,41.5902777777778,0,3),(29038,'',' ',11944,60.0686111111111,30.3972222222222,0,3),(29039,'',' ',10555,51.9294444444444,113.637222222222,0,9),(29040,'',' ',13400,41.4591666666667,47.7494444444444,0,3),(29041,'',' ',12284,43.19,45.92,0,3),(29042,'','-   - ',20162,60.9505555555556,76.8772222222222,0,5),(29043,'',' ',10904,54.8663888888889,61.1702777777778,0,5),(29044,'',' ',12327,59.3522222222222,30.0713888888889,0,3),(29045,'',' ',10472,54.1538888888889,74.8055555555556,0,6),(29046,'',' ',11602,42.6663888888889,46.2197222222222,0,3),(29047,'-',' ',13084,44.7258333333333,132.028888888889,0,10),(29048,'',' ',10334,44.7836111111111,37.6991666666667,0,3),(29049,'',' ',10678,54.5527777777778,54.1080555555556,0,5),(29050,'',' ',15272,53.3283333333333,82.9708333333333,0,7),(29051,'',' ',11745,51.3777777777778,46.8441666666667,0,3),(29052,'',' ',11214,51.1194444444444,40.7252777777778,0,3),(29053,'',' ',40252,45.2133333333333,39.2291666666667,0,3),(29054,'',' ',11795,41.6772222222222,48.1525,0,3),(29055,' ',' ',10301,56.4269444444444,85.0227777777778,0,6),(29056,'',' ',20201,43.6602777777778,39.6575,0,3),(29057,'',' ',12387,61.2486111111111,46.8838888888889,0,3),(29058,'',' ',23373,44.4080555555556,40.7938888888889,0,3),(29059,'',' ',20054,57.5466666666667,53.0991666666667,0,3),(29060,'',' ',21250,55.6588888888889,37.9883333333333,0,3),(29061,'',' ',199883,54.7641666666667,56.1608333333333,0,5),(29062,'',' ',11212,53.4391666666667,44.6052777777778,0,3),(29063,'',' ',17026,57.0438888888889,65.7219444444444,0,5),(29064,'',' ',17472,54.9163888888889,85.6377777777778,0,7),(29065,'',' ',11600,44.2213888888889,43.3513888888889,0,3),(29066,'',' ',14716,57.9763888888889,53.0075,0,3),(29067,'',' ',13103,69.4105555555556,30.2111111111111,0,3),(29068,'',' ',10800,45.0516666666667,42.1063888888889,0,3),(29069,'',' ',14037,45.4294444444444,38.7308333333333,0,3),(29070,'',' ',12647,54.9155555555556,61.4575,0,5),(29071,'',' ',12705,42.9730555555556,47.4691666666667,0,3),(29072,'',' ',48184,52.0725,113.384444444444,0,9),(29073,'',' ',11393,54.5705555555556,54.5338888888889,0,5),(29074,'',' ',13151,43.2152777777778,46.2836111111111,0,3),(29075,'',' ',11081,54.4411111111111,61.3605555555556,0,5),(29076,'','   - ',12471,43.3413888888889,44.2052777777778,0,3),(29077,'',' ',16416,57.0913888888889,61.6744444444444,0,5),(29078,'',' ',12629,55.5169444444444,36.9691666666667,0,3),(29079,' ',' ',19603,60.0997222222222,30.8030555555556,0,3),(29080,'',' ',14600,45.4547222222222,41.9755555555556,0,3),(29081,'',' ',11321,51.8188888888889,79.7108333333333,0,7),(29082,'',' ',25900,44.6908333333333,41.8241666666667,0,3),(29083,'',' ',17083,46.6297222222222,38.6672222222222,0,3),(29084,'',' ',19987,45.5780555555556,39.6569444444444,0,3),(29085,'',' ',10165,54.9386111111111,71.9275,0,6),(29086,'',' ',11000,44.7447222222222,44.2025,0,3),(29087,'',' ',11669,45.2977777777778,41.4919444444444,0,3),(29088,' ',' ',10569,55.9122222222222,49.3127777777778,0,3),(29089,'',' ',10694,56.4216666666667,58.5127777777778,0,5),(29090,'',' ',11599,44.5763888888889,40.0805555555556,0,3),(29091,'','-  ',10082,65.9619444444444,78.3727777777778,0,5),(29092,'',' ',15771,56.1394444444444,37.9280555555556,0,3),(29093,'',' ',11238,53.2508333333333,50.4905555555556,0,3),(29094,'',' ',14209,44.2688888888889,135.053333333333,0,10),(29095,'',' ',17863,44.0247222222222,43.0513888888889,0,3),(29096,'',' ',13021,58.2908333333333,56.4130555555556,0,5),(29097,'- ',' ',24404,43.2083333333333,44.76,0,3),(29098,'',' ',17989,43.2277777777778,44.65,0,3),(29099,'',' ',10292,56.0866666666667,37.4975,0,3),(29100,'',' ',12757,55.3052777777778,50.1141666666667,0,3),(29101,'','- ',11662,43.6194444444444,43.3477777777778,0,3),(29102,'',' ',10038,56.8452777777778,62.4933333333333,0,5),(29103,'',' ',14353,45.1180555555556,39.4216666666667,0,3),(29104,'',' ',10176,59.7525,31.0558333333333,0,3),(29105,'',' ',11206,53.0511111111111,50.495,0,3),(29106,'',' ',21100,44.0266666666667,42.8763888888889,0,3),(29107,'',' ',12504,57.2769444444444,61.9933333333333,0,5),(29108,'',' ',11770,49.9291666666667,38.8661111111111,0,3),(29109,'',' ',11863,44.8588888888889,37.3586111111111,0,3),(29110,'',' ',10728,56.0313888888889,35.5102777777778,0,3),(29111,'',' ',36393,46.3194444444444,39.3877777777778,0,3),(29112,'','   - ',12065,43.06,44.8161111111111,0,3),(29113,'',' ',11588,43.3702777777778,46.4452777777778,0,3),(29114,'',' ',17261,43.305,132.075833333333,0,10),(29115,'',' ',11673,47.6661111111111,40.2016666666667,0,3),(29116,'',' ',82201,54.7641666666667,55.8930555555556,0,5),(29117,'',' ',17898,51.1030555555556,114.533055555556,0,9),(29118,'',' ',11988,54.4333333333333,86.4283333333333,0,7),(29119,'',' ',14974,56.9508333333333,65.7652777777778,0,5),(29120,'',' ',13405,53.0858333333333,50.1586111111111,0,3),(29121,'','-   - ',26494,60.9983333333333,71.9008333333333,0,5),(29122,'',' ',118380,46.3494444444444,48.0638888888889,0,3),(29123,'',' ',11800,44.0425,44.4625,0,3),(29124,'',' ',12153,51.675,45.6252777777778,0,3),(29125,'',' ',11054,53.2975,83.5847222222222,0,7),(29126,'',' ',27256,55.2344444444444,61.3977777777778,0,5),(29127,'',' ',22338,69.3522222222222,87.7533333333333,0,7),(29128,'',' ',11640,54.6977777777778,44.8619444444444,0,3),(29129,'',' ',13280,56.0313888888889,47.2986111111111,0,3),(29130,' ',' ',10146,42.9363888888889,47.5194444444444,0,3),(29131,'',' ',11238,52.8938888888889,35.9797222222222,0,3),(29132,'',' ',12148,46.2813888888889,39.7941666666667,0,3),(29133,'',' ',12062,43.2669444444444,46.2533333333333,0,3),(29134,' ',' ',12650,55.6261111111111,36.9972222222222,0,3),(29135,'',' ',78456,55.4416666666667,65.3444444444444,0,5),(29136,'',' ',16354,42.9702777777778,47.3536111111111,0,3),(29137,'',' ',10869,46.9377777777778,39.6875,0,3),(29138,'3-',' ',11284,55.46,65.2622222222222,0,5),(29139,'',' ',12893,45.2158333333333,37.1441666666667,0,3),(29140,'',' ',10788,45.1941666666667,38.5866666666667,0,3),(29141,'',' ',11915,56.7572222222222,61.4186111111111,0,5),(29142,'',' ',12005,59.6411111111111,30.7766666666667,0,3),(29143,'',' ',17158,56.3958333333333,68.3752777777778,0,5),(29144,'',' ',150394,46.3083333333333,48.0172222222222,0,3),(29145,' ',' ',11009,59.8097222222222,30.6133333333333,0,3),(29146,'',' ',12158,43.4822222222222,44.5897222222222,0,3),(29147,'',' ',11241,42.865,131.385555555556,0,10),(29148,'',' ',26520,45.3652777777778,38.2108333333333,0,3),(29149,'',' ',18870,46.8730555555556,42.0555555555556,0,3),(29150,'',' ',11158,55.1069444444444,55.3419444444444,0,5),(29151,'',' ',11455,50.6547222222222,36.5525,0,3),(29152,'',' ',18700,53.1002777777778,45.0888888888889,0,3),(29153,'',' ',10372,54.4716666666667,36.0466666666667,0,3),(29154,'',' ',17400,55.8211111111111,48.8975,0,3),(29155,'',' ',10673,56.7863888888889,53.3741666666667,0,3),(29156,'',' ',13743,53.8886111111111,92.6677777777778,0,7),(29157,'',' ',12855,56.5608333333333,37.4336111111111,0,3),(29158,' ',' ',14674,47.5683333333333,38.8669444444444,0,3),(29159,'',' ',16073,51.4894444444444,40.4241666666667,0,3),(29160,'',' ',11778,51.9875,81.8294444444444,0,7),(29161,'',' ',12589,45.1158333333333,34.0141666666667,0,1),(29162,'',' ',19500,44.1169444444444,43.4086111111111,0,3),(29163,'',' ',12433,45.1141666666667,39.0294444444444,0,3),(29164,'',' ',66047,43.3197222222222,45.0497222222222,0,3),(29165,' ','-   - ',18620,61.2658333333333,73.2516666666667,0,5),(29166,'',' ',18051,54.4569444444444,83.3816666666667,0,6),(29167,'',' ',11718,55.0816666666667,82.6619444444444,0,6),(29168,'',' ',10947,49.7019444444444,39.8541666666667,0,3),(29169,' ',' ',13733,50.5241666666667,116.318888888889,0,9),(29170,'',' ',10218,45.2922222222222,34.1319444444444,0,1),(29171,'',' ',11267,55.1211111111111,37.9588888888889,0,3),(29172,'',' ',12563,52.22,82.2583333333333,0,7),(29173,'',' ',10643,53.1480555555556,47.7513888888889,0,3),(29174,' ',' ',11993,53.5572222222222,83.8391666666667,0,7),(29175,'',' ',15215,45.0530555555556,39.3038888888889,0,3),(29176,'',' ',14033,55.8366666666667,48.7055555555556,0,3),(29177,'',' ',10724,57.8694444444444,33.6927777777778,0,3),(29178,'',' ',13925,54.2844444444444,86.1036111111111,0,7),(29179,'',' ',11145,50.8341666666667,35.8327777777778,0,3),(29180,'',' ',22821,55.8391666666667,38.1944444444444,0,3),(29181,'',' ',20887,56.0355555555556,93.1205555555556,0,7),(29182,'-',' ',12176,43.2602777777778,45.5411111111111,0,3),(29183,'',' ',10031,46.1813888888889,41.0772222222222,0,3),(29184,'',' ',10855,55.3130555555556,37.5227777777778,0,3),(29185,'',' ',31577,59.9075,30.5119444444444,0,3),(29186,'',' ',22408,54.5894444444444,55.3802777777778,0,5),(29187,'',' ',13165,55.6111111111111,37.9736111111111,0,3),(29188,'',' ',17928,45.4525,39.0166666666667,0,3),(29189,'',' ',11876,43.6777777777778,45.125,0,3),(29190,' ',' ',14748,54.3036111111111,86.2936111111111,0,7),(29191,'',' ',10182,51.2816666666667,114.929722222222,0,9),(29192,'',' ',11533,49.3013888888889,43.9827777777778,0,3),(29193,'',' ',154313,44.9841666666667,34.0366666666667,0,1),(29194,'',' ',15314,49.0897222222222,140.255277777778,0,10),(29195,'',' ',12575,54.6055555555556,61.2294444444444,0,5),(29196,'',' ',20540,53.2513888888889,83.6947222222222,0,7),(29197,'',' ',10334,56.8927777777778,65.8913888888889,0,5),(29198,' ',' ',13530,42.8994444444444,47.5613888888889,0,3),(29199,'',' ',10891,51.5797222222222,113.045833333333,0,9),(29200,'',' ',11438,53.5138888888889,49.1338888888889,0,3),(29201,'',' ',168860,54.8805555555556,56.1113888888889,0,5),(29202,' ',' ',14159,42.7611111111111,47.1616666666667,0,3),(29203,'',' ',12725,46.3208333333333,39.955,0,3),(29204,'',' ',13032,49.6505555555556,117.329166666667,0,9),(29205,'',' ',20116,44.8502777777778,38.2997222222222,0,3),(29206,'',' ',11445,52.8338888888889,79.8686111111111,0,7),(29207,'',' ',12848,52.3794444444444,32.1972222222222,0,3),(29208,'',' ',13112,52.5247222222222,117.017222222222,0,9),(29209,'',' ',10310,44.4305555555556,34.1091666666667,0,1),(29210,'','   - ',11439,43.7022222222222,44.5955555555556,0,3),(29211,'',' ',10388,42.1708333333333,48.1244444444444,0,3),(29212,'',' ',11480,50.4841666666667,37.8519444444444,0,3),(29213,'',' ',12560,45.1119444444444,35.4783333333333,0,1),(29214,'',' ',11135,44.1647222222222,133.865555555556,0,10),(29215,'',' ',19174,53.8172222222222,83.5691666666667,0,7),(29216,'',' ',12525,54.4405555555556,45.8280555555556,0,3),(29217,'',' ',11194,59.1983333333333,37.1502777777778,0,3),(29218,'',' ',26359,55.6863888888889,37.1916666666667,0,3),(29219,'',' ',10212,43.2244444444444,45.7319444444444,0,3),(29220,'',' ',14743,51.4513888888889,41.9619444444444,0,3),(29221,'',' ',13589,43.2038888888889,46.1311111111111,0,3),(29222,'','  ',10581,56.9338888888889,49.1486111111111,0,3),(29223,'',' ',11888,50.8738888888889,115.691944444444,0,9),(29224,'',' ',15050,51.0013888888889,55.6161111111111,0,5),(29225,'',' ',13914,53.3102777777778,45.0394444444444,0,3),(29226,'','-   - ',24305,61.6097222222222,73.7197222222222,0,5),(29227,'','  ()',10135,62.1658333333333,129.8375,0,9),(29228,'',' ',11167,53.2486111111111,50.4036111111111,0,3),(29229,'',' ',11236,45.2158333333333,37.8905555555556,0,3),(29230,'',' ',13647,44.8308333333333,41.3925,0,3),(29231,'',' ',10481,52.9658333333333,35.7255555555556,0,3),(29232,' ',' ',16474,55.4286111111111,51.4136111111111,0,3),(29233,'',' ',18541,44.8480555555556,38.3891666666667,0,3),(29234,'',' ',14531,54.3227777777778,40.8777777777778,0,3),(29235,'',' ',31701,46.5330555555556,39.0536111111111,0,3),(29236,'',' ',15389,53.7891666666667,82.3161111111111,0,6),(29237,'-',' ',11301,53.2702777777778,50.5683333333333,0,3),(29238,'',' ',15027,45.12,37.6383333333333,0,3),(29239,'','-   - ',20011,63.7163888888889,66.6669444444444,0,5),(29240,'',' ',12184,45.2947222222222,39.2655555555556,0,3),(29241,'',' ',11458,55.1397222222222,54.6516666666667,0,5),(29242,'',' ',24004,55.6425,38.0094444444444,0,3),(29243,'-',' ',12077,43.2483333333333,45.9127777777778,0,3),(29244,'',' ',11267,45.5019444444444,32.7027777777778,0,1),(29245,'',' ',45899,46.0791666666667,38.9630555555556,0,3),(29246,'...',' ',77364,55.7436111111111,52.3958333333333,0,3),(29247,'',' ',26435,55.0708333333333,37.6716666666667,0,3),(29248,'',' ',50974,45.2233333333333,35.2052777777778,0,1),(29249,'',' ',10994,45.1441666666667,39.59,0,3),(29250,'',' ',11887,45.1044444444444,38.6394444444444,0,3),(29251,'',' ',12597,43.2911111111111,45.3013888888889,0,3),(29252,'',' ',23054,48.8097222222222,44.4761111111111,0,3),(29253,'',' ',10324,45.3402777777778,34.9288888888889,0,1),(29254,'',' ',10079,53.3766666666667,50.3461111111111,0,3),(29255,'',' ',11577,50.7233333333333,136.641944444444,0,10),(29256,'',' ',13854,56.0913888888889,99.6502777777778,0,8),(29257,'',' ',12172,54.5163888888889,86.3733333333333,0,7),(29258,'',' ',10954,67.5877777777778,63.7969444444444,0,3),(29259,'',' ',27912,44.0972222222222,43.0894444444444,0,3),(29260,'',' ',15616,43.2852777777778,44.8352777777778,0,3),(29261,'',' ',20573,44.7511111111111,37.7141666666667,0,3),(29262,'',' ',10221,44.4080555555556,131.379166666667,0,10),(29263,' ',' ',10569,59.9744444444444,31.035,0,3),(29264,'',' ',12679,52.4630555555556,104.371666666667,0,8),(29265,'','- ',10904,43.4333333333333,43.5761111111111,0,3),(29266,' ',' ',14477,48.7108333333333,44.8716666666667,0,3),(29267,'','  ',18923,56.6333333333333,47.8033333333333,0,3),(29268,'',' ',16564,54.065,54.9327777777778,0,5),(29269,'',' ',11015,50.0972222222222,136.498888888889,0,10),(29270,'',' ',10216,42.9911111111111,47.4022222222222,0,3),(29271,'',' ',10694,57.8963888888889,53.7138888888889,0,3),(29272,'-',' ',11310,47.6430555555556,40.8719444444444,0,3),(29273,'',' ',10128,56.2058333333333,86.4513888888889,0,7),(29274,'',' ',12920,47.4025,38.9094444444444,0,3),(29275,'',' ',10963,53.2711111111111,50.4005555555556,0,3),(29276,'',' ',17566,47.1452777777778,42.4677777777778,0,3),(29277,'',' ',10630,62.7105555555556,40.2905555555556,0,3),(29278,'',' ',10279,55.6202777777778,38.1055555555556,0,3),(29279,'',' ',13795,52.0725,53.6447222222222,0,5),(29280,'',' ',20128,56.9827777777778,52.1883333333333,0,3),(29281,'-',' ',14556,43.1716666666667,45.3691666666667,0,3),(29282,'',' ',10298,43.095,46.5736111111111,0,3),(29283,'','  ',10466,56.7591666666667,48.4727777777778,0,3),(29284,'','   - ',11845,43.0811111111111,44.6361111111111,0,3),(29285,'',' ',15842,50.9391666666667,37.8063888888889,0,3),(29286,'',' ',20332,54.8325,37.6211111111111,0,3),(29287,'','- ',10990,43.53,43.5625,0,3),(29288,'',' ',14234,43.1713888888889,45.4611111111111,0,3),(29289,'',' ',16588,59.9294444444444,30.6322222222222,0,3),(29290,'',' ',10979,44.5158333333333,40.1761111111111,0,3),(29291,'',' ',13707,43.0580555555556,47.3405555555556,0,3),(29292,'',' ',34098,44.9891666666667,38.9425,0,3),(29293,'','   - ',10147,43.0566666666667,44.7480555555556,0,3),(29294,'',' ',20408,44.8980555555556,37.3875,0,3),(29295,'',' ',12351,53.3888888888889,33.2166666666667,0,3),(29296,'',' ',10391,55.6316666666667,38.0905555555556,0,3),(29297,'',' ',13293,43.5083333333333,46.3413888888889,0,3),(29298,'',' ',11370,43.2588888888889,44.8094444444444,0,3),(29299,'',' ',11240,42.3861111111111,47.9052777777778,0,3),(29300,'',' ',10992,43.2386111111111,45.1713888888889,0,3),(29301,'','  ()',10101,61.9983333333333,132.4275,0,9),(29302,'',' ',10089,51.8755555555556,54.1905555555556,0,5),(29303,'',' ',11625,45.3402777777778,39.0769444444444,0,3),(29304,'',' ',17842,55.4638888888889,38.4463888888889,0,3),(29305,'-',' ',19350,43.2211111111111,46.195,0,3),(29306,'',' ',12512,43.1905555555556,44.8988888888889,0,3),(29307,'',' ',20034,45.8019444444444,38.9972222222222,0,3),(29308,'',' ',17578,51.7830555555556,56.3652777777778,0,5),(29309,'',' ',11062,51.8102777777778,107.539722222222,0,8),(29310,'',' ',17810,43.165,46.0019444444444,0,3),(29311,'',' ',11200,44.105,43.2747222222222,0,3),(29312,'',' ',11243,56.1291666666667,38.4330555555556,0,3),(29313,'',' ',11402,54.36,48.8488888888889,0,3),(29314,'',' ',10824,59.7255555555556,30.6122222222222,0,3),(29315,'',' ',30500,56.9325,41.0933333333333,0,3),(29316,'',' ',10254,45.4108333333333,40.4352777777778,0,3),(29317,'',' ',11398,51.6691666666667,115.638333333333,0,9),(29318,'',' ',10293,55.4891666666667,60.8755555555556,0,5),(29319,'',' ',10040,45.0025,37.2838888888889,0,3),(29320,'',' ',22968,44.3933333333333,41.5155555555556,0,3),(29321,'',' ',16016,52.5661111111111,78.9369444444444,0,7),(29322,'',' ',13439,60.2575,29.5952777777778,0,3),(29323,'',' ',12055,56.1672222222222,92.6883333333333,0,7),(29324,'',' ',21774,55.56,36.9819444444444,0,3),(29325,'-',' ',12316,43.2208333333333,45.5680555555556,0,3),(29326,'',' ',11459,57.9838888888889,56.1072222222222,0,5),(29327,'',' ',17513,53.3291666666667,91.9505555555556,0,7),(29328,'',' ',36456,55.8483333333333,37.1872222222222,0,3),(29329,'',' ',27558,46.5569444444444,39.6222222222222,0,3),(29330,'',' ',11104,50.3391666666667,127.507777777778,0,9),(29331,'','   - ',16209,43.0988888888889,44.6508333333333,0,3),(29332,' ',' ',11582,48.4702777777778,44.785,0,3),(29333,'',' ',10677,44.3355555555556,132.585,0,10),(29334,'',' ',13872,44.8761111111111,40.0594444444444,0,3),(29335,'',' ',12566,45.0225,37.5041666666667,0,3),(29336,'',' ',500000,48.0352121589231,46.0352121589231,1,4);
/*!40000 ALTER TABLE `all_cities` ENABLE KEYS */;
UNLOCK TABLES;

--
-- Table structure for table `answers_messages`
--

DROP TABLE IF EXISTS `answers_messages`;
/*!40101 SET @saved_cs_client     = @@character_set_client */;
/*!50503 SET character_set_client = utf8mb4 */;
CREATE TABLE `answers_messages` (
  `message_id` int NOT NULL AUTO_INCREMENT,
  `client_message_id` int DEFAULT NULL,
  `manager_message_id` int DEFAULT NULL,
  `post_id` int DEFAULT NULL,
  `message_datetime` datetime DEFAULT CURRENT_TIMESTAMP,
  `manager_id` int DEFAULT NULL,
  `client_id` bigint DEFAULT NULL,
  PRIMARY KEY (`message_id`)
) ENGINE=InnoDB AUTO_INCREMENT=280 DEFAULT CHARSET=utf8mb4 COLLATE=utf8mb4_0900_ai_ci;
/*!40101 SET character_set_client = @saved_cs_client */;

--
-- Dumping data for table `answers_messages`
--

LOCK TABLES `answers_messages` WRITE;
/*!40000 ALTER TABLE `answers_messages` DISABLE KEYS */;
INSERT INTO `answers_messages` VALUES (7,2036,NULL,3,'2022-01-29 11:04:36',NULL,5074995601),(8,2038,NULL,3,'2022-01-29 11:05:01',NULL,5074995601),(9,2042,NULL,3,'2022-01-29 11:05:38',NULL,5074995601),(11,2048,NULL,4,'2022-01-29 11:06:47',NULL,5074995601),(14,2053,NULL,6,'2022-01-29 11:10:01',NULL,5074995601),(15,NULL,2055,6,'2022-01-29 11:10:08',NULL,5074995601),(16,NULL,2057,6,'2022-01-29 11:11:17',NULL,5074995601),(17,2058,NULL,6,'2022-01-29 11:11:58',NULL,5074995601),(18,NULL,NULL,13,'2021-12-04 07:26:30',NULL,940108284),(19,NULL,NULL,13,'2021-12-04 07:26:43',NULL,940108284),(20,22,NULL,13,'2021-12-04 07:40:16',NULL,940108284),(21,NULL,2061,6,'2022-01-29 11:13:09',NULL,5074995601),(23,NULL,23,13,'2021-12-04 07:44:19',NULL,940108284),(24,NULL,25,13,'2021-12-04 07:50:23',NULL,940108284),(26,25,NULL,13,'2021-12-04 07:50:35',NULL,940108284),(28,NULL,28,13,'2021-12-04 07:55:16',NULL,940108284),(29,28,NULL,13,'2021-12-04 07:55:20',NULL,940108284),(30,29,NULL,13,'2021-12-04 07:55:54',NULL,940108284),(31,NULL,31,13,'2021-12-04 07:56:02',NULL,940108284),(32,NULL,32,13,'2021-12-04 08:04:00',NULL,940108284),(33,NULL,33,13,'2021-12-04 08:04:09',NULL,940108284),(34,NULL,34,13,'2021-12-04 08:04:15',NULL,940108284),(36,34,NULL,13,'2021-12-04 08:04:47',NULL,940108284),(37,NULL,37,13,'2021-12-04 08:04:53',NULL,940108284),(38,37,NULL,13,'2021-12-04 08:06:34',NULL,940108284),(40,38,NULL,13,'2021-12-04 08:07:13',NULL,940108284),(41,NULL,41,13,'2021-12-04 08:07:18',NULL,940108284),(43,44,NULL,14,'2021-12-04 08:09:56',NULL,1179238926),(44,NULL,44,14,'2021-12-04 08:10:01',NULL,1179238926),(45,NULL,45,14,'2021-12-04 08:10:42',NULL,1179238926),(46,NULL,48,14,'2021-12-04 08:12:26',NULL,1179238926),(47,49,NULL,14,'2021-12-04 08:12:30',NULL,1179238926),(48,50,NULL,14,'2021-12-04 08:12:38',NULL,1179238926),(49,NULL,51,14,'2021-12-04 08:12:50',NULL,1179238926),(50,NULL,52,14,'2021-12-04 08:13:01',NULL,1179238926),(51,NULL,53,14,'2021-12-04 08:13:51',NULL,1179238926),(52,54,NULL,14,'2021-12-04 08:14:01',NULL,1179238926),(53,55,NULL,14,'2021-12-04 08:14:04',NULL,1179238926),(55,58,NULL,15,'2021-12-04 08:16:35',NULL,757480368),(56,NULL,59,15,'2021-12-04 08:16:52',NULL,757480368),(57,NULL,60,15,'2021-12-04 08:17:09',NULL,757480368),(63,NULL,61,14,'2021-12-04 08:18:51',NULL,1179238926),(65,62,NULL,15,'2021-12-04 08:19:58',NULL,757480368),(66,63,NULL,15,'2021-12-04 08:20:07',NULL,757480368),(67,NULL,64,15,'2021-12-04 08:20:17',NULL,757480368),(68,65,NULL,15,'2021-12-04 08:20:30',NULL,757480368),(69,NULL,66,15,'2021-12-04 08:21:28',NULL,757480368),(70,NULL,67,15,'2021-12-04 08:22:13',NULL,757480368),(71,NULL,68,15,'2021-12-04 08:22:44',NULL,757480368),(72,NULL,69,15,'2021-12-04 08:22:54',NULL,757480368),(73,NULL,70,15,'2021-12-04 08:23:14',NULL,757480368),(74,NULL,71,15,'2021-12-04 08:23:35',NULL,757480368),(75,NULL,72,15,'2021-12-04 08:26:22',NULL,757480368),(76,NULL,73,15,'2021-12-04 08:26:25',NULL,757480368),(77,NULL,74,14,'2021-12-04 08:26:38',NULL,1179238926),(78,75,NULL,14,'2021-12-04 08:28:18',NULL,1179238926),(79,76,NULL,14,'2021-12-04 08:28:52',NULL,1179238926),(80,77,NULL,14,'2021-12-04 08:29:53',NULL,1179238926),(82,78,NULL,16,'2021-12-04 08:30:54',NULL,1179238926),(83,79,NULL,16,'2021-12-04 08:30:57',NULL,1179238926),(85,81,NULL,17,'2021-12-04 08:32:14',NULL,1179238926),(86,80,NULL,17,'2021-12-04 08:32:15',NULL,1179238926),(87,82,NULL,17,'2021-12-04 08:32:21',NULL,1179238926),(88,83,NULL,17,'2021-12-04 08:32:22',NULL,1179238926),(89,2614,NULL,27,'2022-04-21 01:30:05',NULL,5074995601),(91,2621,NULL,28,'2022-04-21 01:53:12',NULL,5074995601),(92,84,NULL,20,'2021-12-04 08:34:37',NULL,1179238926),(94,85,NULL,21,'2021-12-04 08:35:42',NULL,1179238926),(95,86,NULL,21,'2021-12-04 08:35:49',NULL,1179238926),(96,87,NULL,21,'2021-12-04 08:35:51',NULL,1179238926),(97,89,NULL,22,'2021-12-04 08:36:05',NULL,940108284),(99,88,NULL,22,'2021-12-04 08:36:05',NULL,940108284),(100,90,NULL,22,'2021-12-04 08:36:09',NULL,940108284),(102,91,NULL,23,'2021-12-04 08:39:07',NULL,1179238926),(104,92,NULL,24,'2021-12-04 08:40:08',NULL,1179238926),(105,93,NULL,24,'2021-12-04 08:40:14',NULL,1179238926),(106,94,NULL,15,'2021-12-04 08:42:08',NULL,757480368),(107,NULL,95,15,'2021-12-04 08:42:25',NULL,757480368),(109,98,NULL,25,'2021-12-04 11:53:58',NULL,940108284),(110,99,NULL,25,'2021-12-04 11:54:19',NULL,940108284),(112,102,NULL,26,'2021-12-04 17:01:14',NULL,939871965),(113,NULL,103,26,'2021-12-04 17:01:48',NULL,939871965),(114,104,NULL,26,'2021-12-04 17:01:57',NULL,939871965),(115,105,NULL,26,'2021-12-04 17:02:11',NULL,939871965),(116,NULL,106,26,'2021-12-04 17:02:20',NULL,939871965),(117,NULL,107,26,'2021-12-04 17:02:46',NULL,939871965),(118,NULL,108,26,'2021-12-04 17:02:52',NULL,939871965),(119,NULL,109,26,'2021-12-04 17:03:02',NULL,939871965),(120,NULL,110,26,'2021-12-04 17:03:11',NULL,939871965),(122,113,NULL,27,'2021-12-06 13:11:46',NULL,940108284),(123,114,NULL,27,'2021-12-06 13:12:06',NULL,940108284),(124,115,NULL,27,'2021-12-06 13:12:15',NULL,940108284),(125,NULL,116,27,'2021-12-06 13:13:24',NULL,940108284),(128,119,NULL,28,'2021-12-06 15:59:44',NULL,1564660886),(130,122,NULL,29,'2021-12-06 16:01:05',NULL,1578911531),(131,NULL,123,28,'2021-12-06 16:01:33',NULL,1564660886),(132,NULL,124,29,'2021-12-06 16:02:15',NULL,1578911531),(133,125,NULL,29,'2021-12-06 16:03:02',NULL,1578911531),(134,126,NULL,29,'2021-12-06 16:03:53',NULL,1578911531),(135,127,NULL,29,'2021-12-06 16:05:46',NULL,1578911531),(137,130,NULL,30,'2021-12-06 19:34:57',NULL,1564660886),(138,NULL,131,30,'2021-12-06 19:35:09',NULL,1564660886),(140,NULL,132,27,'2021-12-06 20:13:36',NULL,940108284),(142,135,NULL,31,'2021-12-06 20:17:11',NULL,1262603427),(143,NULL,136,31,'2021-12-06 20:17:17',NULL,1262603427),(144,NULL,137,31,'2021-12-06 20:17:29',NULL,1262603427),(145,138,NULL,31,'2021-12-06 20:17:32',NULL,1262603427),(147,139,NULL,32,'2021-12-06 23:26:13',NULL,1262603427),(149,140,NULL,33,'2021-12-07 00:42:19',NULL,940108284),(151,152,NULL,34,'2021-12-07 05:07:26',NULL,128885673),(155,NULL,227,33,'2021-12-07 05:27:59',NULL,940108284),(156,NULL,241,33,'2021-12-07 05:31:37',NULL,940108284),(157,NULL,242,33,'2021-12-07 05:32:38',NULL,940108284),(158,NULL,243,33,'2021-12-07 05:33:32',NULL,940108284),(159,NULL,244,33,'2021-12-07 05:33:56',NULL,940108284),(160,NULL,245,33,'2021-12-07 05:34:00',NULL,940108284),(162,246,NULL,35,'2021-12-07 06:06:41',NULL,940108284),(163,NULL,247,35,'2021-12-07 06:06:58',NULL,940108284),(164,NULL,248,35,'2021-12-07 06:07:06',NULL,940108284),(165,256,NULL,35,'2021-12-07 06:07:40',NULL,940108284),(167,NULL,266,35,'2021-12-07 20:58:40',NULL,940108284),(169,269,NULL,36,'2021-12-09 13:06:11',NULL,73202486),(170,NULL,270,36,'2021-12-09 13:07:42',NULL,73202486),(172,271,NULL,37,'2021-12-11 10:22:19',NULL,940108284),(174,273,NULL,38,'2021-12-11 10:24:36',NULL,940108284),(175,274,NULL,38,'2021-12-11 10:25:09',NULL,940108284),(176,275,NULL,38,'2021-12-11 10:26:38',NULL,940108284),(177,276,NULL,38,'2021-12-11 10:28:08',NULL,940108284),(178,277,NULL,38,'2021-12-11 10:29:15',NULL,940108284),(179,278,NULL,38,'2021-12-11 10:30:14',NULL,940108284),(180,280,NULL,38,'2021-12-11 10:31:26',NULL,940108284),(181,280,NULL,38,'2021-12-11 10:31:26',NULL,940108284),(182,281,NULL,38,'2021-12-11 10:33:17',NULL,940108284),(183,281,NULL,38,'2021-12-11 10:33:17',NULL,940108284),(184,NULL,282,38,'2021-12-11 10:34:06',NULL,940108284),(185,NULL,283,38,'2021-12-11 10:34:20',NULL,940108284),(187,NULL,285,38,'2021-12-11 10:36:32',NULL,940108284),(188,286,NULL,38,'2021-12-11 10:36:58',NULL,940108284),(189,287,NULL,38,'2021-12-11 10:37:37',NULL,940108284),(190,NULL,288,38,'2021-12-11 10:38:25',NULL,940108284),(191,NULL,289,38,'2021-12-11 10:38:37',NULL,940108284),(193,NULL,290,38,'2021-12-11 10:57:56',NULL,940108284),(195,380,NULL,40,'2021-12-14 15:03:59',NULL,940108284),(196,NULL,381,40,'2021-12-14 15:04:57',NULL,940108284),(198,392,NULL,41,'2021-12-26 15:57:37',NULL,320766220),(279,278,NULL,38,'2021-12-11 10:30:14',NULL,940108284);
/*!40000 ALTER TABLE `answers_messages` ENABLE KEYS */;
UNLOCK TABLES;

--
-- Table structure for table `answers_posts`
--

DROP TABLE IF EXISTS `answers_posts`;
/*!40101 SET @saved_cs_client     = @@character_set_client */;
/*!50503 SET character_set_client = utf8mb4 */;
CREATE TABLE `answers_posts` (
  `post_id` int NOT NULL AUTO_INCREMENT,
  `post_datetime` datetime DEFAULT CURRENT_TIMESTAMP,
  `chat_message_id` int DEFAULT NULL,
  `client_id` bigint DEFAULT NULL,
  PRIMARY KEY (`post_id`)
) ENGINE=InnoDB AUTO_INCREMENT=42 DEFAULT CHARSET=utf8mb4 COLLATE=utf8mb4_0900_ai_ci;
/*!40101 SET character_set_client = @saved_cs_client */;

--
-- Dumping data for table `answers_posts`
--

LOCK TABLES `answers_posts` WRITE;
/*!40000 ALTER TABLE `answers_posts` DISABLE KEYS */;
INSERT INTO `answers_posts` VALUES (6,'2022-01-29 11:09:58',13,5074995601),(25,'2022-04-13 16:37:43',82,5074995601),(27,'2022-04-21 01:30:01',88,5074995601),(28,'2022-04-21 01:53:08',90,5074995601);
/*!40000 ALTER TABLE `answers_posts` ENABLE KEYS */;
UNLOCK TABLES;

--
-- Table structure for table `brand_params`
--

DROP TABLE IF EXISTS `brand_params`;
/*!40101 SET @saved_cs_client     = @@character_set_client */;
/*!50503 SET character_set_client = utf8mb4 */;
CREATE TABLE `brand_params` (
  `brand_param_id` int NOT NULL AUTO_INCREMENT,
  `category_id` int DEFAULT NULL,
  `brand_id` int DEFAULT NULL,
  `param_id` int DEFAULT NULL,
  `option_id` int DEFAULT '0',
  `param_position` int DEFAULT NULL,
  PRIMARY KEY (`brand_param_id`),
  KEY `first_index` (`category_id`,`brand_id`,`param_position`),
  KEY `second_index` (`option_id`)
) ENGINE=InnoDB AUTO_INCREMENT=4736 DEFAULT CHARSET=utf8mb4 COLLATE=utf8mb4_0900_ai_ci COMMENT=' option_id = 0,      ';
/*!40101 SET character_set_client = @saved_cs_client */;

--
-- Dumping data for table `brand_params`
--

LOCK TABLES `brand_params` WRITE;
/*!40000 ALTER TABLE `brand_params` DISABLE KEYS */;
INSERT INTO `brand_params` VALUES (3,2,113,1,3,1),(4,2,113,1,4,1),(7,2,114,1,7,1),(8,2,114,1,4,1),(11,2,115,1,3,1),(12,2,115,1,4,1),(15,2,116,1,3,1),(16,2,116,1,4,1),(17,2,113,2,14,3),(18,2,113,2,15,3),(19,2,113,2,16,3),(20,2,113,2,17,3),(21,2,114,2,17,3),(22,2,114,2,13,3),(23,2,114,2,18,3),(24,2,114,2,20,3),(25,2,115,2,20,3),(26,2,115,2,21,3),(27,2,115,2,22,3),(28,2,115,2,23,3),(29,2,116,2,18,3),(30,2,116,2,19,3),(31,2,116,2,20,3),(32,2,116,2,20,3),(33,2,113,6,0,2),(34,2,114,6,0,2),(35,2,115,6,0,2),(36,2,116,6,0,2),(37,2,113,4,0,4),(38,2,114,4,0,4),(39,2,115,4,0,4),(40,2,116,4,0,4),(41,2,113,3,0,5),(42,2,114,3,0,5),(43,2,115,3,0,5),(44,2,116,3,0,5),(45,2,108,1,3,1),(46,2,108,1,4,1),(47,2,108,1,5,1),(48,2,108,2,14,3),(49,2,108,2,25,3),(50,2,109,1,3,1),(51,2,109,1,4,1),(52,2,109,1,5,1),(53,2,109,1,6,1),(54,2,109,2,14,3),(55,2,109,2,25,3),(56,2,110,1,4,1),(57,2,110,1,5,1),(58,2,110,1,6,1),(59,2,110,2,14,3),(60,2,110,2,25,3),(61,2,111,1,3,1),(62,2,111,1,4,1),(63,2,111,1,5,1),(64,2,111,2,25,3),(65,2,111,2,23,3),(66,2,111,2,24,3),(67,2,111,2,19,3),(68,2,111,2,18,3),(69,2,112,1,4,1),(70,2,112,1,5,1),(71,2,112,1,6,1),(72,2,112,2,157,3),(73,2,112,2,98,3),(74,2,112,2,26,3),(75,2,117,1,4,1),(76,2,117,1,5,1),(77,2,117,1,6,1),(78,2,117,1,7,1),(79,2,117,2,157,3),(80,2,117,2,98,3),(81,2,117,2,26,3),(82,2,117,2,115,3),(83,2,113,1,5,1),(84,2,113,1,6,1),(85,2,113,1,7,1),(86,2,113,2,157,3),(87,2,113,2,98,3),(88,2,113,2,26,3),(89,2,114,1,6,1),(90,2,114,2,157,3),(91,2,114,2,98,3),(92,2,114,2,26,3),(93,2,115,1,5,1),(94,2,115,1,6,1),(95,2,115,1,7,1),(96,2,115,2,157,3),(97,2,115,2,98,3),(98,2,115,2,26,3),(99,2,115,2,115,3),(100,2,116,1,5,1),(101,2,116,1,6,1),(102,2,116,1,7,1),(103,2,116,2,157,3),(104,2,116,2,98,3),(105,2,116,2,26,3),(106,2,116,2,115,3),(107,2,118,1,5,1),(108,2,118,1,7,1),(109,2,118,1,8,1),(110,2,118,2,14,3),(111,2,118,2,98,3),(112,2,118,2,26,3),(113,2,118,2,115,3),(114,2,118,2,13,3),(115,2,119,1,5,1),(116,2,119,1,7,1),(117,2,119,1,8,1),(118,2,119,2,14,3),(119,2,119,2,98,3),(120,2,119,2,26,3),(121,2,119,2,115,3),(122,2,119,2,13,3),(123,2,120,1,6,1),(124,2,120,1,7,1),(125,2,120,1,8,1),(126,2,120,2,157,3),(127,2,120,2,98,3),(128,2,120,2,26,3),(129,2,121,1,6,1),(130,2,121,1,7,1),(131,2,121,1,8,1),(132,2,121,2,157,3),(133,2,121,2,98,3),(134,2,121,2,26,3),(135,2,122,1,6,1),(136,2,122,1,8,1),(137,2,122,2,157,3),(138,2,122,2,98,3),(139,2,123,1,6,1),(140,2,123,1,8,1),(141,2,123,1,9,1),(142,2,123,2,157,3),(143,2,123,2,98,3),(144,2,123,2,26,3),(145,2,124,1,6,1),(146,2,124,1,7,1),(147,2,124,1,8,1),(148,2,124,2,14,3),(149,2,124,2,25,3),(150,2,124,2,17,3),(151,2,124,2,18,3),(152,2,124,2,37,3),(153,2,124,2,15,3),(154,2,590,1,6,1),(155,2,590,1,8,1),(156,2,590,1,9,1),(157,2,590,2,98,3),(158,2,590,2,157,3),(159,2,590,2,26,3),(160,2,125,1,6,1),(161,2,125,1,8,1),(162,2,125,1,9,1),(163,2,125,2,98,3),(164,2,125,2,157,3),(165,2,125,2,26,3),(166,2,125,2,38,3),(167,2,127,1,6,1),(168,2,127,1,7,1),(169,2,127,1,8,1),(170,2,127,2,16,3),(171,2,127,2,19,3),(172,2,127,2,18,3),(173,2,127,2,14,3),(174,2,127,2,25,3),(175,2,127,2,15,3),(176,2,126,1,6,1),(177,2,126,1,8,1),(178,2,126,1,9,1),(179,2,126,2,98,3),(180,2,126,2,157,3),(181,2,126,2,26,3),(182,2,126,2,38,3),(183,2,591,1,6,1),(184,2,591,1,7,1),(185,2,591,1,8,1),(186,2,591,2,25,3),(187,2,591,2,14,3),(188,2,591,2,15,3),(189,2,128,1,6,1),(190,2,128,1,7,1),(191,2,128,1,8,1),(192,2,128,2,25,3),(193,2,128,2,14,3),(194,2,128,2,15,3),(195,2,128,2,19,3),(196,2,128,2,17,3),(197,2,128,2,16,3),(198,2,129,1,6,1),(199,2,129,1,7,1),(200,2,129,1,8,1),(201,2,129,2,25,3),(202,2,129,2,14,3),(203,2,129,2,15,3),(204,2,129,2,19,3),(205,2,129,2,17,3),(206,2,129,2,16,3),(207,2,130,1,7,1),(208,2,130,1,8,1),(209,2,130,1,9,1),(210,2,130,2,98,3),(211,2,130,2,160,3),(212,2,130,2,26,3),(213,2,130,2,12,3),(214,2,131,1,7,1),(215,2,131,1,8,1),(216,2,131,1,9,1),(217,2,131,2,98,3),(218,2,131,2,160,3),(219,2,131,2,26,3),(220,2,131,2,12,3),(221,2,418,1,7,1),(222,2,418,1,8,1),(223,2,418,1,9,1),(224,2,418,2,15,3),(225,2,418,2,40,3),(226,2,418,2,39,3),(227,2,418,2,17,3),(228,2,418,2,24,3),(229,2,419,1,7,1),(230,2,419,1,8,1),(231,2,419,1,9,1),(232,2,419,2,15,3),(233,2,419,2,40,3),(234,2,419,2,39,3),(235,2,419,2,17,3),(236,2,419,2,24,3),(237,2,420,1,7,1),(238,2,420,1,8,1),(239,2,420,1,9,1),(240,2,420,1,10,1),(241,2,420,2,160,3),(242,2,420,2,26,3),(243,2,420,2,98,3),(244,2,420,2,41,3),(245,2,421,1,7,1),(246,2,421,1,8,1),(247,2,421,1,9,1),(248,2,421,1,10,1),(249,2,421,2,160,3),(250,2,421,2,26,3),(251,2,421,2,98,3),(252,2,421,2,41,3),(253,2,457,1,6,1),(254,2,457,1,7,1),(255,2,457,2,85,3),(256,2,457,2,99,3),(257,2,458,1,8,1),(258,2,458,2,14,3),(259,2,458,2,25,3),(260,2,458,2,23,3),(261,2,459,1,7,1),(262,2,459,1,8,1),(263,2,459,2,25,3),(264,2,459,2,86,3),(265,2,460,1,7,1),(266,2,460,1,8,1),(267,2,460,2,14,3),(268,2,460,2,25,3),(269,2,460,2,23,3),(270,2,44,1,6,1),(271,2,44,1,7,1),(272,2,44,2,87,3),(273,2,44,2,100,3),(274,2,44,2,110,3),(275,2,461,1,7,1),(276,2,461,1,8,1),(277,2,461,2,48,3),(278,2,462,1,7,1),(279,2,462,1,8,1),(280,2,462,1,9,1),(281,2,462,2,49,3),(282,2,462,2,89,3),(283,2,462,2,101,3),(284,2,45,1,5,1),(285,2,45,1,6,1),(286,2,45,2,50,3),(287,2,45,2,90,3),(288,2,45,2,102,3),(289,2,46,1,5,1),(290,2,46,2,20,3),(291,2,46,2,19,3),(292,2,46,2,17,3),(293,2,43,1,5,1),(294,2,43,1,6,1),(295,2,43,1,7,1),(296,2,43,2,20,3),(297,2,43,2,16,3),(298,2,43,2,19,3),(299,2,43,2,111,3),(300,2,463,1,7,1),(301,2,463,1,8,1),(302,2,463,2,77,3),(303,2,463,2,91,3),(304,2,463,2,103,3),(305,2,463,2,112,3),(306,2,464,1,6,1),(307,2,464,1,7,1),(308,2,464,1,8,1),(309,2,464,2,77,3),(310,2,464,2,91,3),(311,2,464,2,103,3),(312,2,465,1,7,1),(313,2,465,1,8,1),(314,2,465,2,20,3),(315,2,465,2,25,3),(316,2,465,2,17,3),(317,2,465,2,16,3),(318,2,466,1,6,1),(319,2,466,1,7,1),(320,2,466,1,8,1),(321,2,466,2,25,3),(322,2,466,2,17,3),(323,2,466,2,15,3),(324,2,466,2,16,3),(325,2,48,1,5,1),(326,2,48,1,6,1),(327,2,48,2,13,3),(328,2,48,2,92,3),(329,2,48,2,104,3),(330,2,55,1,5,1),(331,2,55,2,78,3),(332,2,55,2,93,3),(333,2,55,2,105,3),(334,2,467,1,6,1),(335,2,467,1,7,1),(336,2,467,1,8,1),(337,2,467,2,79,3),(338,2,467,2,94,3),(339,2,468,1,6,1),(340,2,468,1,7,1),(341,2,468,1,8,1),(342,2,468,2,79,3),(343,2,468,2,94,3),(344,2,49,1,4,1),(345,2,49,1,5,1),(346,2,49,2,80,3),(347,2,49,2,95,3),(348,2,49,2,107,3),(349,2,59,1,3,1),(350,2,59,2,14,3),(351,2,59,2,17,3),(352,2,57,1,4,1),(353,2,57,1,5,1),(354,2,57,1,6,1),(355,2,57,2,14,3),(356,2,57,2,17,3),(357,2,57,2,15,3),(358,2,47,1,5,1),(359,2,47,1,6,1),(360,2,47,2,14,3),(361,2,47,2,23,3),(362,2,47,2,15,3),(363,2,47,2,26,3),(364,2,47,2,115,3),(365,2,52,1,4,1),(366,2,52,1,5,1),(367,2,52,2,14,3),(368,2,52,2,17,3),(369,2,52,2,20,3),(370,2,52,2,26,3),(371,2,52,2,115,3),(372,2,53,1,5,1),(373,2,53,1,6,1),(374,2,53,2,17,3),(375,2,53,2,20,3),(376,2,53,2,26,3),(377,2,53,2,115,3),(378,2,469,1,5,1),(379,2,469,1,6,1),(380,2,469,2,14,3),(381,2,469,2,26,3),(382,2,469,2,23,3),(383,2,469,2,24,3),(384,2,470,1,4,1),(385,2,470,1,5,1),(386,2,470,2,14,3),(387,2,470,2,26,3),(388,2,470,2,23,3),(389,2,470,2,24,3),(390,2,471,1,4,1),(391,2,471,2,82,3),(392,2,471,2,26,3),(393,2,471,2,23,3),(394,2,471,2,111,3),(395,2,472,1,4,1),(396,2,472,1,5,1),(397,2,472,1,6,1),(398,2,472,2,14,3),(399,2,472,2,24,3),(400,2,472,2,26,3),(401,2,473,1,4,1),(402,2,473,1,5,1),(403,2,473,1,6,1),(404,2,473,2,14,3),(405,2,473,2,26,3),(406,2,474,1,4,1),(407,2,474,1,5,1),(408,2,474,2,14,3),(409,2,474,2,26,3),(410,2,475,1,5,1),(411,2,475,2,82,3),(412,2,475,2,26,3),(413,2,475,2,98,3),(414,2,476,1,5,1),(415,2,476,1,6,1),(416,2,476,1,7,1),(417,2,476,2,26,3),(418,2,476,2,98,3),(419,2,476,2,20,3),(420,2,477,1,5,1),(421,2,477,2,26,3),(422,2,477,2,98,3),(423,2,477,2,82,3),(424,2,478,1,4,1),(425,2,478,1,5,1),(426,2,478,2,26,3),(427,2,478,2,98,3),(428,2,478,2,82,3),(429,2,479,1,6,1),(430,2,479,1,7,1),(431,2,479,2,116,3),(432,2,479,2,124,3),(433,2,479,2,137,3),(434,2,479,2,150,3),(435,2,67,1,6,1),(436,2,67,1,7,1),(437,2,67,2,117,3),(438,2,67,2,125,3),(439,2,67,2,93,3),(440,2,67,2,151,3),(441,2,480,1,6,1),(442,2,480,1,7,1),(443,2,480,2,39,3),(444,2,480,2,94,3),(445,2,480,2,138,3),(446,2,61,1,6,1),(447,2,61,1,7,1),(448,2,61,2,117,3),(449,2,61,2,126,3),(450,2,60,1,6,1),(451,2,60,1,7,1),(452,2,60,2,117,3),(453,2,60,2,99,3),(454,2,481,1,6,1),(455,2,481,1,7,1),(456,2,481,2,119,3),(457,2,481,2,128,3),(458,2,63,1,6,1),(459,2,63,1,7,1),(460,2,63,2,129,3),(461,2,63,2,141,3),(462,2,65,1,6,1),(463,2,65,1,7,1),(464,2,65,2,50,3),(465,2,65,2,130,3),(466,2,65,2,142,3),(467,2,66,1,6,1),(468,2,66,1,7,1),(469,2,66,2,129,3),(470,2,66,2,141,3),(471,2,72,1,5,1),(472,2,72,1,6,1),(473,2,72,1,7,1),(474,2,72,2,50,3),(475,2,72,2,131,3),(476,2,72,2,143,3),(477,2,62,1,6,1),(478,2,62,1,7,1),(479,2,62,2,25,3),(480,2,62,2,19,3),(481,2,62,2,144,3),(482,2,62,2,93,3),(483,2,73,1,6,1),(484,2,73,1,7,1),(485,2,73,2,14,3),(486,2,73,2,17,3),(487,2,73,2,25,3),(488,2,482,1,5,1),(489,2,482,1,6,1),(490,2,482,2,13,3),(491,2,482,2,145,3),(492,2,74,1,6,1),(493,2,74,1,7,1),(494,2,74,2,14,3),(495,2,74,2,17,3),(496,2,74,2,146,3),(497,2,71,1,5,1),(498,2,71,1,6,1),(499,2,71,2,14,3),(500,2,71,2,17,3),(501,2,71,2,146,3),(502,2,75,1,5,1),(503,2,75,1,6,1),(504,2,75,2,14,3),(505,2,75,2,17,3),(506,2,75,2,15,3),(507,2,75,2,115,3),(508,2,483,1,6,1),(509,2,483,2,14,3),(510,2,483,2,135,3),(511,2,483,2,115,3),(512,2,483,2,188,3),(513,2,484,1,5,1),(514,2,484,1,6,1),(515,2,484,2,14,3),(516,2,484,2,26,3),(517,2,484,2,20,3),(518,2,484,2,24,3),(519,2,68,1,5,1),(520,2,68,1,6,1),(521,2,68,2,14,3),(522,2,68,2,26,3),(523,2,68,2,23,3),(524,2,68,2,115,3),(525,2,485,1,4,1),(526,2,485,1,5,1),(527,2,485,2,14,3),(528,2,485,2,26,3),(529,2,485,2,20,3),(530,2,485,2,24,3),(531,2,486,1,4,1),(532,2,486,1,5,1),(533,2,486,1,6,1),(534,2,486,2,20,3),(535,2,486,2,98,3),(536,2,486,2,26,3),(537,2,487,1,4,1),(538,2,487,1,5,1),(539,2,487,1,6,1),(540,2,487,2,20,3),(541,2,487,2,98,3),(542,2,487,2,26,3),(543,2,488,1,4,1),(544,2,488,1,5,1),(545,2,488,2,20,3),(546,2,488,2,98,3),(547,2,488,2,26,3),(548,2,489,1,4,1),(549,2,489,1,5,1),(550,2,489,2,25,3),(551,2,489,2,18,3),(552,2,489,2,24,3),(553,2,489,2,17,3),(554,2,489,2,154,3),(555,2,490,1,5,1),(556,2,490,1,6,1),(557,2,490,2,14,3),(558,2,490,2,15,3),(559,2,490,2,17,3),(560,2,491,1,5,1),(561,2,491,1,6,1),(562,2,491,2,20,3),(563,2,491,2,26,3),(564,2,491,2,115,3),(565,2,492,1,4,1),(566,2,492,1,5,1),(567,2,492,2,115,3),(568,2,492,2,135,3),(569,2,492,2,98,3),(570,2,493,1,8,1),(571,2,493,2,14,3),(572,2,493,2,17,3),(573,2,494,1,7,1),(574,2,495,1,7,1),(575,2,495,1,8,1),(576,2,495,2,17,3),(577,2,495,2,14,3),(578,2,496,1,6,1),(579,2,496,1,7,1),(580,2,496,2,14,3),(581,2,496,2,25,3),(582,2,496,2,174,3),(583,2,497,1,7,1),(584,2,497,2,23,3),(585,2,497,2,14,3),(586,2,498,1,6,1),(587,2,498,2,15,3),(588,2,497,1,6,1),(589,2,497,2,17,3),(590,2,499,1,5,1),(591,2,499,1,6,1),(592,2,499,1,7,1),(593,2,499,2,15,3),(594,2,499,2,17,3),(595,2,499,2,14,3),(596,2,500,1,7,1),(597,2,500,1,5,1),(598,2,500,2,14,3),(599,2,500,2,17,3),(600,2,500,2,15,3),(601,2,501,1,6,1),(602,2,501,1,7,1),(603,2,501,2,174,3),(604,2,501,2,14,3),(605,2,501,2,25,3),(606,2,501,2,20,3),(607,2,502,1,5,1),(608,2,502,1,6,1),(609,2,502,2,14,3),(610,2,502,2,17,3),(611,2,502,2,25,3),(612,2,503,1,5,1),(613,2,503,2,14,3),(614,2,503,2,17,3),(615,2,503,2,15,3),(616,2,504,1,5,1),(617,2,504,2,14,3),(618,2,504,2,17,3),(619,2,504,2,15,3),(620,2,505,1,4,1),(621,2,505,2,17,3),(622,2,505,2,15,3),(623,2,505,2,14,3),(624,2,506,1,7,1),(625,2,506,2,14,3),(626,2,506,2,25,3),(627,2,507,1,7,1),(628,2,507,2,14,3),(629,2,508,1,7,1),(630,2,508,2,25,3),(631,2,508,2,14,3),(632,2,509,1,6,1),(633,2,509,1,5,1),(634,2,509,2,14,3),(635,2,509,2,17,3),(636,2,509,2,19,3),(637,2,509,2,23,3),(638,2,510,1,7,1),(639,2,510,2,25,3),(640,2,510,2,14,3),(641,2,511,1,7,1),(642,2,511,2,17,3),(643,2,511,2,14,3),(644,2,512,1,5,1),(645,2,512,2,164,3),(646,2,512,2,16,3),(647,2,512,2,14,3),(648,2,513,1,8,1),(649,2,513,2,185,3),(650,2,513,2,14,3),(651,2,513,2,166,3),(652,2,513,2,165,3),(653,2,513,2,220,3),(654,2,513,2,25,3),(655,2,514,1,8,1),(656,2,514,2,165,3),(657,2,514,2,220,3),(658,2,514,2,166,3),(659,2,515,1,10,1),(660,2,515,1,8,1),(661,2,515,1,9,1),(662,2,515,2,167,3),(663,2,515,2,172,3),(664,2,515,2,176,3),(665,2,515,2,17,3),(666,2,516,1,8,1),(667,2,516,1,7,1),(668,2,516,2,173,3),(669,2,516,2,177,3),(670,2,516,2,180,3),(671,2,516,2,172,3),(672,2,516,2,167,3),(673,2,517,1,9,1),(674,2,517,1,8,1),(675,2,517,1,7,1),(676,2,517,2,169,3),(677,2,517,2,172,3),(678,2,518,1,8,1),(679,2,518,2,167,3),(680,2,518,2,172,3),(681,2,523,1,7,1),(682,2,523,2,25,3),(683,2,520,1,7,1),(684,2,520,1,8,1),(685,2,520,2,167,3),(686,2,520,2,19,3),(687,2,520,2,24,3),(688,2,520,2,172,3),(689,2,521,1,8,1),(690,2,521,1,7,1),(691,2,521,2,19,3),(692,2,521,2,160,3),(693,2,521,2,178,3),(694,2,521,2,25,3),(695,2,522,1,7,1),(696,2,522,1,8,1),(697,2,522,2,22,3),(698,2,522,2,174,3),(699,2,522,2,15,3),(700,2,522,2,25,3),(701,2,522,2,178,3),(702,2,522,2,17,3),(703,2,523,2,17,3),(704,2,523,2,15,3),(705,2,523,2,20,3),(706,2,524,1,7,1),(707,2,524,2,171,3),(708,2,524,2,175,3),(709,2,524,2,191,3),(710,2,527,1,8,1),(711,2,527,2,16,3),(712,2,528,1,8,1),(713,2,529,1,8,1),(714,2,529,1,7,1),(715,2,529,2,19,3),(716,2,529,2,178,3),(717,2,529,2,225,3),(718,2,529,2,14,3),(719,2,528,2,226,3),(720,2,530,1,9,1),(721,2,530,1,8,1),(722,2,530,2,184,3),(723,2,530,2,19,3),(724,2,530,2,14,3),(725,2,531,1,8,1),(726,2,531,2,185,3),(727,2,532,1,7,1),(728,2,532,1,8,1),(729,2,532,2,200,3),(730,2,532,2,14,3),(731,2,532,2,19,3),(732,2,532,2,98,3),(733,2,532,2,199,3),(734,2,266,1,8,1),(735,2,268,1,7,1),(736,2,268,2,14,3),(737,2,533,1,7,1),(738,2,533,2,17,3),(739,2,533,2,98,3),(740,2,533,2,14,3),(741,2,534,1,6,1),(742,2,534,2,19,3),(743,2,535,1,4,1),(744,2,535,2,20,3),(745,2,264,1,7,1),(746,2,270,1,7,1),(747,2,32,1,5,1),(748,2,555,1,7,1),(749,2,555,2,14,3),(750,2,556,1,7,1),(751,2,557,1,7,1),(752,2,558,1,7,1),(753,2,559,1,6,1),(754,2,559,2,14,3),(755,2,559,2,16,3),(756,2,559,2,19,3),(757,2,560,1,5,1),(758,2,560,2,19,3),(759,2,560,2,14,3),(760,2,561,1,7,1),(761,2,562,1,7,1),(762,2,563,1,7,1),(763,2,563,1,6,1),(764,2,563,2,14,3),(765,2,563,2,17,3),(766,2,564,1,7,1),(767,2,564,2,14,3),(768,2,564,2,98,3),(769,2,565,1,7,1),(770,2,565,2,14,3),(771,2,565,2,16,3),(772,2,566,1,6,1),(773,2,566,1,7,1),(774,2,566,2,17,3),(775,2,566,2,14,3),(776,2,567,1,7,1),(777,2,567,2,14,3),(778,2,567,2,17,3),(779,2,568,1,7,1),(780,2,568,2,14,3),(781,2,569,1,5,1),(782,2,569,2,14,3),(783,2,569,2,23,3),(784,2,570,1,7,1),(785,2,570,2,186,3),(786,2,570,2,220,3),(787,2,570,2,216,3),(788,2,570,2,224,3),(789,2,571,1,7,1),(790,2,571,2,213,3),(791,2,571,2,221,3),(792,2,572,1,4,1),(793,2,573,1,6,1),(794,2,573,2,164,3),(795,2,574,1,7,1),(796,2,574,2,214,3),(797,2,574,2,98,3),(798,2,575,1,6,1),(799,2,575,1,7,1),(800,2,575,2,215,3),(801,2,576,1,7,1),(802,2,576,2,216,3),(803,2,576,2,222,3),(804,2,577,1,6,1),(805,2,577,2,217,3),(806,2,577,2,17,3),(807,2,577,2,215,3),(808,2,579,1,6,1),(809,2,579,1,5,1),(810,2,579,2,19,3),(811,2,579,2,98,3),(812,2,579,2,25,3),(813,2,580,1,6,1),(814,2,580,2,14,3),(815,2,581,1,5,1),(816,2,581,2,218,3),(817,2,581,2,20,3),(818,2,581,2,215,3),(819,2,582,1,5,1),(820,2,582,2,178,3),(821,2,583,1,2,1),(822,2,583,2,15,3),(823,2,584,1,6,1),(824,2,584,1,5,1),(825,2,584,2,218,3),(826,2,584,2,215,3),(827,2,584,2,20,3),(828,2,585,1,4,1),(829,2,585,1,5,1),(830,2,585,2,17,3),(831,2,585,2,25,3),(832,2,585,2,98,3),(833,2,585,2,225,3),(834,2,586,1,4,1),(835,2,586,2,17,3),(836,2,587,2,219,3),(837,2,587,2,164,3),(838,2,587,2,25,3),(839,2,588,1,2,1),(840,2,588,2,14,3),(841,2,588,2,25,3),(842,2,588,2,223,3),(843,2,588,2,218,3),(844,2,589,1,4,1),(845,2,589,2,215,3),(846,2,589,2,17,3),(847,2,512,3,0,5),(848,2,512,4,0,4),(849,2,512,6,0,2),(850,2,513,3,0,5),(851,2,513,4,0,4),(852,2,513,6,0,2),(853,2,514,3,0,5),(854,2,514,4,0,4),(855,2,514,6,0,2),(856,2,515,3,0,5),(857,2,515,4,0,4),(858,2,515,6,0,2),(859,2,516,3,0,5),(860,2,516,4,0,4),(861,2,516,6,0,2),(862,2,517,3,0,5),(863,2,517,4,0,4),(864,2,517,6,0,2),(865,2,518,3,0,5),(866,2,518,4,0,4),(867,2,518,6,0,2),(868,2,520,3,0,5),(869,2,520,4,0,4),(870,2,520,6,0,2),(871,2,521,3,0,5),(872,2,521,4,0,4),(873,2,521,6,0,2),(874,2,522,3,0,5),(875,2,522,4,0,4),(876,2,522,6,0,2),(877,2,523,3,0,5),(878,2,523,4,0,4),(879,2,523,6,0,2),(880,2,524,3,0,5),(881,2,524,4,0,4),(882,2,524,6,0,2),(883,2,527,3,0,5),(884,2,527,4,0,4),(885,2,527,6,0,2),(886,2,528,3,0,5),(887,2,528,4,0,4),(888,2,528,6,0,2),(889,2,529,3,0,5),(890,2,529,4,0,4),(891,2,529,6,0,2),(892,2,530,3,0,5),(893,2,530,4,0,4),(894,2,530,6,0,2),(895,2,531,3,0,5),(896,2,531,4,0,4),(897,2,531,6,0,2),(898,2,532,3,0,5),(899,2,532,4,0,4),(900,2,532,6,0,2),(901,2,533,3,0,5),(902,2,533,4,0,4),(903,2,533,6,0,2),(904,2,534,3,0,5),(905,2,534,4,0,4),(906,2,534,6,0,2),(907,2,535,3,0,5),(908,2,535,4,0,4),(909,2,535,6,0,2),(910,2,32,3,0,5),(911,2,32,4,0,4),(912,2,32,6,0,2),(913,2,43,3,0,5),(914,2,43,4,0,4),(915,2,43,6,0,2),(916,2,44,3,0,5),(917,2,44,4,0,4),(918,2,44,6,0,2),(919,2,45,3,0,5),(920,2,45,4,0,4),(921,2,45,6,0,2),(922,2,46,3,0,5),(923,2,46,4,0,4),(924,2,46,6,0,2),(925,2,47,3,0,5),(926,2,47,4,0,4),(927,2,47,6,0,2),(928,2,48,3,0,5),(929,2,48,4,0,4),(930,2,48,6,0,2),(931,2,49,3,0,5),(932,2,49,4,0,4),(933,2,49,6,0,2),(934,2,555,3,0,5),(935,2,555,4,0,4),(936,2,555,6,0,2),(937,2,556,3,0,5),(938,2,556,4,0,4),(939,2,556,6,0,2),(940,2,52,3,0,5),(941,2,52,4,0,4),(942,2,52,6,0,2),(943,2,53,3,0,5),(944,2,53,4,0,4),(945,2,53,6,0,2),(946,2,557,3,0,5),(947,2,557,4,0,4),(948,2,557,6,0,2),(949,2,55,3,0,5),(950,2,55,4,0,4),(951,2,55,6,0,2),(952,2,559,3,0,5),(953,2,559,4,0,4),(954,2,559,6,0,2),(955,2,57,3,0,5),(956,2,57,4,0,4),(957,2,57,6,0,2),(958,2,561,3,0,5),(959,2,561,4,0,4),(960,2,561,6,0,2),(961,2,59,3,0,5),(962,2,59,4,0,4),(963,2,59,6,0,2),(964,2,60,3,0,5),(965,2,60,4,0,4),(966,2,60,6,0,2),(967,2,61,3,0,5),(968,2,61,4,0,4),(969,2,61,6,0,2),(970,2,62,3,0,5),(971,2,62,4,0,4),(972,2,62,6,0,2),(973,2,63,3,0,5),(974,2,63,4,0,4),(975,2,63,6,0,2),(976,2,567,3,0,5),(977,2,567,4,0,4),(978,2,567,6,0,2),(979,2,65,3,0,5),(980,2,65,4,0,4),(981,2,65,6,0,2),(982,2,66,3,0,5),(983,2,66,4,0,4),(984,2,66,6,0,2),(985,2,67,3,0,5),(986,2,67,4,0,4),(987,2,67,6,0,2),(988,2,68,3,0,5),(989,2,68,4,0,4),(990,2,68,6,0,2),(991,2,572,3,0,5),(992,2,572,4,0,4),(993,2,572,6,0,2),(994,2,573,3,0,5),(995,2,573,4,0,4),(996,2,573,6,0,2),(997,2,71,3,0,5),(998,2,71,4,0,4),(999,2,71,6,0,2),(1000,2,72,3,0,5),(1001,2,72,4,0,4),(1002,2,72,6,0,2),(1003,2,73,3,0,5),(1004,2,73,4,0,4),(1005,2,73,6,0,2),(1006,2,74,3,0,5),(1007,2,74,4,0,4),(1008,2,74,6,0,2),(1009,2,75,3,0,5),(1010,2,75,4,0,4),(1011,2,75,6,0,2),(1012,2,579,3,0,5),(1013,2,579,4,0,4),(1014,2,579,6,0,2),(1015,2,580,3,0,5),(1016,2,580,4,0,4),(1017,2,580,6,0,2),(1018,2,581,3,0,5),(1019,2,581,4,0,4),(1020,2,581,6,0,2),(1021,2,582,3,0,5),(1022,2,582,4,0,4),(1023,2,582,6,0,2),(1024,2,583,3,0,5),(1025,2,583,4,0,4),(1026,2,583,6,0,2),(1027,2,584,3,0,5),(1028,2,584,4,0,4),(1029,2,584,6,0,2),(1030,2,585,3,0,5),(1031,2,585,4,0,4),(1032,2,585,6,0,2),(1033,2,586,3,0,5),(1034,2,586,4,0,4),(1035,2,586,6,0,2),(1036,2,587,3,0,5),(1037,2,587,4,0,4),(1038,2,587,6,0,2),(1039,2,588,3,0,5),(1040,2,588,4,0,4),(1041,2,588,6,0,2),(1042,2,589,3,0,5),(1043,2,589,4,0,4),(1044,2,589,6,0,2),(1045,2,590,3,0,5),(1046,2,590,4,0,4),(1047,2,590,6,0,2),(1048,2,591,3,0,5),(1049,2,591,4,0,4),(1050,2,591,6,0,2),(1051,2,108,3,0,5),(1052,2,108,4,0,4),(1053,2,108,6,0,2),(1054,2,109,3,0,5),(1055,2,109,4,0,4),(1056,2,109,6,0,2),(1057,2,110,3,0,5),(1058,2,110,4,0,4),(1059,2,110,6,0,2),(1060,2,111,3,0,5),(1061,2,111,4,0,4),(1062,2,111,6,0,2),(1063,2,112,3,0,5),(1064,2,112,4,0,4),(1065,2,112,6,0,2),(1066,2,117,3,0,5),(1067,2,117,4,0,4),(1068,2,117,6,0,2),(1069,2,118,3,0,5),(1070,2,118,4,0,4),(1071,2,118,6,0,2),(1072,2,119,3,0,5),(1073,2,119,4,0,4),(1074,2,119,6,0,2),(1075,2,120,3,0,5),(1076,2,120,4,0,4),(1077,2,120,6,0,2),(1078,2,121,3,0,5),(1079,2,121,4,0,4),(1080,2,121,6,0,2),(1081,2,122,3,0,5),(1082,2,122,4,0,4),(1083,2,122,6,0,2),(1084,2,123,3,0,5),(1085,2,123,4,0,4),(1086,2,123,6,0,2),(1087,2,124,3,0,5),(1088,2,124,4,0,4),(1089,2,124,6,0,2),(1090,2,125,3,0,5),(1091,2,125,4,0,4),(1092,2,125,6,0,2),(1093,2,126,3,0,5),(1094,2,126,4,0,4),(1095,2,126,6,0,2),(1096,2,127,3,0,5),(1097,2,127,4,0,4),(1098,2,127,6,0,2),(1099,2,128,3,0,5),(1100,2,128,4,0,4),(1101,2,128,6,0,2),(1102,2,129,3,0,5),(1103,2,129,4,0,4),(1104,2,129,6,0,2),(1105,2,130,3,0,5),(1106,2,130,4,0,4),(1107,2,130,6,0,2),(1108,2,131,3,0,5),(1109,2,131,4,0,4),(1110,2,131,6,0,2),(1111,2,558,3,0,5),(1112,2,558,4,0,4),(1113,2,558,6,0,2),(1114,2,560,3,0,5),(1115,2,560,4,0,4),(1116,2,560,6,0,2),(1117,2,264,3,0,5),(1118,2,264,4,0,4),(1119,2,264,6,0,2),(1120,2,266,3,0,5),(1121,2,266,4,0,4),(1122,2,266,6,0,2),(1123,2,268,3,0,5),(1124,2,268,4,0,4),(1125,2,268,6,0,2),(1126,2,562,3,0,5),(1127,2,562,4,0,4),(1128,2,562,6,0,2),(1129,2,270,3,0,5),(1130,2,270,4,0,4),(1131,2,270,6,0,2),(1132,2,563,3,0,5),(1133,2,563,4,0,4),(1134,2,563,6,0,2),(1135,2,564,3,0,5),(1136,2,564,4,0,4),(1137,2,564,6,0,2),(1138,2,565,3,0,5),(1139,2,565,4,0,4),(1140,2,565,6,0,2),(1141,2,566,3,0,5),(1142,2,566,4,0,4),(1143,2,566,6,0,2),(1144,2,568,3,0,5),(1145,2,568,4,0,4),(1146,2,568,6,0,2),(1147,2,569,3,0,5),(1148,2,569,4,0,4),(1149,2,569,6,0,2),(1150,2,570,3,0,5),(1151,2,570,4,0,4),(1152,2,570,6,0,2),(1153,2,571,3,0,5),(1154,2,571,4,0,4),(1155,2,571,6,0,2),(1156,2,574,3,0,5),(1157,2,574,4,0,4),(1158,2,574,6,0,2),(1159,2,575,3,0,5),(1160,2,575,4,0,4),(1161,2,575,6,0,2),(1162,2,576,3,0,5),(1163,2,576,4,0,4),(1164,2,576,6,0,2),(1165,2,577,3,0,5),(1166,2,577,4,0,4),(1167,2,577,6,0,2),(1168,2,418,3,0,5),(1169,2,418,4,0,4),(1170,2,418,6,0,2),(1171,2,419,3,0,5),(1172,2,419,4,0,4),(1173,2,419,6,0,2),(1174,2,420,3,0,5),(1175,2,420,4,0,4),(1176,2,420,6,0,2),(1177,2,421,3,0,5),(1178,2,421,4,0,4),(1179,2,421,6,0,2),(1180,2,457,3,0,5),(1181,2,457,4,0,4),(1182,2,457,6,0,2),(1183,2,458,3,0,5),(1184,2,458,4,0,4),(1185,2,458,6,0,2),(1186,2,459,3,0,5),(1187,2,459,4,0,4),(1188,2,459,6,0,2),(1189,2,460,3,0,5),(1190,2,460,4,0,4),(1191,2,460,6,0,2),(1192,2,461,3,0,5),(1193,2,461,4,0,4),(1194,2,461,6,0,2),(1195,2,462,3,0,5),(1196,2,462,4,0,4),(1197,2,462,6,0,2),(1198,2,463,3,0,5),(1199,2,463,4,0,4),(1200,2,463,6,0,2),(1201,2,464,3,0,5),(1202,2,464,4,0,4),(1203,2,464,6,0,2),(1204,2,465,3,0,5),(1205,2,465,4,0,4),(1206,2,465,6,0,2),(1207,2,466,3,0,5),(1208,2,466,4,0,4),(1209,2,466,6,0,2),(1210,2,467,3,0,5),(1211,2,467,4,0,4),(1212,2,467,6,0,2),(1213,2,468,3,0,5),(1214,2,468,4,0,4),(1215,2,468,6,0,2),(1216,2,469,3,0,5),(1217,2,469,4,0,4),(1218,2,469,6,0,2),(1219,2,470,3,0,5),(1220,2,470,4,0,4),(1221,2,470,6,0,2),(1222,2,471,3,0,5),(1223,2,471,4,0,4),(1224,2,471,6,0,2),(1225,2,472,3,0,5),(1226,2,472,4,0,4),(1227,2,472,6,0,2),(1228,2,473,3,0,5),(1229,2,473,4,0,4),(1230,2,473,6,0,2),(1231,2,474,3,0,5),(1232,2,474,4,0,4),(1233,2,474,6,0,2),(1234,2,475,3,0,5),(1235,2,475,4,0,4),(1236,2,475,6,0,2),(1237,2,476,3,0,5),(1238,2,476,4,0,4),(1239,2,476,6,0,2),(1240,2,477,3,0,5),(1241,2,477,4,0,4),(1242,2,477,6,0,2),(1243,2,478,3,0,5),(1244,2,478,4,0,4),(1245,2,478,6,0,2),(1246,2,479,3,0,5),(1247,2,479,4,0,4),(1248,2,479,6,0,2),(1249,2,480,3,0,5),(1250,2,480,4,0,4),(1251,2,480,6,0,2),(1252,2,481,3,0,5),(1253,2,481,4,0,4),(1254,2,481,6,0,2),(1255,2,482,3,0,5),(1256,2,482,4,0,4),(1257,2,482,6,0,2),(1258,2,483,3,0,5),(1259,2,483,4,0,4),(1260,2,483,6,0,2),(1261,2,484,3,0,5),(1262,2,484,4,0,4),(1263,2,484,6,0,2),(1264,2,485,3,0,5),(1265,2,485,4,0,4),(1266,2,485,6,0,2),(1267,2,486,3,0,5),(1268,2,486,4,0,4),(1269,2,486,6,0,2),(1270,2,487,3,0,5),(1271,2,487,4,0,4),(1272,2,487,6,0,2),(1273,2,488,3,0,5),(1274,2,488,4,0,4),(1275,2,488,6,0,2),(1276,2,489,3,0,5),(1277,2,489,4,0,4),(1278,2,489,6,0,2),(1279,2,490,3,0,5),(1280,2,490,4,0,4),(1281,2,490,6,0,2),(1282,2,491,3,0,5),(1283,2,491,4,0,4),(1284,2,491,6,0,2),(1285,2,492,3,0,5),(1286,2,492,4,0,4),(1287,2,492,6,0,2),(1288,2,493,3,0,5),(1289,2,493,4,0,4),(1290,2,493,6,0,2),(1291,2,494,3,0,5),(1292,2,494,4,0,4),(1293,2,494,6,0,2),(1294,2,495,3,0,5),(1295,2,495,4,0,4),(1296,2,495,6,0,2),(1297,2,496,3,0,5),(1298,2,496,4,0,4),(1299,2,496,6,0,2),(1300,2,497,3,0,5),(1301,2,497,4,0,4),(1302,2,497,6,0,2),(1303,2,498,3,0,5),(1304,2,498,4,0,4),(1305,2,498,6,0,2),(1306,2,499,3,0,5),(1307,2,499,4,0,4),(1308,2,499,6,0,2),(1309,2,500,3,0,5),(1310,2,500,4,0,4),(1311,2,500,6,0,2),(1312,2,501,3,0,5),(1313,2,501,4,0,4),(1314,2,501,6,0,2),(1315,2,502,3,0,5),(1316,2,502,4,0,4),(1317,2,502,6,0,2),(1318,2,503,3,0,5),(1319,2,503,4,0,4),(1320,2,503,6,0,2),(1321,2,504,3,0,5),(1322,2,504,4,0,4),(1323,2,504,6,0,2),(1324,2,505,3,0,5),(1325,2,505,4,0,4),(1326,2,505,6,0,2),(1327,2,506,3,0,5),(1328,2,506,4,0,4),(1329,2,506,6,0,2),(1330,2,507,3,0,5),(1331,2,507,4,0,4),(1332,2,507,6,0,2),(1333,2,508,3,0,5),(1334,2,508,4,0,4),(1335,2,508,6,0,2),(1336,2,509,3,0,5),(1337,2,509,4,0,4),(1338,2,509,6,0,2),(1339,2,510,3,0,5),(1340,2,510,4,0,4),(1341,2,510,6,0,2),(1342,2,511,3,0,5),(1343,2,511,4,0,4),(1344,2,511,6,0,2),(1345,20,898,11,0,1),(1346,20,899,11,0,1),(1347,20,900,11,0,1),(1348,20,901,11,0,1),(1349,20,902,11,0,1),(1350,20,903,11,0,1),(1351,20,904,11,0,1),(1352,20,905,11,0,1),(1353,20,906,11,0,1),(1354,20,907,11,0,1),(1355,20,908,11,0,1),(1356,20,909,11,0,1),(1357,20,910,11,0,1),(1358,20,911,11,0,1),(1359,20,912,11,0,1),(1360,20,913,11,0,1),(1361,20,914,11,0,1),(1362,20,915,11,0,1),(1363,20,916,11,0,1),(1364,20,917,11,0,1),(1365,20,918,11,0,1),(1366,20,919,11,0,1),(1367,20,920,11,0,1),(1368,20,921,11,0,1),(1369,20,922,11,0,1),(1370,20,923,11,0,1),(1371,20,924,11,0,1),(1372,20,925,11,0,1),(1373,20,926,11,0,1),(1374,20,927,11,0,1),(1375,20,928,11,0,1),(1376,20,929,11,0,1),(1377,20,930,11,0,1),(1378,20,931,11,0,1),(1379,20,932,11,0,1),(1380,20,933,11,0,1),(1381,20,934,11,0,1),(1382,20,935,11,0,1),(1383,20,936,11,0,1),(1384,20,937,11,0,1),(1385,20,938,11,0,1),(1386,20,939,11,0,1),(1387,20,940,11,0,1),(1388,20,941,11,0,1),(1389,20,898,12,0,2),(1390,20,899,12,0,2),(1391,20,900,12,0,2),(1392,20,901,12,0,2),(1393,20,902,12,0,2),(1394,20,903,12,0,2),(1395,20,904,12,0,2),(1396,20,905,12,0,2),(1397,20,906,12,0,2),(1398,20,907,12,0,2),(1399,20,908,12,0,2),(1400,20,909,12,0,2),(1401,20,910,12,0,2),(1402,20,911,12,0,2),(1403,20,912,12,0,2),(1404,20,913,12,0,2),(1405,20,914,12,0,2),(1406,20,915,12,0,2),(1407,20,916,12,0,2),(1408,20,917,12,0,2),(1409,20,918,12,0,2),(1410,20,919,12,0,2),(1411,20,920,12,0,2),(1412,20,921,12,0,2),(1413,20,922,12,0,2),(1414,20,923,12,0,2),(1415,20,924,12,0,2),(1416,20,925,12,0,2),(1417,20,926,12,0,2),(1418,20,927,12,0,2),(1419,20,928,12,0,2),(1420,20,929,12,0,2),(1421,20,930,12,0,2),(1422,20,931,12,0,2),(1423,20,932,12,0,2),(1424,20,933,12,0,2),(1425,20,934,12,0,2),(1426,20,935,12,0,2),(1427,20,936,12,0,2),(1428,20,937,12,0,2),(1429,20,938,12,0,2),(1430,20,939,12,0,2),(1431,20,940,12,0,2),(1432,20,941,12,0,2),(1433,20,898,13,0,3),(1434,20,899,13,0,3),(1435,20,900,13,0,3),(1436,20,901,13,0,3),(1437,20,902,13,0,3),(1438,20,903,13,0,3),(1439,20,904,13,0,3),(1440,20,905,13,0,3),(1441,20,906,13,0,3),(1442,20,907,13,0,3),(1443,20,908,13,0,3),(1444,20,909,13,0,3),(1445,20,910,13,0,3),(1446,20,911,13,0,3),(1447,20,912,13,0,3),(1448,20,913,13,0,3),(1449,20,914,13,0,3),(1450,20,915,13,0,3),(1451,20,916,13,0,3),(1452,20,917,13,0,3),(1453,20,918,13,0,3),(1454,20,919,13,0,3),(1455,20,920,13,0,3),(1456,20,921,13,0,3),(1457,20,922,13,0,3),(1458,20,923,13,0,3),(1459,20,924,13,0,3),(1460,20,925,13,0,3),(1461,20,926,13,0,3),(1462,20,927,13,0,3),(1463,20,928,13,0,3),(1464,20,929,13,0,3),(1465,20,930,13,0,3),(1466,20,931,13,0,3),(1467,20,932,13,0,3),(1468,20,933,13,0,3),(1469,20,934,13,0,3),(1470,20,935,13,0,3),(1471,20,936,13,0,3),(1472,20,937,13,0,3),(1473,20,938,13,0,3),(1474,20,939,13,0,3),(1475,20,940,13,0,3),(1476,20,941,13,0,3),(1477,20,1350,14,324,1),(1478,20,1350,14,325,1),(1479,20,1350,14,326,1),(1480,20,1350,14,327,1),(1481,20,1350,14,328,1),(1482,20,1350,14,329,1),(1483,20,1350,14,330,1),(1484,20,1350,14,331,1),(1485,20,1350,14,332,1),(1486,20,1350,14,333,1),(1487,20,1350,14,334,1),(1488,20,1350,14,335,1),(1489,20,1350,14,336,1),(1490,20,1350,14,337,1),(1491,20,1350,15,309,1),(1492,20,1350,15,310,1),(1493,20,1350,15,311,1),(1494,20,1350,15,312,1),(1495,20,1350,15,313,1),(1496,20,1350,15,314,1),(1497,20,1350,15,315,1),(1498,20,1350,15,316,1),(1499,20,1350,15,317,1),(1500,20,1350,15,318,1),(1501,20,1351,14,324,1),(1502,20,1351,14,325,1),(1503,20,1351,14,326,1),(1504,20,1351,14,327,1),(1505,20,1351,14,328,1),(1506,20,1351,14,329,1),(1507,20,1351,14,330,1),(1508,20,1351,14,331,1),(1509,20,1351,14,332,1),(1510,20,1351,14,333,1),(1511,20,1351,14,334,1),(1512,20,1351,14,335,1),(1513,20,1351,14,336,1),(1514,20,1351,14,337,1),(1515,20,1351,15,309,1),(1516,20,1351,15,310,1),(1517,20,1351,15,311,1),(1518,20,1351,15,312,1),(1519,20,1351,15,313,1),(1520,20,1351,15,314,1),(1521,20,1351,15,315,1),(1522,20,1351,15,316,1),(1523,20,1351,15,317,1),(1524,20,1351,15,318,1),(1525,20,1352,14,319,1),(1526,20,1352,14,320,1),(1527,20,1352,14,321,1),(1528,20,1352,14,322,1),(1529,20,1352,14,323,1),(1530,20,1352,14,324,1),(1531,20,1352,14,325,1),(1532,20,1352,14,326,1),(1533,20,1352,15,309,1),(1534,20,1352,15,310,1),(1535,20,1352,15,311,1),(1536,20,1352,15,312,1),(1537,20,1352,15,313,1),(1538,20,1352,15,314,1),(1539,20,1352,15,315,1),(1540,20,1352,15,316,1),(1541,20,1353,14,324,1),(1542,20,1353,14,325,1),(1543,20,1353,14,326,1),(1544,20,1353,14,327,1),(1545,20,1353,14,328,1),(1546,20,1353,14,329,1),(1547,20,1353,14,330,1),(1548,20,1353,14,331,1),(1549,20,1353,14,332,1),(1550,20,1353,14,333,1),(1551,20,1353,14,334,1),(1552,20,1353,14,335,1),(1553,20,1353,14,336,1),(1554,20,1353,14,337,1),(1555,20,1353,15,309,1),(1556,20,1353,15,310,1),(1557,20,1353,15,311,1),(1558,20,1353,15,312,1),(1559,20,1353,15,313,1),(1560,20,1353,15,314,1),(1561,20,1353,15,315,1),(1562,20,1353,15,316,1),(1563,20,1353,15,317,1),(1564,20,1353,15,318,1),(1565,20,1354,14,324,1),(1566,20,1354,14,325,1),(1567,20,1354,14,326,1),(1568,20,1354,14,327,1),(1569,20,1354,14,328,1),(1570,20,1354,14,329,1),(1571,20,1354,14,330,1),(1572,20,1354,14,331,1),(1573,20,1354,14,332,1),(1574,20,1354,14,333,1),(1575,20,1354,14,334,1),(1576,20,1354,14,335,1),(1577,20,1354,14,336,1),(1578,20,1354,14,337,1),(1579,20,1354,15,309,1),(1580,20,1354,15,310,1),(1581,20,1354,15,311,1),(1582,20,1354,15,312,1),(1583,20,1354,15,313,1),(1584,20,1354,15,314,1),(1585,20,1354,15,315,1),(1586,20,1354,15,316,1),(1587,20,1354,15,317,1),(1588,20,1354,15,318,1),(1589,20,1355,14,319,1),(1590,20,1355,14,320,1),(1591,20,1355,14,321,1),(1592,20,1355,14,322,1),(1593,20,1355,14,323,1),(1594,20,1355,14,324,1),(1595,20,1355,14,325,1),(1596,20,1355,14,326,1),(1597,20,1355,14,327,1),(1598,20,1355,14,328,1),(1599,20,1355,14,329,1),(1600,20,1355,14,330,1),(1601,20,1355,14,331,1),(1602,20,1355,14,332,1),(1603,20,1355,15,309,1),(1604,20,1355,15,310,1),(1605,20,1355,15,311,1),(1606,20,1355,15,312,1),(1607,20,1355,15,313,1),(1608,20,1355,15,314,1),(1609,20,1355,15,315,1),(1610,20,1355,15,316,1),(1611,20,1355,15,317,1),(1612,20,1355,15,318,1),(1613,20,1356,14,319,1),(1614,20,1356,14,320,1),(1615,20,1356,14,321,1),(1616,20,1356,14,322,1),(1617,20,1356,14,323,1),(1618,20,1356,14,324,1),(1619,20,1356,14,325,1),(1620,20,1356,14,326,1),(1621,20,1356,14,327,1),(1622,20,1356,14,328,1),(1623,20,1356,14,329,1),(1624,20,1356,14,330,1),(1625,20,1356,14,331,1),(1626,20,1356,14,332,1),(1627,20,1356,15,309,1),(1628,20,1356,15,310,1),(1629,20,1356,15,311,1),(1630,20,1356,15,312,1),(1631,20,1356,15,313,1),(1632,20,1356,15,314,1),(1633,20,1356,15,315,1),(1634,20,1356,15,316,1),(1635,20,1356,15,317,1),(1636,20,1356,15,318,1),(1637,20,1357,14,319,1),(1638,20,1357,14,320,1),(1639,20,1357,14,321,1),(1640,20,1357,14,322,1),(1641,20,1357,14,323,1),(1642,20,1357,14,324,1),(1643,20,1357,14,325,1),(1644,20,1357,14,326,1),(1645,20,1357,14,327,1),(1646,20,1357,14,328,1),(1647,20,1357,14,329,1),(1648,20,1357,14,330,1),(1649,20,1357,14,331,1),(1650,20,1357,14,332,1),(1651,20,1357,15,309,1),(1652,20,1357,15,310,1),(1653,20,1357,15,311,1),(1654,20,1357,15,312,1),(1655,20,1357,15,313,1),(1656,20,1357,15,314,1),(1657,20,1357,15,315,1),(1658,20,1357,15,316,1),(1659,20,1357,15,317,1),(1660,20,1357,15,318,1),(1661,20,1233,16,259,1),(1662,20,1233,16,260,1),(1663,20,1233,16,261,1),(1664,20,1233,16,262,1),(1665,20,1233,16,263,1),(1666,20,1233,16,264,1),(1667,20,1233,16,265,1),(1668,20,1233,16,266,1),(1669,20,1233,16,267,1),(1670,20,1233,16,268,1),(1671,20,1233,16,269,1),(1672,20,1233,16,270,1),(1673,20,1233,16,271,1),(1674,20,1233,16,272,1),(1675,20,1233,16,273,1),(1676,20,1233,16,274,1),(1677,20,1233,16,275,1),(1678,20,1233,16,276,1),(1679,20,1233,16,277,1),(1680,20,1233,16,278,1),(1681,20,1233,16,279,1),(1682,20,1233,16,280,1),(1683,20,1233,16,281,1),(1684,20,1233,16,282,1),(1685,20,1233,16,283,1),(1686,20,1233,17,284,1),(1687,20,1233,17,285,1),(1688,20,1233,17,286,1),(1689,20,1233,17,287,1),(1690,20,1233,17,288,1),(1691,20,1233,17,289,1),(1692,20,1233,17,290,1),(1693,20,1233,17,291,1),(1694,20,1233,17,292,1),(1695,20,1233,17,293,1),(1696,20,1233,17,294,1),(1697,20,1233,17,295,1),(1698,20,1233,17,296,1),(1699,20,1233,17,297,1),(1700,20,1233,17,298,1),(1701,20,1233,17,299,1),(1702,20,1233,17,300,1),(1703,20,1233,17,301,1),(1704,20,1233,17,302,1),(1705,20,1233,17,303,1),(1706,20,1233,17,304,1),(1707,20,1233,17,305,1),(1708,20,1233,17,306,1),(1709,20,1233,17,307,1),(1710,20,1233,17,308,1),(1711,21,1234,14,321,1),(1712,21,1234,14,322,1),(1713,21,1234,14,323,1),(1714,21,1234,14,324,1),(1715,21,1234,14,325,1),(1716,21,1234,14,326,1),(1717,21,1234,14,327,1),(1718,21,1234,14,328,1),(1719,21,1234,14,329,1),(1720,21,1234,14,330,1),(1721,21,1234,14,331,1),(1722,21,1234,14,332,1),(1723,21,1234,14,333,1),(1724,21,1234,14,334,1),(1725,21,1234,14,335,1),(1726,21,1234,14,336,1),(1727,21,1234,14,337,1),(1728,21,1234,15,309,1),(1729,21,1234,15,310,1),(1730,21,1234,15,311,1),(1731,21,1234,15,312,1),(1732,21,1234,15,313,1),(1733,21,1234,15,314,1),(1734,21,1234,15,315,1),(1735,21,1234,15,316,1),(1736,21,1234,15,317,1),(1737,21,1234,15,318,1),(1738,21,1235,14,321,1),(1739,21,1235,14,322,1),(1740,21,1235,14,323,1),(1741,21,1235,14,324,1),(1742,21,1235,14,325,1),(1743,21,1235,14,326,1),(1744,21,1235,14,327,1),(1745,21,1235,14,328,1),(1746,21,1235,14,329,1),(1747,21,1235,14,330,1),(1748,21,1235,14,331,1),(1749,21,1235,14,332,1),(1750,21,1235,14,333,1),(1751,21,1235,14,334,1),(1752,21,1235,14,335,1),(1753,21,1235,14,336,1),(1754,21,1235,14,337,1),(1755,21,1235,15,309,1),(1756,21,1235,15,310,1),(1757,21,1235,15,311,1),(1758,21,1235,15,312,1),(1759,21,1235,15,313,1),(1760,21,1235,15,314,1),(1761,21,1235,15,315,1),(1762,21,1235,15,316,1),(1763,21,1235,15,317,1),(1764,21,1235,15,318,1),(1765,21,1236,16,259,1),(1766,21,1236,16,260,1),(1767,21,1236,16,261,1),(1768,21,1236,16,262,1),(1769,21,1236,16,263,1),(1770,21,1236,16,264,1),(1771,21,1236,16,265,1),(1772,21,1236,16,266,1),(1773,21,1236,16,267,1),(1774,21,1236,16,268,1),(1775,21,1236,16,269,1),(1776,21,1236,16,270,1),(1777,21,1236,16,271,1),(1778,21,1236,16,272,1),(1779,21,1236,16,273,1),(1780,21,1236,16,274,1),(1781,21,1236,16,275,1),(1782,21,1236,17,288,1),(1783,21,1236,17,289,1),(1784,21,1236,17,290,1),(1785,21,1236,17,291,1),(1786,21,1236,17,292,1),(1787,21,1236,17,293,1),(1788,21,1236,17,294,1),(1789,21,1236,17,295,1),(1790,21,1236,17,296,1),(1791,21,1236,17,297,1),(1792,21,1236,17,298,1),(1793,21,1236,17,299,1),(1794,21,1236,17,300,1),(1795,21,1236,17,301,1),(1796,21,1236,17,302,1),(1797,21,1236,17,303,1),(1798,21,1236,17,304,1),(1799,16,1594,1,8,1),(1800,16,1594,1,9,1),(1801,16,1595,1,8,1),(1802,16,1595,1,9,1),(1803,16,1595,1,10,1),(1804,16,1596,1,8,1),(1805,16,1596,1,9,1),(1806,16,1597,1,8,1),(1807,16,1597,1,9,1),(1808,16,1597,1,11,1),(1809,16,1597,2,98,3),(1810,16,1597,2,157,3),(1811,16,1598,1,8,1),(1812,16,1598,1,9,1),(1813,16,1598,2,98,3),(1814,16,1598,2,157,3),(1815,16,1599,1,8,1),(1816,16,1599,1,9,1),(1817,16,1599,1,10,1),(1818,16,1599,1,11,1),(1819,16,1599,1,339,1),(1820,16,1599,2,98,3),(1821,16,1599,2,157,3),(1822,16,1600,1,8,1),(1823,16,1600,1,9,1),(1824,16,1600,1,10,1),(1825,16,1600,1,11,1),(1826,16,1600,1,339,1),(1827,16,1600,2,98,3),(1828,16,1600,2,157,3),(1829,16,1580,1,6,1),(1830,16,1580,1,7,1),(1831,16,1581,1,7,1),(1832,16,1581,1,8,1),(1833,16,1581,1,9,1),(1834,16,1582,1,7,1),(1835,16,1582,1,8,1),(1836,16,1583,1,7,1),(1837,16,1583,1,8,1),(1838,16,1584,1,7,1),(1839,16,1584,1,8,1),(1840,16,1584,1,9,1),(1841,16,1585,1,8,1),(1842,16,1585,1,9,1),(1843,16,1585,1,338,1),(1844,16,1585,2,157,3),(1845,16,1585,2,26,3),(1846,16,1585,2,98,3),(1847,16,1586,1,8,1),(1848,16,1586,1,9,1),(1849,16,1586,1,10,1),(1850,16,1586,2,157,3),(1851,16,1586,2,26,3),(1852,16,1586,2,98,3),(1853,16,1587,1,7,1),(1854,16,1587,1,8,1),(1855,16,1587,1,9,1),(1856,16,1587,1,338,1),(1857,16,1587,2,157,3),(1858,16,1587,2,26,3),(1859,16,1587,2,98,3),(1860,16,1588,1,8,1),(1861,16,1588,1,9,1),(1862,16,1588,1,10,1),(1863,16,1588,1,11,1),(1864,16,1588,2,157,3),(1865,16,1588,2,26,3),(1866,16,1588,2,98,3),(1867,16,1604,1,6,1),(1868,16,1604,1,7,1),(1869,16,1605,1,7,1),(1870,16,1605,1,8,1),(1871,16,1605,1,9,1),(1872,16,1606,1,7,1),(1873,16,1606,1,8,1),(1874,16,1607,1,7,1),(1875,16,1607,1,8,1),(1876,16,1612,1,7,1),(1877,16,1612,1,8,1),(1878,16,1613,1,7,1),(1879,16,1613,1,8,1),(1880,16,1613,1,9,1),(1881,16,1614,1,7,1),(1882,16,1614,1,8,1),(1883,16,1614,1,10,1),(1884,16,1615,1,8,1),(1885,16,1615,1,9,1),(1886,16,1615,1,10,1),(1887,16,1615,2,98,3),(1888,16,1615,2,157,3),(1889,16,1616,1,7,1),(1890,16,1616,1,8,1),(1891,16,1616,1,9,1),(1892,16,1616,1,10,1),(1893,16,1616,2,98,3),(1894,16,1616,2,157,3),(1895,16,1617,1,8,1),(1896,16,1617,1,9,1),(1897,16,1617,1,10,1),(1898,16,1617,1,11,1),(1899,16,1617,2,98,3),(1900,16,1617,2,157,3),(1901,16,1618,1,8,1),(1902,16,1618,1,9,1),(1903,16,1618,1,10,1),(1904,16,1618,1,11,1),(1905,16,1618,2,98,3),(1906,16,1618,2,157,3),(1907,16,1619,1,9,1),(1908,16,1619,1,10,1),(1909,16,1619,1,11,1),(1910,16,1619,1,339,1),(1911,16,1619,2,98,3),(1912,16,1619,2,157,3),(1913,16,1624,1,9,1),(1914,16,1624,1,11,1),(1915,16,1624,1,339,1),(1916,16,1624,2,98,3),(1917,16,1624,2,157,3),(1918,16,1625,1,8,1),(1919,16,1625,1,9,1),(1920,16,1625,1,10,1),(1921,16,1625,1,11,1),(1922,16,1625,2,98,3),(1923,16,1625,2,157,3),(1924,16,1626,1,9,1),(1925,16,1626,1,10,1),(1926,16,1626,1,11,1),(1927,16,1626,1,339,1),(1928,16,1626,2,98,3),(1929,16,1626,2,157,3),(1930,16,1627,1,9,1),(1931,16,1627,1,10,1),(1932,16,1627,1,11,1),(1933,16,1627,1,339,1),(1934,16,1627,2,157,3),(1935,19,847,2,19,3),(1936,19,847,2,14,3),(1937,19,847,2,24,3),(1938,19,848,2,14,3),(1939,19,848,2,24,3),(1940,19,849,2,14,3),(1941,19,850,2,14,3),(1942,19,851,2,207,3),(1943,19,852,2,14,3),(1944,19,852,2,26,3),(1945,19,852,2,20,3),(1946,19,853,2,14,3),(1947,19,853,2,19,3),(1948,19,854,2,14,3),(1949,19,854,2,24,3),(1950,19,855,2,19,3),(1951,19,856,2,19,3),(1952,19,856,2,24,3),(1953,19,856,2,14,3),(1954,19,857,2,20,3),(1955,19,857,2,14,3),(1956,19,858,2,25,3),(1957,19,858,2,14,3),(1958,19,859,2,208,3),(1959,19,860,2,26,3),(1960,19,861,2,14,3),(1961,19,846,2,14,3),(1962,19,846,2,20,3),(1963,19,1651,2,14,3),(1964,19,1651,2,21,3),(1965,19,863,2,14,3),(1966,19,864,2,14,3),(1967,19,865,2,14,3),(1968,19,866,2,14,3),(1969,19,867,2,14,3),(1970,19,868,2,14,3),(1971,19,869,2,14,3),(1972,19,870,2,14,3),(1973,19,870,2,20,3),(1974,19,870,2,22,3),(1975,19,870,2,24,3),(1976,19,870,2,201,3),(1977,19,870,2,23,3),(1978,19,871,2,14,3),(1979,19,871,2,20,3),(1980,19,871,2,22,3),(1981,19,871,2,24,3),(1982,19,871,2,201,3),(1983,19,871,2,23,3),(1984,19,872,2,14,3),(1985,19,872,2,20,3),(1986,19,872,2,22,3),(1987,19,872,2,24,3),(1988,19,872,2,201,3),(1989,19,872,2,23,3),(1990,19,873,2,14,3),(1991,19,873,2,17,3),(1992,19,873,2,15,3),(1993,19,874,2,14,3),(1994,19,874,2,17,3),(1995,19,874,2,24,3),(1996,19,874,2,16,3),(1997,19,874,2,15,3),(1998,19,875,2,14,3),(1999,19,876,2,205,3),(2000,19,876,2,204,3),(2001,19,876,2,185,3),(2002,19,876,2,19,3),(2003,19,876,2,22,3),(2004,19,876,2,18,3),(2005,19,876,2,206,3),(2006,19,877,2,14,3),(2007,19,877,2,17,3),(2008,19,877,2,22,3),(2009,19,877,2,203,3),(2010,19,877,2,202,3),(2011,19,877,2,19,3),(2012,19,878,2,202,3),(2013,19,878,2,17,3),(2014,19,878,2,14,3),(2015,19,879,2,14,3),(2016,19,1652,2,98,3),(2017,19,1652,2,157,3),(2018,19,1652,2,115,3),(2019,19,1652,2,204,3),(2020,19,1653,2,98,3),(2021,19,1653,2,157,3),(2022,19,1653,2,115,3),(2023,19,1653,2,204,3),(2024,19,1662,2,98,3),(2025,19,1662,2,157,3),(2026,19,1662,2,115,3),(2027,19,1662,2,204,3),(2028,19,1663,2,98,3),(2029,19,1663,2,157,3),(2030,19,1663,2,115,3),(2031,19,1663,2,204,3),(2032,19,1664,2,115,3),(2033,19,1664,2,157,3),(2034,19,1664,2,98,3),(2035,19,1664,2,26,3),(2036,19,1665,2,115,3),(2037,19,1665,2,157,3),(2038,19,1665,2,98,3),(2039,19,1665,2,26,3),(2040,19,1666,1,3,1),(2041,19,1666,1,4,1),(2042,19,1666,2,25,3),(2043,19,1666,2,98,3),(2044,19,1666,2,157,3),(2045,19,1666,2,14,3),(2046,19,1667,1,3,1),(2047,19,1667,1,4,1),(2048,19,1667,2,25,3),(2049,19,1667,2,98,3),(2050,19,1667,2,157,3),(2051,19,1667,2,14,3),(2052,19,1668,2,98,3),(2053,19,1668,2,26,3),(2054,19,1668,2,157,3),(2055,19,1669,2,98,3),(2056,19,1669,2,26,3),(2057,19,1669,2,157,3),(2058,19,1670,2,98,3),(2059,19,1670,2,26,3),(2060,19,1670,2,157,3),(2061,19,1671,2,98,3),(2062,19,1671,2,26,3),(2063,19,1671,2,157,3),(2064,19,1672,2,98,3),(2065,19,1672,2,26,3),(2066,19,1672,2,157,3),(2067,19,1673,2,98,3),(2068,19,1673,2,26,3),(2069,19,1673,2,157,3),(2070,19,1674,2,98,3),(2071,19,1674,2,26,3),(2072,19,1674,2,157,3),(2073,19,1675,2,98,3),(2074,19,1675,2,26,3),(2075,19,1675,2,157,3),(2076,19,1676,2,39,3),(2077,19,1676,2,40,3),(2078,19,1676,2,19,3),(2079,19,1676,2,17,3),(2080,19,1676,2,15,3),(2081,19,1677,2,39,3),(2082,19,1677,2,40,3),(2083,19,1677,2,19,3),(2084,19,1677,2,17,3),(2085,19,1677,2,15,3),(2086,19,1694,2,24,3),(2087,19,1694,2,98,3),(2088,19,1694,2,14,3),(2089,19,1695,2,24,3),(2090,19,1695,2,98,3),(2091,19,1695,2,14,3),(2092,19,1696,2,19,3),(2093,19,1696,2,14,3),(2094,19,1696,2,98,3),(2095,19,1696,2,115,3),(2096,19,1697,2,19,3),(2097,19,1697,2,14,3),(2098,19,1697,2,98,3),(2099,19,1697,2,115,3),(2100,19,1698,2,14,3),(2101,19,1698,2,98,3),(2102,19,1699,2,14,3),(2103,19,1699,2,98,3),(2104,19,1702,2,14,3),(2105,19,1702,2,25,3),(2106,19,1702,2,209,3),(2107,19,1702,2,15,3),(2108,19,1703,2,14,3),(2109,19,1703,2,17,3),(2110,19,1703,2,22,3),(2111,19,1704,2,14,3),(2112,19,1704,2,17,3),(2113,19,1704,2,24,3),(2114,19,1705,2,14,3),(2115,19,1705,2,24,3),(2116,19,1705,2,17,3),(2117,19,1706,2,20,3),(2118,19,1706,2,14,3),(2119,19,1706,2,24,3),(2120,19,1708,2,14,3),(2121,19,1708,2,24,3),(2122,19,1709,2,14,3),(2123,19,1709,2,21,3),(2124,28,1728,18,340,1),(2125,28,1728,18,341,1),(2126,28,1728,18,342,1),(2127,28,1728,6,0,2),(2128,28,1727,6,0,1),(2129,12,356,1,4,1),(2130,12,356,1,5,1),(2131,12,356,1,6,1),(2132,12,356,2,98,3),(2133,12,356,2,14,3),(2134,12,357,1,4,1),(2135,12,357,1,5,1),(2136,12,357,1,6,1),(2137,12,357,2,98,3),(2138,12,357,2,14,3),(2139,12,358,1,4,1),(2140,12,358,1,5,1),(2141,12,358,1,6,1),(2142,12,358,2,98,3),(2143,12,358,2,14,3),(2144,12,359,1,4,1),(2145,12,359,1,5,1),(2146,12,359,1,6,1),(2147,12,359,1,7,1),(2148,12,359,2,98,3),(2149,12,359,2,14,3),(2150,12,360,1,5,1),(2151,12,360,1,7,1),(2152,12,360,2,98,3),(2153,12,360,2,26,3),(2154,12,360,2,157,3),(2155,12,361,1,5,1),(2156,12,361,1,7,1),(2157,12,361,2,98,3),(2158,12,361,2,26,3),(2159,12,361,2,157,3),(2160,12,362,1,5,1),(2161,12,362,1,7,1),(2162,12,362,2,98,3),(2163,12,362,2,26,3),(2164,12,362,2,157,3),(2165,12,339,1,4,1),(2166,12,339,1,5,1),(2167,12,339,1,6,1),(2168,12,339,2,98,3),(2169,12,339,2,157,3),(2170,12,340,1,4,1),(2171,12,340,1,5,1),(2172,12,340,1,6,1),(2173,12,340,1,7,1),(2174,12,340,2,98,3),(2175,12,340,2,157,3),(2176,12,341,1,4,1),(2177,12,341,1,6,1),(2178,12,341,1,7,1),(2179,12,341,2,98,3),(2180,12,341,2,157,3),(2181,12,341,2,26,3),(2182,12,342,1,4,1),(2183,12,342,1,5,1),(2184,12,342,1,6,1),(2185,12,342,1,7,1),(2186,12,342,2,98,3),(2187,12,342,2,157,3),(2188,12,342,2,26,3),(2189,12,343,1,6,1),(2190,12,343,1,8,1),(2191,12,343,2,98,3),(2192,12,343,2,157,3),(2193,12,343,2,26,3),(2194,12,344,1,4,1),(2195,12,344,1,5,1),(2196,12,344,1,6,1),(2197,12,344,1,7,1),(2198,12,344,2,98,3),(2199,12,344,2,157,3),(2200,12,345,1,4,1),(2201,12,345,1,5,1),(2202,12,345,1,6,1),(2203,12,345,1,7,1),(2204,12,345,2,98,3),(2205,12,345,2,26,3),(2206,12,345,2,157,3),(2207,12,346,1,6,1),(2208,12,346,1,8,1),(2209,12,346,2,98,3),(2210,12,346,2,26,3),(2211,12,346,2,157,3),(2212,12,1729,1,5,1),(2213,12,1729,1,7,1),(2214,12,1729,1,8,1),(2215,12,1729,2,98,3),(2216,12,1729,2,26,3),(2217,12,1729,2,157,3),(2218,12,1730,1,6,1),(2219,12,1730,1,8,1),(2220,12,1730,1,9,1),(2221,12,1730,2,98,3),(2222,12,1730,2,26,3),(2223,12,1730,2,157,3),(2224,12,1731,1,6,1),(2225,12,1731,1,8,1),(2226,12,1731,1,9,1),(2227,12,1731,1,10,1),(2228,12,1731,2,98,3),(2229,12,1732,1,7,1),(2230,12,1732,1,8,1),(2231,12,1732,1,9,1),(2232,12,1732,1,10,1),(2233,12,1732,2,98,3),(2234,12,1732,2,157,3),(2235,12,1735,1,5,1),(2236,12,1735,1,7,1),(2237,12,1735,1,8,1),(2238,12,1735,2,98,3),(2239,12,1735,2,26,3),(2240,12,1735,2,157,3),(2241,12,1736,1,6,1),(2242,12,1736,1,8,1),(2243,12,1736,1,9,1),(2244,12,1736,1,10,1),(2245,12,1736,2,98,3),(2246,12,1737,1,6,1),(2247,12,1737,1,8,1),(2248,12,1737,1,9,1),(2249,12,1737,2,98,3),(2250,12,1737,2,26,3),(2251,12,1737,2,157,3),(2252,12,1737,2,115,3),(2253,12,1738,1,7,1),(2254,12,1738,1,8,1),(2255,12,1738,1,9,1),(2256,12,1738,1,10,1),(2257,12,1738,2,98,3),(2258,12,1738,2,157,3),(2259,12,1739,1,7,1),(2260,12,1739,1,8,1),(2261,12,1739,1,9,1),(2262,12,1739,2,14,3),(2263,12,1739,2,17,3),(2264,12,1739,2,98,3),(2265,12,1739,2,185,3),(2266,12,1740,1,7,1),(2267,12,1740,1,8,1),(2268,12,1740,2,343,3),(2269,12,1740,2,344,3),(2270,12,1740,2,345,3),(2271,12,1741,1,6,1),(2272,12,1741,1,7,1),(2273,12,1741,2,14,3),(2274,12,1741,2,26,3),(2275,12,1741,2,98,3),(2276,12,1742,1,6,1),(2277,12,1742,1,8,1),(2278,12,1742,2,25,3),(2279,12,1742,2,14,3),(2280,12,1743,1,5,1),(2281,12,1743,2,14,3),(2282,12,1743,2,25,3),(2283,12,1744,1,5,1),(2284,12,1744,1,6,1),(2285,12,1744,2,14,3),(2286,12,1744,2,25,3),(2287,12,1745,1,5,1),(2288,12,1745,2,14,3),(2289,12,1745,2,98,3),(2290,12,1746,1,5,1),(2291,12,1746,1,6,1),(2292,12,1746,1,7,1),(2293,12,1746,2,14,3),(2294,12,1746,2,26,3),(2295,12,1746,2,184,3),(2296,12,1747,1,5,1),(2297,12,1747,2,14,3),(2298,12,1748,1,5,1),(2299,12,1748,2,14,3),(2300,12,1748,2,17,3),(2301,12,1748,2,25,3),(2302,12,385,1,3,1),(2303,12,385,1,4,1),(2304,12,385,2,14,3),(2305,12,385,2,21,3),(2306,12,385,2,346,3),(2307,12,1749,1,6,1),(2308,12,1749,2,347,3),(2309,12,1750,1,7,1),(2310,12,1750,1,8,1),(2311,12,1750,1,6,1),(2312,12,1750,2,348,3),(2313,12,1750,2,19,3),(2314,12,1751,1,7,1),(2315,12,1751,1,5,1),(2316,12,1751,1,6,1),(2317,12,1751,2,17,3),(2318,12,1751,2,349,3),(2319,12,1752,1,5,1),(2320,12,1752,2,17,3),(2321,12,1752,2,349,3),(2322,12,1753,1,5,1),(2323,12,1753,1,4,1),(2324,12,1753,2,349,3),(2325,12,1754,1,5,1),(2326,12,1754,1,4,1),(2327,12,1754,2,17,3),(2328,12,1754,2,349,3),(2329,12,1757,1,7,1),(2330,12,1757,1,6,1),(2331,12,1757,2,14,3),(2332,12,1757,2,160,3),(2333,12,1761,1,7,1),(2334,12,1761,2,14,3),(2335,12,1762,1,5,1),(2336,12,1762,2,350,3),(2337,12,1763,1,8,1),(2338,12,1763,1,7,1),(2339,12,1763,2,20,3),(2340,12,1764,1,8,1),(2341,12,1764,2,14,3),(2342,12,1765,1,7,1),(2343,12,1765,1,6,1),(2344,12,1765,2,351,3),(2345,12,1765,2,353,3),(2346,12,1766,1,6,1),(2347,12,1766,1,7,1),(2348,12,1766,2,20,3),(2349,12,1766,2,98,3),(2350,12,1767,1,6,1),(2351,12,1767,2,354,3),(2352,12,1767,2,355,3),(2353,12,1768,1,6,1),(2354,12,1768,1,5,1),(2355,12,1768,2,98,3),(2356,12,1768,2,20,3),(2357,12,1768,2,14,3),(2358,12,1769,1,6,1),(2359,12,1769,1,5,1),(2360,12,1769,2,17,3),(2361,12,1770,1,5,1),(2362,12,1770,2,351,3),(2363,12,1770,2,350,3),(2364,12,1771,1,5,1),(2365,12,1771,1,4,1),(2366,12,1771,2,350,3),(2367,12,1771,2,14,3),(2368,2,1773,1,6,1),(2369,2,1773,1,7,1),(2370,2,1773,2,85,3),(2371,2,1773,2,99,3),(2372,2,1774,1,8,1),(2373,2,1774,2,14,3),(2374,2,1774,2,25,3),(2375,2,1774,2,23,3),(2376,2,1775,1,7,1),(2377,2,1775,1,8,1),(2378,2,1775,2,25,3),(2379,2,1775,2,86,3),(2380,2,1776,1,7,1),(2381,2,1776,1,8,1),(2382,2,1776,2,14,3),(2383,2,1776,2,25,3),(2384,2,1776,2,23,3),(2385,2,1777,1,6,1),(2386,2,1777,1,7,1),(2387,2,1777,2,87,3),(2388,2,1777,2,100,3),(2389,2,1777,2,110,3),(2390,2,1778,1,7,1),(2391,2,1778,1,8,1),(2392,2,1778,2,48,3),(2393,2,1779,1,7,1),(2394,2,1779,1,8,1),(2395,2,1779,1,9,1),(2396,2,1779,2,49,3),(2397,2,1779,2,89,3),(2398,2,1779,2,101,3),(2399,2,1780,1,5,1),(2400,2,1780,1,6,1),(2401,2,1780,2,50,3),(2402,2,1780,2,90,3),(2403,2,1780,2,102,3),(2404,2,1781,1,5,1),(2405,2,1781,2,20,3),(2406,2,1781,2,19,3),(2407,2,1781,2,17,3),(2408,2,1782,1,5,1),(2409,2,1782,1,6,1),(2410,2,1782,1,7,1),(2411,2,1782,2,20,3),(2412,2,1782,2,16,3),(2413,2,1782,2,19,3),(2414,2,1782,2,111,3),(2415,2,1783,1,7,1),(2416,2,1783,1,8,1),(2417,2,1783,2,77,3),(2418,2,1783,2,91,3),(2419,2,1783,2,103,3),(2420,2,1783,2,112,3),(2421,2,1784,1,6,1),(2422,2,1784,1,7,1),(2423,2,1784,1,8,1),(2424,2,1784,2,77,3),(2425,2,1784,2,91,3),(2426,2,1784,2,103,3),(2427,2,1785,1,7,1),(2428,2,1785,1,8,1),(2429,2,1785,2,20,3),(2430,2,1785,2,25,3),(2431,2,1785,2,17,3),(2432,2,1785,2,16,3),(2433,2,1786,1,6,1),(2434,2,1786,1,7,1),(2435,2,1786,1,8,1),(2436,2,1786,2,25,3),(2437,2,1786,2,17,3),(2438,2,1786,2,15,3),(2439,2,1786,2,16,3),(2440,2,1787,1,5,1),(2441,2,1787,1,6,1),(2442,2,1787,2,13,3),(2443,2,1787,2,92,3),(2444,2,1787,2,104,3),(2445,2,1788,1,5,1),(2446,2,1788,2,78,3),(2447,2,1788,2,93,3),(2448,2,1788,2,105,3),(2449,2,1789,1,6,1),(2450,2,1789,1,7,1),(2451,2,1789,1,8,1),(2452,2,1789,2,79,3),(2453,2,1789,2,94,3),(2454,2,1790,1,6,1),(2455,2,1790,1,7,1),(2456,2,1790,1,8,1),(2457,2,1790,2,79,3),(2458,2,1790,2,94,3),(2459,2,1791,1,4,1),(2460,2,1791,1,5,1),(2461,2,1791,2,80,3),(2462,2,1791,2,95,3),(2463,2,1791,2,107,3),(2464,2,1792,1,3,1),(2465,2,1792,2,14,3),(2466,2,1792,2,17,3),(2467,2,1793,1,4,1),(2468,2,1793,1,5,1),(2469,2,1793,1,6,1),(2470,2,1793,2,14,3),(2471,2,1793,2,17,3),(2472,2,1793,2,15,3),(2473,2,1794,1,5,1),(2474,2,1794,1,6,1),(2475,2,1794,2,14,3),(2476,2,1794,2,23,3),(2477,2,1794,2,15,3),(2478,2,1794,2,26,3),(2479,2,1794,2,115,3),(2480,2,1795,1,4,1),(2481,2,1795,1,5,1),(2482,2,1795,2,14,3),(2483,2,1795,2,17,3),(2484,2,1795,2,20,3),(2485,2,1795,2,26,3),(2486,2,1795,2,115,3),(2487,2,1796,1,5,1),(2488,2,1796,1,6,1),(2489,2,1796,2,17,3),(2490,2,1796,2,20,3),(2491,2,1796,2,26,3),(2492,2,1796,2,115,3),(2493,2,1797,1,5,1),(2494,2,1797,1,6,1),(2495,2,1797,2,14,3),(2496,2,1797,2,26,3),(2497,2,1797,2,23,3),(2498,2,1797,2,24,3),(2499,2,1798,1,4,1),(2500,2,1798,1,5,1),(2501,2,1798,2,14,3),(2502,2,1798,2,26,3),(2503,2,1798,2,23,3),(2504,2,1798,2,24,3),(2505,2,1799,1,4,1),(2506,2,1799,2,82,3),(2507,2,1799,2,26,3),(2508,2,1799,2,23,3),(2509,2,1799,2,111,3),(2510,2,1800,1,4,1),(2511,2,1800,1,5,1),(2512,2,1800,1,6,1),(2513,2,1800,2,14,3),(2514,2,1800,2,24,3),(2515,2,1800,2,26,3),(2516,2,1801,1,4,1),(2517,2,1801,1,5,1),(2518,2,1801,1,6,1),(2519,2,1801,2,14,3),(2520,2,1801,2,26,3),(2521,2,1802,1,4,1),(2522,2,1802,1,5,1),(2523,2,1802,2,14,3),(2524,2,1802,2,26,3),(2525,2,1803,1,5,1),(2526,2,1803,2,82,3),(2527,2,1803,2,26,3),(2528,2,1803,2,98,3),(2529,2,1804,1,5,1),(2530,2,1804,1,6,1),(2531,2,1804,1,7,1),(2532,2,1804,2,26,3),(2533,2,1804,2,98,3),(2534,2,1804,2,20,3),(2535,2,1805,1,5,1),(2536,2,1805,2,26,3),(2537,2,1805,2,98,3),(2538,2,1805,2,82,3),(2539,2,1806,1,4,1),(2540,2,1806,1,5,1),(2541,2,1806,2,26,3),(2542,2,1806,2,98,3),(2543,2,1806,2,82,3),(2544,2,1773,3,0,5),(2545,2,1773,4,0,4),(2546,2,1773,6,0,2),(2547,2,1774,3,0,5),(2548,2,1774,4,0,4),(2549,2,1774,6,0,2),(2550,2,1775,3,0,5),(2551,2,1775,4,0,4),(2552,2,1775,6,0,2),(2553,2,1776,3,0,5),(2554,2,1776,4,0,4),(2555,2,1776,6,0,2),(2556,2,1777,3,0,5),(2557,2,1777,4,0,4),(2558,2,1777,6,0,2),(2559,2,1778,3,0,5),(2560,2,1778,4,0,4),(2561,2,1778,6,0,2),(2562,2,1779,3,0,5),(2563,2,1779,4,0,4),(2564,2,1779,6,0,2),(2565,2,1780,3,0,5),(2566,2,1780,4,0,4),(2567,2,1780,6,0,2),(2568,2,1781,3,0,5),(2569,2,1781,4,0,4),(2570,2,1781,6,0,2),(2571,2,1782,3,0,5),(2572,2,1782,4,0,4),(2573,2,1782,6,0,2),(2574,2,1783,3,0,5),(2575,2,1783,4,0,4),(2576,2,1783,6,0,2),(2577,2,1784,3,0,5),(2578,2,1784,4,0,4),(2579,2,1784,6,0,2),(2580,2,1785,3,0,5),(2581,2,1785,4,0,4),(2582,2,1785,6,0,2),(2583,2,1786,3,0,5),(2584,2,1786,4,0,4),(2585,2,1786,6,0,2),(2586,2,1787,3,0,5),(2587,2,1787,4,0,4),(2588,2,1787,6,0,2),(2589,2,1788,3,0,5),(2590,2,1788,4,0,4),(2591,2,1788,6,0,2),(2592,2,1789,3,0,5),(2593,2,1789,4,0,4),(2594,2,1789,6,0,2),(2595,2,1790,3,0,5),(2596,2,1790,4,0,4),(2597,2,1790,6,0,2),(2598,2,1791,3,0,5),(2599,2,1791,4,0,4),(2600,2,1791,6,0,2),(2601,2,1792,3,0,5),(2602,2,1792,4,0,4),(2603,2,1792,6,0,2),(2604,2,1793,3,0,5),(2605,2,1793,4,0,4),(2606,2,1793,6,0,2),(2607,2,1794,3,0,5),(2608,2,1794,4,0,4),(2609,2,1794,6,0,2),(2610,2,1795,3,0,5),(2611,2,1795,4,0,4),(2612,2,1795,6,0,2),(2613,2,1796,3,0,5),(2614,2,1796,4,0,4),(2615,2,1796,6,0,2),(2616,2,1797,3,0,5),(2617,2,1797,4,0,4),(2618,2,1797,6,0,2),(2619,2,1798,3,0,5),(2620,2,1798,4,0,4),(2621,2,1798,6,0,2),(2622,2,1799,3,0,5),(2623,2,1799,4,0,4),(2624,2,1799,6,0,2),(2625,2,1800,3,0,5),(2626,2,1800,4,0,4),(2627,2,1800,6,0,2),(2628,2,1801,3,0,5),(2629,2,1801,4,0,4),(2630,2,1801,6,0,2),(2631,2,1802,3,0,5),(2632,2,1802,4,0,4),(2633,2,1802,6,0,2),(2634,2,1803,3,0,5),(2635,2,1803,4,0,4),(2636,2,1803,6,0,2),(2637,2,1804,3,0,5),(2638,2,1804,4,0,4),(2639,2,1804,6,0,2),(2640,2,1805,3,0,5),(2641,2,1805,4,0,4),(2642,2,1805,6,0,2),(2643,2,1806,3,0,5),(2644,2,1806,4,0,4),(2645,2,1806,6,0,2),(2646,12,1807,1,8,1),(2647,12,1807,2,348,3),(2648,12,1808,1,7,1),(2649,12,1808,2,50,3),(2650,12,1809,1,6,1),(2651,12,1809,1,7,1),(2652,12,1809,2,19,3),(2653,12,1809,2,50,3),(2654,12,1809,2,348,3),(2655,12,1810,1,8,1),(2656,12,1810,2,14,3),(2657,12,1810,2,17,3),(2658,2,1811,1,7,1),(2659,2,1812,1,7,1),(2660,2,1812,1,8,1),(2661,2,1812,2,17,3),(2662,2,1812,2,14,3),(2663,2,1813,1,6,1),(2664,2,1813,1,7,1),(2665,2,1813,2,14,3),(2666,2,1813,2,25,3),(2667,2,1813,2,174,3),(2668,2,1814,1,7,1),(2669,2,1814,2,23,3),(2670,2,1814,2,14,3),(2671,2,1815,1,6,1),(2672,2,1815,2,15,3),(2673,2,1814,1,6,1),(2674,2,1814,2,17,3),(2675,2,1816,1,5,1),(2676,2,1816,1,6,1),(2677,2,1816,1,7,1),(2678,2,1816,2,15,3),(2679,2,1816,2,17,3),(2680,2,1816,2,14,3),(2681,2,1817,1,7,1),(2682,2,1817,1,5,1),(2683,2,1817,2,14,3),(2684,2,1817,2,17,3),(2685,2,1817,2,15,3),(2686,2,1818,1,6,1),(2687,2,1818,1,7,1),(2688,2,1818,2,174,3),(2689,2,1818,2,14,3),(2690,2,1818,2,25,3),(2691,2,1818,2,20,3),(2692,2,1819,1,5,1),(2693,2,1819,1,6,1),(2694,2,1819,2,14,3),(2695,2,1819,2,17,3),(2696,2,1819,2,25,3),(2697,2,1820,1,5,1),(2698,2,1820,2,14,3),(2699,2,1820,2,17,3),(2700,2,1820,2,15,3),(2701,2,1821,1,5,1),(2702,2,1821,2,14,3),(2703,2,1821,2,17,3),(2704,2,1821,2,15,3),(2705,2,1822,1,4,1),(2706,2,1822,2,17,3),(2707,2,1822,2,15,3),(2708,2,1822,2,14,3),(2709,2,1823,1,7,1),(2710,2,1823,2,14,3),(2711,2,1823,2,25,3),(2712,2,1824,1,7,1),(2713,2,1824,2,14,3),(2714,2,1825,1,7,1),(2715,2,1825,2,25,3),(2716,2,1825,2,14,3),(2717,2,1826,1,6,1),(2718,2,1826,1,5,1),(2719,2,1826,2,14,3),(2720,2,1826,2,17,3),(2721,2,1826,2,19,3),(2722,2,1826,2,23,3),(2723,2,1827,1,7,1),(2724,2,1827,2,25,3),(2725,2,1827,2,14,3),(2726,2,1828,1,7,1),(2727,2,1828,2,17,3),(2728,2,1828,2,14,3),(2729,2,1829,1,5,1),(2730,2,1829,2,164,3),(2731,2,1829,2,16,3),(2732,2,1829,2,14,3),(2733,2,535,2,116,3),(2734,2,535,2,98,3),(2735,2,264,2,14,3),(2736,2,264,2,164,3),(2737,2,270,2,14,3),(2738,2,270,2,25,3),(2739,2,270,2,17,3),(2740,2,270,2,16,3),(2741,2,1830,1,4,1),(2742,2,1830,2,14,3),(2743,2,1830,2,25,3),(2744,2,1830,2,26,3),(2745,2,1830,2,17,3),(2746,2,537,1,7,1),(2747,2,537,1,8,1),(2748,2,537,2,14,3),(2749,2,537,2,17,3),(2750,2,537,2,15,3),(2751,2,538,1,6,1),(2752,2,538,2,23,3),(2753,2,538,2,17,3),(2754,2,538,2,14,3),(2755,2,539,1,7,1),(2756,2,539,2,14,3),(2757,2,539,2,25,3),(2758,2,265,1,7,1),(2759,2,265,2,14,3),(2760,2,265,2,98,3),(2761,2,265,2,16,3),(2762,2,540,1,7,1),(2763,2,540,2,14,3),(2764,2,540,2,25,3),(2765,2,540,2,15,3),(2766,2,540,2,18,3),(2767,2,540,2,19,3),(2768,2,540,2,17,3),(2769,2,541,1,6,1),(2770,2,541,2,17,3),(2771,2,541,2,14,3),(2772,2,541,2,15,3),(2773,2,269,1,6,1),(2774,2,269,2,14,3),(2775,2,269,2,25,3),(2776,2,269,2,15,3),(2777,2,269,2,18,3),(2778,2,269,2,19,3),(2779,2,269,2,17,3),(2780,2,542,1,7,1),(2781,2,542,2,14,3),(2782,2,542,2,17,3),(2783,2,542,2,19,3),(2784,2,542,2,20,3),(2785,2,543,1,6,1),(2786,2,543,1,7,1),(2787,2,543,1,5,1),(2788,2,543,2,14,3),(2789,2,543,2,25,3),(2790,2,543,2,15,3),(2791,2,543,2,18,3),(2792,2,543,2,19,3),(2793,2,543,2,17,3),(2794,2,544,1,3,1),(2795,2,544,2,14,3),(2796,2,544,2,15,3),(2797,2,544,2,18,3),(2798,2,544,2,17,3),(2799,2,545,1,8,1),(2800,2,545,2,14,3),(2801,2,545,2,17,3),(2802,2,546,1,6,1),(2803,2,546,2,25,3),(2804,2,546,2,20,3),(2805,2,546,2,26,3),(2806,2,547,1,6,1),(2807,2,547,1,5,1),(2808,2,547,2,14,3),(2809,2,547,2,25,3),(2810,2,547,2,26,3),(2811,2,547,2,17,3),(2812,2,548,1,6,1),(2813,2,548,2,14,3),(2814,2,548,2,15,3),(2815,2,548,2,17,3),(2816,2,548,2,16,3),(2817,2,549,1,8,1),(2818,2,549,2,14,3),(2819,2,549,2,17,3),(2820,2,550,1,5,1),(2821,2,550,2,14,3),(2822,2,550,2,17,3),(2823,2,550,2,26,3),(2824,2,262,1,7,1),(2825,2,262,2,14,3),(2826,2,262,2,17,3),(2827,2,551,1,5,1),(2828,2,551,2,14,3),(2829,2,551,2,17,3),(2830,2,551,2,26,3),(2831,2,552,1,6,1),(2832,2,552,2,14,3),(2833,2,552,2,20,3),(2834,2,552,2,17,3),(2835,2,553,1,7,1),(2836,2,553,2,14,3),(2837,2,553,2,17,3),(2838,2,554,1,5,1),(2839,2,554,2,14,3),(2840,2,554,2,26,3),(2841,2,554,2,17,3),(2842,2,1831,1,8,1),(2843,2,1831,2,186,3),(2844,2,1831,2,19,3),(2845,2,1833,1,8,1),(2846,2,1833,1,7,1),(2847,2,1833,2,14,3),(2848,2,1833,2,191,3),(2849,2,1833,2,25,3),(2850,2,1833,2,19,3),(2851,2,1834,1,8,1),(2852,2,1834,1,7,1),(2853,2,1834,2,14,3),(2854,2,1834,2,19,3),(2855,2,1834,2,25,3),(2856,2,1835,1,8,1),(2857,2,1835,2,14,3),(2858,2,1836,1,8,1),(2859,2,1836,2,25,3),(2860,2,1836,2,14,3),(2861,2,1836,2,19,3),(2862,2,1837,1,8,1),(2863,2,1837,2,117,3),(2864,2,1837,2,192,3),(2865,2,1838,1,8,1),(2866,2,1838,1,7,1),(2867,2,1838,2,187,3),(2868,2,1838,2,193,3),(2869,2,1839,1,8,1),(2870,2,1839,1,7,1),(2871,2,1839,2,188,3),(2872,2,1839,2,194,3),(2873,2,1839,2,19,3),(2874,2,1840,1,8,1),(2875,2,1840,1,7,1),(2876,2,1840,2,189,3),(2877,2,1840,2,14,3),(2878,2,1840,2,197,3),(2879,2,1841,1,8,1),(2880,2,1841,1,7,1),(2881,2,1841,2,17,3),(2882,2,1841,2,195,3),(2883,2,1837,1,7,1),(2884,2,1837,2,190,3),(2885,2,1837,2,196,3),(2886,2,1837,2,198,3),(2887,2,1842,1,7,1),(2888,2,1843,1,7,1),(2889,2,1843,2,14,3),(2890,2,1844,1,5,1),(2891,2,537,3,0,5),(2892,2,537,4,0,4),(2893,2,537,6,0,2),(2894,2,538,3,0,5),(2895,2,538,4,0,4),(2896,2,538,6,0,2),(2897,2,539,3,0,5),(2898,2,539,4,0,4),(2899,2,539,6,0,2),(2900,2,540,3,0,5),(2901,2,540,4,0,4),(2902,2,540,6,0,2),(2903,2,541,3,0,5),(2904,2,541,4,0,4),(2905,2,541,6,0,2),(2906,2,542,3,0,5),(2907,2,542,4,0,4),(2908,2,542,6,0,2),(2909,2,543,3,0,5),(2910,2,543,4,0,4),(2911,2,543,6,0,2),(2912,2,544,3,0,5),(2913,2,544,4,0,4),(2914,2,544,6,0,2),(2915,2,545,3,0,5),(2916,2,545,4,0,4),(2917,2,545,6,0,2),(2918,2,546,3,0,5),(2919,2,546,4,0,4),(2920,2,546,6,0,2),(2921,2,547,3,0,5),(2922,2,547,4,0,4),(2923,2,547,6,0,2),(2924,2,548,3,0,5),(2925,2,548,4,0,4),(2926,2,548,6,0,2),(2927,2,549,3,0,5),(2928,2,549,4,0,4),(2929,2,549,6,0,2),(2930,2,550,3,0,5),(2931,2,550,4,0,4),(2932,2,550,6,0,2),(2933,2,551,3,0,5),(2934,2,551,4,0,4),(2935,2,551,6,0,2),(2936,2,552,3,0,5),(2937,2,552,4,0,4),(2938,2,552,6,0,2),(2939,2,553,3,0,5),(2940,2,553,4,0,4),(2941,2,553,6,0,2),(2942,2,554,3,0,5),(2943,2,554,4,0,4),(2944,2,554,6,0,2),(2945,2,262,3,0,5),(2946,2,262,4,0,4),(2947,2,262,6,0,2),(2948,2,265,3,0,5),(2949,2,265,4,0,4),(2950,2,265,6,0,2),(2951,2,269,3,0,5),(2952,2,269,4,0,4),(2953,2,269,6,0,2),(2954,2,1845,1,7,1),(2955,2,1845,2,186,3),(2956,2,1845,2,220,3),(2957,2,1845,2,216,3),(2958,2,1845,2,224,3),(2959,2,1846,1,7,1),(2960,2,1846,2,213,3),(2961,2,1846,2,221,3),(2962,2,1847,1,4,1),(2963,2,1848,1,6,1),(2964,2,1848,2,164,3),(2965,2,1849,1,7,1),(2966,2,1849,2,214,3),(2967,2,1849,2,98,3),(2968,2,1850,1,6,1),(2969,2,1850,1,7,1),(2970,2,1850,2,215,3),(2971,2,1851,1,7,1),(2972,2,1851,2,216,3),(2973,2,1851,2,222,3),(2974,2,1852,1,6,1),(2975,2,1852,2,217,3),(2976,2,1852,2,17,3),(2977,2,1852,2,215,3),(2978,2,1854,1,6,1),(2979,2,1854,1,5,1),(2980,2,1854,2,19,3),(2981,2,1854,2,98,3),(2982,2,1854,2,25,3),(2983,2,1855,1,6,1),(2984,2,1855,2,14,3),(2985,2,1856,1,5,1),(2986,2,1856,2,218,3),(2987,2,1856,2,20,3),(2988,2,1856,2,215,3),(2989,2,1857,1,5,1),(2990,2,1857,2,178,3),(2991,2,1858,1,2,1),(2992,2,1858,2,15,3),(2993,2,1859,1,6,1),(2994,2,1859,1,5,1),(2995,2,1859,2,218,3),(2996,2,1859,2,215,3),(2997,2,1859,2,20,3),(2998,2,1860,1,4,1),(2999,2,1860,1,5,1),(3000,2,1860,2,17,3),(3001,2,1860,2,25,3),(3002,2,1860,2,98,3),(3003,2,1860,2,225,3),(3004,2,1861,1,4,1),(3005,2,1861,2,17,3),(3006,2,1862,2,219,3),(3007,2,1862,2,164,3),(3008,2,1862,2,25,3),(3009,2,1863,1,2,1),(3010,2,1863,2,14,3),(3011,2,1863,2,25,3),(3012,2,1863,2,17,3),(3013,2,1863,2,218,3),(3014,2,1864,1,4,1),(3015,2,1864,2,215,3),(3016,2,1864,2,17,3),(3017,2,1860,3,0,5),(3018,2,1860,4,0,4),(3019,2,1860,6,0,2),(3020,2,1840,3,0,5),(3021,2,1840,4,0,4),(3022,2,1840,6,0,2),(3023,2,1811,3,0,5),(3024,2,1811,4,0,4),(3025,2,1811,6,0,2),(3026,2,1812,3,0,5),(3027,2,1812,4,0,4),(3028,2,1812,6,0,2),(3029,2,1813,3,0,5),(3030,2,1813,4,0,4),(3031,2,1813,6,0,2),(3032,2,1814,3,0,5),(3033,2,1814,4,0,4),(3034,2,1814,6,0,2),(3035,2,1815,3,0,5),(3036,2,1815,4,0,4),(3037,2,1815,6,0,2),(3038,2,1816,3,0,5),(3039,2,1816,4,0,4),(3040,2,1816,6,0,2),(3041,2,1817,3,0,5),(3042,2,1817,4,0,4),(3043,2,1817,6,0,2),(3044,2,1818,3,0,5),(3045,2,1818,4,0,4),(3046,2,1818,6,0,2),(3047,2,1819,3,0,5),(3048,2,1819,4,0,4),(3049,2,1819,6,0,2),(3050,2,1820,3,0,5),(3051,2,1820,4,0,4),(3052,2,1820,6,0,2),(3053,2,1821,3,0,5),(3054,2,1821,4,0,4),(3055,2,1821,6,0,2),(3056,2,1822,3,0,5),(3057,2,1822,4,0,4),(3058,2,1822,6,0,2),(3059,2,1823,3,0,5),(3060,2,1823,4,0,4),(3061,2,1823,6,0,2),(3062,2,1824,3,0,5),(3063,2,1824,4,0,4),(3064,2,1824,6,0,2),(3065,2,1825,3,0,5),(3066,2,1825,4,0,4),(3067,2,1825,6,0,2),(3068,2,1826,3,0,5),(3069,2,1826,4,0,4),(3070,2,1826,6,0,2),(3071,2,1827,3,0,5),(3072,2,1827,4,0,4),(3073,2,1827,6,0,2),(3074,2,1828,3,0,5),(3075,2,1828,4,0,4),(3076,2,1828,6,0,2),(3077,2,1829,3,0,5),(3078,2,1829,4,0,4),(3079,2,1829,6,0,2),(3080,2,1830,3,0,5),(3081,2,1830,4,0,4),(3082,2,1830,6,0,2),(3083,2,1831,3,0,5),(3084,2,1831,4,0,4),(3085,2,1831,6,0,2),(3086,2,1833,3,0,5),(3087,2,1833,4,0,4),(3088,2,1833,6,0,2),(3089,2,1834,3,0,5),(3090,2,1834,4,0,4),(3091,2,1834,6,0,2),(3092,2,1835,3,0,5),(3093,2,1835,4,0,4),(3094,2,1835,6,0,2),(3095,2,1836,3,0,5),(3096,2,1836,4,0,4),(3097,2,1836,6,0,2),(3098,2,1837,3,0,5),(3099,2,1837,4,0,4),(3100,2,1837,6,0,2),(3101,2,1838,3,0,5),(3102,2,1838,4,0,4),(3103,2,1838,6,0,2),(3104,2,1839,3,0,5),(3105,2,1839,4,0,4),(3106,2,1839,6,0,2),(3107,2,1841,3,0,5),(3108,2,1841,4,0,4),(3109,2,1841,6,0,2),(3110,2,1842,3,0,5),(3111,2,1842,4,0,4),(3112,2,1842,6,0,2),(3113,2,1843,3,0,5),(3114,2,1843,4,0,4),(3115,2,1843,6,0,2),(3116,2,1844,3,0,5),(3117,2,1844,4,0,4),(3118,2,1844,6,0,2),(3119,2,1845,3,0,5),(3120,2,1845,4,0,4),(3121,2,1845,6,0,2),(3122,2,1846,3,0,5),(3123,2,1846,4,0,4),(3124,2,1846,6,0,2),(3125,2,1847,3,0,5),(3126,2,1847,4,0,4),(3127,2,1847,6,0,2),(3128,2,1848,3,0,5),(3129,2,1848,4,0,4),(3130,2,1848,6,0,2),(3131,2,1849,3,0,5),(3132,2,1849,4,0,4),(3133,2,1849,6,0,2),(3134,2,1850,3,0,5),(3135,2,1850,4,0,4),(3136,2,1850,6,0,2),(3137,2,1851,3,0,5),(3138,2,1851,4,0,4),(3139,2,1851,6,0,2),(3140,2,1852,3,0,5),(3141,2,1852,4,0,4),(3142,2,1852,6,0,2),(3143,2,1854,3,0,5),(3144,2,1854,4,0,4),(3145,2,1854,6,0,2),(3146,2,1855,3,0,5),(3147,2,1855,4,0,4),(3148,2,1855,6,0,2),(3149,2,1856,3,0,5),(3150,2,1856,4,0,4),(3151,2,1856,6,0,2),(3152,2,1857,3,0,5),(3153,2,1857,4,0,4),(3154,2,1857,6,0,2),(3155,2,1858,3,0,5),(3156,2,1858,4,0,4),(3157,2,1858,6,0,2),(3158,2,1859,3,0,5),(3159,2,1859,4,0,4),(3160,2,1859,6,0,2),(3161,2,1861,3,0,5),(3162,2,1861,4,0,4),(3163,2,1861,6,0,2),(3164,2,1862,3,0,5),(3165,2,1862,4,0,4),(3166,2,1862,6,0,2),(3167,2,1863,3,0,5),(3168,2,1863,4,0,4),(3169,2,1863,6,0,2),(3170,2,1864,3,0,5),(3171,2,1864,4,0,4),(3172,2,1864,6,0,2),(3173,2,1865,1,3,1),(3174,2,1865,1,4,1),(3175,2,1865,1,5,1),(3176,2,1865,2,14,3),(3177,2,1865,2,25,3),(3178,2,1866,1,3,1),(3179,2,1866,1,4,1),(3180,2,1866,1,5,1),(3181,2,1866,1,6,1),(3182,2,1866,2,14,3),(3183,2,1866,2,25,3),(3184,2,1867,1,4,1),(3185,2,1867,1,5,1),(3186,2,1867,1,6,1),(3187,2,1867,2,14,3),(3188,2,1867,2,25,3),(3189,2,1868,1,3,1),(3190,2,1868,1,4,1),(3191,2,1868,1,5,1),(3192,2,1868,2,25,3),(3193,2,1868,2,23,3),(3194,2,1868,2,24,3),(3195,2,1868,2,19,3),(3196,2,1868,2,18,3),(3197,2,1869,1,4,1),(3198,2,1869,1,5,1),(3199,2,1869,1,6,1),(3200,2,1869,2,157,3),(3201,2,1869,2,98,3),(3202,2,1869,2,26,3),(3203,2,1870,1,4,1),(3204,2,1870,1,5,1),(3205,2,1870,1,6,1),(3206,2,1870,1,7,1),(3207,2,1870,2,157,3),(3208,2,1870,2,98,3),(3209,2,1870,2,26,3),(3210,2,1870,2,115,3),(3211,2,1871,1,4,1),(3212,2,1871,1,5,1),(3213,2,1871,1,6,1),(3214,2,1871,1,7,1),(3215,2,1871,2,157,3),(3216,2,1871,2,98,3),(3217,2,1871,2,26,3),(3218,2,1872,1,4,1),(3219,2,1872,1,6,1),(3220,2,1872,1,7,1),(3221,2,1872,2,157,3),(3222,2,1872,2,98,3),(3223,2,1872,2,26,3),(3224,2,1873,1,4,1),(3225,2,1873,1,5,1),(3226,2,1873,1,6,1),(3227,2,1873,1,7,1),(3228,2,1873,2,157,3),(3229,2,1873,2,98,3),(3230,2,1873,2,26,3),(3231,2,1873,2,115,3),(3232,2,1874,1,4,1),(3233,2,1874,1,5,1),(3234,2,1874,1,6,1),(3235,2,1874,1,7,1),(3236,2,1874,2,157,3),(3237,2,1874,2,98,3),(3238,2,1874,2,26,3),(3239,2,1874,2,115,3),(3240,2,1875,1,5,1),(3241,2,1875,1,7,1),(3242,2,1875,1,8,1),(3243,2,1875,2,14,3),(3244,2,1875,2,98,3),(3245,2,1875,2,26,3),(3246,2,1875,2,115,3),(3247,2,1875,2,13,3),(3248,2,1876,1,5,1),(3249,2,1876,1,7,1),(3250,2,1876,1,8,1),(3251,2,1876,2,14,3),(3252,2,1876,2,98,3),(3253,2,1876,2,26,3),(3254,2,1876,2,115,3),(3255,2,1876,2,13,3),(3256,2,1877,1,6,1),(3257,2,1877,1,7,1),(3258,2,1877,1,8,1),(3259,2,1877,2,157,3),(3260,2,1877,2,98,3),(3261,2,1877,2,26,3),(3262,2,1878,1,6,1),(3263,2,1878,1,7,1),(3264,2,1878,1,8,1),(3265,2,1878,2,157,3),(3266,2,1878,2,98,3),(3267,2,1878,2,26,3),(3268,2,1879,1,6,1),(3269,2,1879,1,8,1),(3270,2,1879,2,157,3),(3271,2,1879,2,98,3),(3272,2,1879,2,26,3),(3273,2,1880,1,6,1),(3274,2,1880,1,8,1),(3275,2,1880,1,9,1),(3276,2,1880,2,157,3),(3277,2,1880,2,98,3),(3278,2,1880,2,26,3),(3279,2,1881,1,6,1),(3280,2,1881,1,7,1),(3281,2,1881,1,8,1),(3282,2,1881,2,14,3),(3283,2,1881,2,25,3),(3284,2,1881,2,17,3),(3285,2,1881,2,18,3),(3286,2,1881,2,37,3),(3287,2,1881,2,15,3),(3288,2,1882,1,6,1),(3289,2,1882,1,8,1),(3290,2,1882,1,9,1),(3291,2,1882,2,98,3),(3292,2,1882,2,157,3),(3293,2,1882,2,26,3),(3294,2,1883,1,6,1),(3295,2,1883,1,8,1),(3296,2,1883,1,9,1),(3297,2,1883,2,98,3),(3298,2,1883,2,157,3),(3299,2,1883,2,26,3),(3300,2,1883,2,38,3),(3301,2,1884,1,6,1),(3302,2,1884,1,7,1),(3303,2,1884,1,8,1),(3304,2,1884,2,16,3),(3305,2,1884,2,19,3),(3306,2,1884,2,18,3),(3307,2,1884,2,14,3),(3308,2,1884,2,25,3),(3309,2,1884,2,15,3),(3310,2,1885,1,6,1),(3311,2,1885,1,8,1),(3312,2,1885,1,9,1),(3313,2,1885,2,98,3),(3314,2,1885,2,157,3),(3315,2,1885,2,26,3),(3316,2,1885,2,38,3),(3317,2,1886,1,6,1),(3318,2,1886,1,7,1),(3319,2,1886,1,8,1),(3320,2,1886,2,25,3),(3321,2,1886,2,14,3),(3322,2,1886,2,15,3),(3323,2,1887,1,6,1),(3324,2,1887,1,7,1),(3325,2,1887,1,8,1),(3326,2,1887,2,25,3),(3327,2,1887,2,14,3),(3328,2,1887,2,15,3),(3329,2,1887,2,19,3),(3330,2,1887,2,17,3),(3331,2,1887,2,16,3),(3332,2,1888,1,6,1),(3333,2,1888,1,7,1),(3334,2,1888,1,8,1),(3335,2,1888,2,25,3),(3336,2,1888,2,14,3),(3337,2,1888,2,15,3),(3338,2,1888,2,19,3),(3339,2,1888,2,17,3),(3340,2,1888,2,16,3),(3341,2,1889,1,7,1),(3342,2,1889,1,8,1),(3343,2,1889,1,9,1),(3344,2,1889,2,98,3),(3345,2,1889,2,160,3),(3346,2,1889,2,26,3),(3347,2,1889,2,12,3),(3348,2,1890,1,7,1),(3349,2,1890,1,8,1),(3350,2,1890,1,9,1),(3351,2,1890,2,98,3),(3352,2,1890,2,160,3),(3353,2,1890,2,26,3),(3354,2,1890,2,12,3),(3355,2,1891,1,7,1),(3356,2,1891,1,8,1),(3357,2,1891,1,9,1),(3358,2,1891,2,15,3),(3359,2,1891,2,40,3),(3360,2,1891,2,39,3),(3361,2,1891,2,17,3),(3362,2,1891,2,24,3),(3363,2,1892,1,7,1),(3364,2,1892,1,8,1),(3365,2,1892,1,9,1),(3366,2,1892,2,15,3),(3367,2,1892,2,40,3),(3368,2,1892,2,39,3),(3369,2,1892,2,17,3),(3370,2,1892,2,24,3),(3371,2,1893,1,7,1),(3372,2,1893,1,8,1),(3373,2,1893,1,9,1),(3374,2,1893,1,10,1),(3375,2,1893,2,160,3),(3376,2,1893,2,26,3),(3377,2,1893,2,98,3),(3378,2,1893,2,41,3),(3379,2,1894,1,7,1),(3380,2,1894,1,8,1),(3381,2,1894,1,9,1),(3382,2,1894,1,10,1),(3383,2,1894,2,160,3),(3384,2,1894,2,26,3),(3385,2,1894,2,98,3),(3386,2,1894,2,41,3),(3387,19,869,2,356,3),(3388,2,1865,3,0,5),(3389,2,1865,4,0,4),(3390,2,1865,6,0,2),(3391,2,1866,3,0,5),(3392,2,1866,4,0,4),(3393,2,1866,6,0,2),(3394,2,1867,3,0,5),(3395,2,1867,4,0,4),(3396,2,1867,6,0,2),(3397,2,1868,3,0,5),(3398,2,1868,4,0,4),(3399,2,1868,6,0,2),(3400,2,1869,3,0,5),(3401,2,1869,4,0,4),(3402,2,1869,6,0,2),(3403,2,1870,3,0,5),(3404,2,1870,4,0,4),(3405,2,1870,6,0,2),(3406,2,1871,3,0,5),(3407,2,1871,4,0,4),(3408,2,1871,6,0,2),(3409,2,1872,3,0,5),(3410,2,1872,4,0,4),(3411,2,1872,6,0,2),(3412,2,1873,3,0,5),(3413,2,1873,4,0,4),(3414,2,1873,6,0,2),(3415,2,1874,3,0,5),(3416,2,1874,4,0,4),(3417,2,1874,6,0,2),(3418,2,1875,3,0,5),(3419,2,1875,4,0,4),(3420,2,1875,6,0,2),(3421,2,1876,3,0,5),(3422,2,1876,4,0,4),(3423,2,1876,6,0,2),(3424,2,1877,3,0,5),(3425,2,1877,4,0,4),(3426,2,1877,6,0,2),(3427,2,1878,3,0,5),(3428,2,1878,4,0,4),(3429,2,1878,6,0,2),(3430,2,1879,3,0,5),(3431,2,1879,4,0,4),(3432,2,1879,6,0,2),(3433,2,1880,3,0,5),(3434,2,1880,4,0,4),(3435,2,1880,6,0,2),(3436,2,1881,3,0,5),(3437,2,1881,4,0,4),(3438,2,1881,6,0,2),(3439,2,1882,3,0,5),(3440,2,1882,4,0,4),(3441,2,1882,6,0,2),(3442,2,1883,3,0,5),(3443,2,1883,4,0,4),(3444,2,1883,6,0,2),(3445,2,1884,3,0,5),(3446,2,1884,4,0,4),(3447,2,1884,6,0,2),(3448,2,1885,3,0,5),(3449,2,1885,4,0,4),(3450,2,1885,6,0,2),(3451,2,1886,3,0,5),(3452,2,1886,4,0,4),(3453,2,1886,6,0,2),(3454,2,1887,3,0,5),(3455,2,1887,4,0,4),(3456,2,1887,6,0,2),(3457,2,1888,3,0,5),(3458,2,1888,4,0,4),(3459,2,1888,6,0,2),(3460,2,1889,3,0,5),(3461,2,1889,4,0,4),(3462,2,1889,6,0,2),(3463,2,1890,3,0,5),(3464,2,1890,4,0,4),(3465,2,1890,6,0,2),(3466,2,1891,3,0,5),(3467,2,1891,4,0,4),(3468,2,1891,6,0,2),(3469,2,1892,3,0,5),(3470,2,1892,4,0,4),(3471,2,1892,6,0,2),(3472,2,1893,3,0,5),(3473,2,1893,4,0,4),(3474,2,1893,6,0,2),(3475,2,1894,3,0,5),(3476,2,1894,4,0,4),(3477,2,1894,6,0,2),(3478,2,555,2,357,3),(3479,2,556,2,358,3),(3480,2,557,2,359,3),(3481,2,558,2,360,3),(3482,12,1767,2,352,3),(3483,13,1718,18,340,1),(3490,13,1718,18,361,1),(3497,12,1736,2,347,1),(3498,17,1902,2,25,3),(3499,17,1903,1,10,1),(3500,17,1903,2,14,3),(3501,17,1904,2,20,3),(3502,17,1905,1,10,1),(3503,17,1905,2,14,3),(3504,17,1905,2,25,3),(3505,17,1906,2,14,3),(3506,17,1907,1,10,1),(3507,17,1907,2,14,3),(3508,17,1907,2,25,3),(3509,17,1908,1,9,1),(3510,17,1908,2,25,3),(3511,17,1909,1,10,1),(3512,17,1909,2,25,3),(3513,17,1902,1,362,1),(3514,17,1903,1,363,1),(3515,12,339,6,0,2),(3516,12,340,6,0,2),(3517,12,341,6,0,2),(3518,12,342,6,0,2),(3519,12,343,6,0,2),(3520,12,344,6,0,2),(3521,12,345,6,0,2),(3522,12,346,6,0,2),(3523,12,356,6,0,2),(3524,12,357,6,0,2),(3525,12,358,6,0,2),(3526,12,359,6,0,2),(3527,12,360,6,0,2),(3528,12,361,6,0,2),(3529,12,362,6,0,2),(3530,12,385,6,0,2),(3531,12,1729,6,0,2),(3532,12,1730,6,0,2),(3533,12,1731,6,0,2),(3534,12,1732,6,0,2),(3535,12,1735,6,0,2),(3536,12,1736,6,0,2),(3537,12,1737,6,0,2),(3538,12,1738,6,0,2),(3539,12,1739,6,0,2),(3540,12,1740,6,0,2),(3541,12,1741,6,0,2),(3542,12,1742,6,0,2),(3543,12,1743,6,0,2),(3544,12,1744,6,0,2),(3545,12,1745,6,0,2),(3546,12,1746,6,0,2),(3547,12,1747,6,0,2),(3548,12,1748,6,0,2),(3549,12,1749,6,0,2),(3550,12,1750,6,0,2),(3551,12,1751,6,0,2),(3552,12,1752,6,0,2),(3553,12,1753,6,0,2),(3554,12,1754,6,0,2),(3555,12,1757,6,0,2),(3556,12,1761,6,0,2),(3557,12,1762,6,0,2),(3558,12,1763,6,0,2),(3559,12,1764,6,0,2),(3560,12,1765,6,0,2),(3561,12,1766,6,0,2),(3562,12,1767,6,0,2),(3563,12,1768,6,0,2),(3564,12,1769,6,0,2),(3565,12,1770,6,0,2),(3566,12,1771,6,0,2),(3567,12,1807,6,0,2),(3568,12,1808,6,0,2),(3569,12,1809,6,0,2),(3570,16,1578,6,0,2),(3571,16,1579,6,0,2),(3572,16,1580,6,0,2),(3573,16,1581,6,0,2),(3574,16,1582,6,0,2),(3575,16,1583,6,0,2),(3576,16,1584,6,0,2),(3577,16,1585,6,0,2),(3578,16,1586,6,0,2),(3579,16,1587,6,0,2),(3580,16,1588,6,0,2),(3581,16,1589,6,0,2),(3582,16,1590,6,0,2),(3583,16,1591,6,0,2),(3584,16,1592,6,0,2),(3585,16,1593,6,0,2),(3586,16,1594,6,0,2),(3587,16,1595,6,0,2),(3588,16,1596,6,0,2),(3589,16,1597,6,0,2),(3590,16,1598,6,0,2),(3591,16,1599,6,0,2),(3592,16,1600,6,0,2),(3593,16,1601,6,0,2),(3594,16,1602,6,0,2),(3595,16,1603,6,0,2),(3596,16,1604,6,0,2),(3597,16,1605,6,0,2),(3598,16,1606,6,0,2),(3599,16,1607,6,0,2),(3600,16,1608,6,0,2),(3601,16,1609,6,0,2),(3602,16,1610,6,0,2),(3603,16,1611,6,0,2),(3604,16,1612,6,0,2),(3605,16,1613,6,0,2),(3606,16,1614,6,0,2),(3607,16,1615,6,0,2),(3608,16,1616,6,0,2),(3609,16,1617,6,0,2),(3610,16,1618,6,0,2),(3611,16,1619,6,0,2),(3612,16,1620,6,0,2),(3613,16,1621,6,0,2),(3614,16,1622,6,0,2),(3615,16,1623,6,0,2),(3616,16,1624,6,0,2),(3617,16,1625,6,0,2),(3618,16,1626,6,0,2),(3619,16,1627,6,0,2),(3620,16,1628,6,0,1),(3621,16,1629,6,0,1),(3622,16,1630,6,0,1),(3623,16,1631,6,0,1),(3624,16,1632,6,0,1),(3625,16,1633,6,0,1),(3626,16,1634,6,0,1),(3627,16,1635,6,0,1),(3628,16,1636,6,0,1),(3629,16,1611,1,6,1),(3630,16,1611,1,7,1),(3631,16,1612,1,9,1),(3632,16,1617,1,338,1),(3633,16,1617,2,26,3),(3634,16,1618,2,26,3),(3635,16,1619,1,7,1),(3636,16,1619,1,8,1),(3637,16,1619,1,338,1),(3638,16,1619,2,26,3),(3639,16,1910,1,8,1),(3640,16,1910,1,9,1),(3641,16,1910,1,10,1),(3642,16,1910,1,11,1),(3643,16,1910,2,157,3),(3644,16,1910,2,26,3),(3645,16,1910,2,98,3),(3646,16,1593,1,363,1),(3647,16,1611,1,363,1),(3648,17,1897,6,0,4),(3649,17,1898,6,0,4),(3650,17,1900,6,0,4),(3651,17,1901,6,0,4),(3652,17,1902,6,0,4),(3653,17,1903,6,0,4),(3654,17,1904,6,0,4),(3655,17,1905,6,0,4),(3656,17,1906,6,0,4),(3657,17,1907,6,0,4),(3658,17,1908,6,0,4),(3659,17,1909,6,0,4),(3660,18,828,6,0,1),(3661,18,829,6,0,1),(3662,18,830,6,0,1),(3663,18,831,6,0,1),(3664,18,832,6,0,1),(3665,18,833,6,0,1),(3666,18,834,6,0,1),(3667,18,835,6,0,1),(3668,18,836,6,0,1),(3669,18,1637,6,0,1),(3670,18,1638,6,0,1),(3671,18,1639,6,0,1),(3672,18,1640,6,0,1),(3673,18,1641,6,0,1),(3674,18,1642,6,0,1),(3675,18,1643,6,0,1),(3676,18,1644,6,0,1),(3677,18,1645,6,0,1),(3678,19,842,6,0,1),(3679,19,843,6,0,1),(3680,19,844,6,0,1),(3681,19,845,6,0,1),(3682,19,1654,6,0,1),(3683,19,1655,6,0,1),(3684,19,1656,6,0,1),(3685,19,1657,6,0,1),(3686,19,1658,6,0,1),(3687,19,1659,6,0,1),(3688,19,1660,6,0,1),(3689,19,1661,6,0,1),(3690,19,1662,6,0,1),(3691,19,1663,6,0,1),(3692,19,1664,6,0,1),(3693,19,1665,6,0,1),(3694,19,1666,6,0,1),(3695,19,1667,6,0,1),(3696,19,1668,6,0,1),(3697,19,1669,6,0,1),(3698,19,1670,6,0,1),(3699,19,1671,6,0,1),(3700,19,1672,6,0,1),(3701,19,1673,6,0,1),(3702,19,1674,6,0,1),(3703,19,1675,6,0,1),(3704,19,1676,6,0,1),(3705,19,1677,6,0,1),(3706,19,1678,6,0,1),(3707,19,1679,6,0,1),(3708,19,1690,6,0,1),(3709,19,1691,6,0,1),(3710,19,1692,6,0,1),(3711,19,1693,6,0,1),(3712,19,1694,6,0,1),(3713,19,1695,6,0,1),(3714,19,1696,6,0,1),(3715,19,1697,6,0,1),(3716,19,1698,6,0,1),(3717,19,1699,6,0,1),(3718,19,1700,6,0,1),(3719,19,1701,6,0,1),(3720,19,1702,6,0,1),(3721,19,1703,6,0,1),(3722,19,1704,6,0,1),(3723,19,1705,6,0,1),(3724,19,1706,6,0,1),(3725,19,1707,6,0,1),(3726,19,1708,6,0,1),(3727,19,1709,6,0,1),(3728,19,1710,6,0,1),(3729,19,846,6,0,1),(3730,19,847,6,0,1),(3731,19,848,6,0,1),(3732,19,849,6,0,1),(3733,19,850,6,0,1),(3734,19,851,6,0,1),(3735,19,852,6,0,1),(3736,19,853,6,0,1),(3737,19,854,6,0,1),(3738,19,855,6,0,1),(3739,19,856,6,0,1),(3740,19,857,6,0,1),(3741,19,858,6,0,1),(3742,19,859,6,0,1),(3743,19,860,6,0,1),(3744,19,861,6,0,1),(3745,19,862,6,0,1),(3746,19,863,6,0,1),(3747,19,864,6,0,1),(3748,19,865,6,0,1),(3749,19,866,6,0,1),(3750,19,867,6,0,1),(3751,19,868,6,0,1),(3752,19,869,6,0,1),(3753,19,870,6,0,1),(3754,19,871,6,0,1),(3755,19,872,6,0,1),(3756,19,873,6,0,1),(3757,19,874,6,0,1),(3758,19,875,6,0,1),(3759,19,876,6,0,1),(3760,19,877,6,0,1),(3761,19,878,6,0,1),(3762,19,879,6,0,1),(3763,19,1651,6,0,1),(3764,19,1680,6,0,1),(3765,19,1681,6,0,1),(3766,19,1682,6,0,1),(3767,19,1683,6,0,1),(3768,19,1684,6,0,1),(3769,19,1685,6,0,1),(3770,19,1686,6,0,1),(3771,19,1687,6,0,1),(3772,19,1688,6,0,1),(3773,19,1689,6,0,1),(3774,19,1711,6,0,1),(3775,19,1712,6,0,1),(3776,19,1713,6,0,1),(3777,19,1714,6,0,1),(3778,19,1715,6,0,1),(3779,28,1727,6,0,2),(3780,28,1728,6,0,2),(3781,13,405,6,0,2),(3782,13,406,6,0,2),(3783,13,407,6,0,2),(3784,13,408,6,0,2),(3785,13,409,6,0,2),(3786,13,410,6,0,2),(3787,13,411,6,0,2),(3788,13,1716,6,0,2),(3789,13,1717,6,0,2),(3790,13,1718,6,0,2),(3791,13,1719,6,0,2),(3792,13,1720,6,0,2),(3793,13,1721,6,0,2),(3794,13,1722,6,0,2),(3795,13,1723,6,0,2),(3796,13,1724,6,0,2),(3797,13,1725,6,0,2),(3798,13,1726,6,0,2),(3799,13,414,6,0,2),(3800,13,415,6,0,2),(3801,13,416,6,0,2),(3802,13,417,6,0,2),(3803,12,334,3,0,4),(3804,12,335,3,0,4),(3805,12,336,3,0,4),(3806,12,337,3,0,4),(3807,12,338,3,0,4),(3808,12,339,3,0,4),(3809,12,340,3,0,4),(3810,12,341,3,0,4),(3811,12,342,3,0,4),(3812,12,343,3,0,4),(3813,12,344,3,0,4),(3814,12,345,3,0,4),(3815,12,346,3,0,4),(3816,12,356,3,0,4),(3817,12,357,3,0,4),(3818,12,358,3,0,4),(3819,12,359,3,0,4),(3820,12,360,3,0,4),(3821,12,361,3,0,4),(3822,12,362,3,0,4),(3823,12,364,3,0,4),(3824,12,365,3,0,4),(3825,12,366,3,0,4),(3826,12,367,3,0,4),(3827,12,368,3,0,4),(3828,12,385,3,0,4),(3829,12,388,3,0,4),(3830,12,389,3,0,4),(3831,12,1729,3,0,4),(3832,12,1730,3,0,4),(3833,12,1731,3,0,4),(3834,12,1732,3,0,4),(3835,12,1733,3,0,4),(3836,12,1734,3,0,4),(3837,12,1735,3,0,4),(3838,12,1736,3,0,4),(3839,12,1737,3,0,4),(3840,12,1738,3,0,4),(3841,12,1739,3,0,4),(3842,12,1740,3,0,4),(3843,12,1741,3,0,4),(3844,12,1742,3,0,4),(3845,12,1743,3,0,4),(3846,12,1744,3,0,4),(3847,12,1745,3,0,4),(3848,12,1746,3,0,4),(3849,12,1747,3,0,4),(3850,12,1748,3,0,4),(3851,12,1749,3,0,4),(3852,12,1750,3,0,4),(3853,12,1751,3,0,4),(3854,12,1752,3,0,4),(3855,12,1753,3,0,4),(3856,12,1754,3,0,4),(3857,12,1755,3,0,4),(3858,12,1756,3,0,4),(3859,12,1757,3,0,4),(3860,12,1758,3,0,4),(3861,12,1759,3,0,4),(3862,12,1760,3,0,4),(3863,12,1761,3,0,4),(3864,12,1762,3,0,4),(3865,12,1763,3,0,4),(3866,12,1764,3,0,4),(3867,12,1765,3,0,4),(3868,12,1766,3,0,4),(3869,12,1767,3,0,4),(3870,12,1768,3,0,4),(3871,12,1769,3,0,4),(3872,12,1770,3,0,4),(3873,12,1771,3,0,4),(3874,12,1807,3,0,4),(3875,12,1808,3,0,4),(3876,12,1809,3,0,4),(3877,12,334,4,0,5),(3878,12,335,4,0,5),(3879,12,336,4,0,5),(3880,12,337,4,0,5),(3881,12,338,4,0,5),(3882,12,339,4,0,5),(3883,12,340,4,0,5),(3884,12,341,4,0,5),(3885,12,342,4,0,5),(3886,12,343,4,0,5),(3887,12,344,4,0,5),(3888,12,345,4,0,5),(3889,12,346,4,0,5),(3890,12,356,4,0,5),(3891,12,357,4,0,5),(3892,12,358,4,0,5),(3893,12,359,4,0,5),(3894,12,360,4,0,5),(3895,12,361,4,0,5),(3896,12,362,4,0,5),(3897,12,364,4,0,5),(3898,12,365,4,0,5),(3899,12,366,4,0,5),(3900,12,367,4,0,5),(3901,12,368,4,0,5),(3902,12,385,4,0,5),(3903,12,388,4,0,5),(3904,12,389,4,0,5),(3905,12,1729,4,0,5),(3906,12,1730,4,0,5),(3907,12,1731,4,0,5),(3908,12,1732,4,0,5),(3909,12,1733,4,0,5),(3910,12,1734,4,0,5),(3911,12,1735,4,0,5),(3912,12,1736,4,0,5),(3913,12,1737,4,0,5),(3914,12,1738,4,0,5),(3915,12,1739,4,0,5),(3916,12,1740,4,0,5),(3917,12,1741,4,0,5),(3918,12,1742,4,0,5),(3919,12,1743,4,0,5),(3920,12,1744,4,0,5),(3921,12,1745,4,0,5),(3922,12,1746,4,0,5),(3923,12,1747,4,0,5),(3924,12,1748,4,0,5),(3925,12,1749,4,0,5),(3926,12,1750,4,0,5),(3927,12,1751,4,0,5),(3928,12,1752,4,0,5),(3929,12,1753,4,0,5),(3930,12,1754,4,0,5),(3931,12,1755,4,0,5),(3932,12,1756,4,0,5),(3933,12,1757,4,0,5),(3934,12,1758,4,0,5),(3935,12,1759,4,0,5),(3936,12,1760,4,0,5),(3937,12,1761,4,0,5),(3938,12,1762,4,0,5),(3939,12,1763,4,0,5),(3940,12,1764,4,0,5),(3941,12,1765,4,0,5),(3942,12,1766,4,0,5),(3943,12,1767,4,0,5),(3944,12,1768,4,0,5),(3945,12,1769,4,0,5),(3946,12,1770,4,0,5),(3947,12,1771,4,0,5),(3948,12,1807,4,0,5),(3949,12,1808,4,0,5),(3950,12,1809,4,0,5),(3951,16,1569,3,0,4),(3952,16,1570,3,0,4),(3953,16,1571,3,0,4),(3954,16,1572,3,0,4),(3955,16,1573,3,0,4),(3956,16,1574,3,0,4),(3957,16,1575,3,0,4),(3958,16,1576,3,0,4),(3959,16,1578,3,0,4),(3960,16,1579,3,0,4),(3961,16,1580,3,0,4),(3962,16,1581,3,0,4),(3963,16,1582,3,0,4),(3964,16,1583,3,0,4),(3965,16,1584,3,0,4),(3966,16,1585,3,0,4),(3967,16,1586,3,0,4),(3968,16,1587,3,0,4),(3969,16,1588,3,0,4),(3970,16,1589,3,0,4),(3971,16,1590,3,0,4),(3972,16,1591,3,0,4),(3973,16,1592,3,0,4),(3974,16,1593,3,0,4),(3975,16,1594,3,0,4),(3976,16,1595,3,0,4),(3977,16,1596,3,0,4),(3978,16,1597,3,0,4),(3979,16,1598,3,0,4),(3980,16,1599,3,0,4),(3981,16,1600,3,0,4),(3982,16,1601,3,0,4),(3983,16,1602,3,0,4),(3984,16,1603,3,0,4),(3985,16,1604,3,0,4),(3986,16,1605,3,0,4),(3987,16,1606,3,0,4),(3988,16,1607,3,0,4),(3989,16,1608,3,0,4),(3990,16,1609,3,0,4),(3991,16,1610,3,0,4),(3992,16,1611,3,0,4),(3993,16,1612,3,0,4),(3994,16,1613,3,0,4),(3995,16,1614,3,0,4),(3996,16,1615,3,0,4),(3997,16,1616,3,0,4),(3998,16,1617,3,0,4),(3999,16,1618,3,0,4),(4000,16,1619,3,0,4),(4001,16,1620,3,0,4),(4002,16,1621,3,0,4),(4003,16,1622,3,0,4),(4004,16,1623,3,0,4),(4005,16,1624,3,0,4),(4006,16,1625,3,0,4),(4007,16,1626,3,0,4),(4008,16,1627,3,0,4),(4009,16,1628,3,0,4),(4010,16,1629,3,0,4),(4011,16,1630,3,0,4),(4012,16,1631,3,0,4),(4013,16,1632,3,0,4),(4014,16,1633,3,0,4),(4015,16,1634,3,0,4),(4016,16,1635,3,0,4),(4017,16,1636,3,0,4),(4018,16,1569,4,30,5),(4019,16,1570,4,30,5),(4020,16,1571,4,30,5),(4021,16,1572,4,30,5),(4022,16,1573,4,30,5),(4023,16,1574,4,30,5),(4024,16,1575,4,30,5),(4025,16,1576,4,30,5),(4026,16,1578,4,30,5),(4027,16,1579,4,30,5),(4028,16,1580,4,30,5),(4029,16,1581,4,30,5),(4030,16,1582,4,30,5),(4031,16,1583,4,30,5),(4032,16,1584,4,30,5),(4033,16,1585,4,30,5),(4034,16,1586,4,30,5),(4035,16,1587,4,30,5),(4036,16,1588,4,30,5),(4037,16,1589,4,30,5),(4038,16,1590,4,30,5),(4039,16,1591,4,30,5),(4040,16,1592,4,30,5),(4041,16,1593,4,30,5),(4042,16,1594,4,30,5),(4043,16,1595,4,30,5),(4044,16,1596,4,30,5),(4045,16,1597,4,30,5),(4046,16,1598,4,30,5),(4047,16,1599,4,30,5),(4048,16,1600,4,30,5),(4049,16,1601,4,30,5),(4050,16,1602,4,30,5),(4051,16,1603,4,30,5),(4052,16,1604,4,30,5),(4053,16,1605,4,30,5),(4054,16,1606,4,30,5),(4055,16,1607,4,30,5),(4056,16,1608,4,30,5),(4057,16,1609,4,30,5),(4058,16,1610,4,30,5),(4059,16,1611,4,30,5),(4060,16,1612,4,30,5),(4061,16,1613,4,30,5),(4062,16,1614,4,30,5),(4063,16,1615,4,30,5),(4064,16,1616,4,30,5),(4065,16,1617,4,30,5),(4066,16,1618,4,30,5),(4067,16,1619,4,30,5),(4068,16,1620,4,30,5),(4069,16,1621,4,30,5),(4070,16,1622,4,30,5),(4071,16,1623,4,30,5),(4072,16,1624,4,30,5),(4073,16,1625,4,30,5),(4074,16,1626,4,30,5),(4075,16,1627,4,30,5),(4076,16,1628,4,30,5),(4077,16,1629,4,30,5),(4078,16,1630,4,30,5),(4079,16,1631,4,30,5),(4080,16,1632,4,30,5),(4081,16,1633,4,30,5),(4082,16,1634,4,30,5),(4083,16,1635,4,30,5),(4084,16,1636,4,30,5),(4085,16,1569,4,155,5),(4086,16,1570,4,155,5),(4087,16,1571,4,155,5),(4088,16,1572,4,155,5),(4089,16,1573,4,155,5),(4090,16,1574,4,155,5),(4091,16,1575,4,155,5),(4092,16,1576,4,155,5),(4093,16,1578,4,155,5),(4094,16,1579,4,155,5),(4095,16,1580,4,155,5),(4096,16,1581,4,155,5),(4097,16,1582,4,155,5),(4098,16,1583,4,155,5),(4099,16,1584,4,155,5),(4100,16,1585,4,155,5),(4101,16,1586,4,155,5),(4102,16,1587,4,155,5),(4103,16,1588,4,155,5),(4104,16,1589,4,155,5),(4105,16,1590,4,155,5),(4106,16,1591,4,155,5),(4107,16,1592,4,155,5),(4108,16,1593,4,155,5),(4109,16,1594,4,155,5),(4110,16,1595,4,155,5),(4111,16,1596,4,155,5),(4112,16,1597,4,155,5),(4113,16,1598,4,155,5),(4114,16,1599,4,155,5),(4115,16,1600,4,155,5),(4116,16,1601,4,155,5),(4117,16,1602,4,155,5),(4118,16,1603,4,155,5),(4119,16,1604,4,155,5),(4120,16,1605,4,155,5),(4121,16,1606,4,155,5),(4122,16,1607,4,155,5),(4123,16,1608,4,155,5),(4124,16,1609,4,155,5),(4125,16,1610,4,155,5),(4126,16,1611,4,155,5),(4127,16,1612,4,155,5),(4128,16,1613,4,155,5),(4129,16,1614,4,155,5),(4130,16,1615,4,155,5),(4131,16,1616,4,155,5),(4132,16,1617,4,155,5),(4133,16,1618,4,155,5),(4134,16,1619,4,155,5),(4135,16,1620,4,155,5),(4136,16,1621,4,155,5),(4137,16,1622,4,155,5),(4138,16,1623,4,155,5),(4139,16,1624,4,155,5),(4140,16,1625,4,155,5),(4141,16,1626,4,155,5),(4142,16,1627,4,155,5),(4143,16,1628,4,155,5),(4144,16,1629,4,155,5),(4145,16,1630,4,155,5),(4146,16,1631,4,155,5),(4147,16,1632,4,155,5),(4148,16,1633,4,155,5),(4149,16,1634,4,155,5),(4150,16,1635,4,155,5),(4151,16,1636,4,155,5),(4152,16,1569,4,156,5),(4153,16,1570,4,156,5),(4154,16,1571,4,156,5),(4155,16,1572,4,156,5),(4156,16,1573,4,156,5),(4157,16,1574,4,156,5),(4158,16,1575,4,156,5),(4159,16,1576,4,156,5),(4160,16,1578,4,156,5),(4161,16,1579,4,156,5),(4162,16,1580,4,156,5),(4163,16,1581,4,156,5),(4164,16,1582,4,156,5),(4165,16,1583,4,156,5),(4166,16,1584,4,156,5),(4167,16,1585,4,156,5),(4168,16,1586,4,156,5),(4169,16,1587,4,156,5),(4170,16,1588,4,156,5),(4171,16,1589,4,156,5),(4172,16,1590,4,156,5),(4173,16,1591,4,156,5),(4174,16,1592,4,156,5),(4175,16,1593,4,156,5),(4176,16,1594,4,156,5),(4177,16,1595,4,156,5),(4178,16,1596,4,156,5),(4179,16,1597,4,156,5),(4180,16,1598,4,156,5),(4181,16,1599,4,156,5),(4182,16,1600,4,156,5),(4183,16,1601,4,156,5),(4184,16,1602,4,156,5),(4185,16,1603,4,156,5),(4186,16,1604,4,156,5),(4187,16,1605,4,156,5),(4188,16,1606,4,156,5),(4189,16,1607,4,156,5),(4190,16,1608,4,156,5),(4191,16,1609,4,156,5),(4192,16,1610,4,156,5),(4193,16,1611,4,156,5),(4194,16,1612,4,156,5),(4195,16,1613,4,156,5),(4196,16,1614,4,156,5),(4197,16,1615,4,156,5),(4198,16,1616,4,156,5),(4199,16,1617,4,156,5),(4200,16,1618,4,156,5),(4201,16,1619,4,156,5),(4202,16,1620,4,156,5),(4203,16,1621,4,156,5),(4204,16,1622,4,156,5),(4205,16,1623,4,156,5),(4206,16,1624,4,156,5),(4207,16,1625,4,156,5),(4208,16,1626,4,156,5),(4209,16,1627,4,156,5),(4210,16,1628,4,156,5),(4211,16,1629,4,156,5),(4212,16,1630,4,156,5),(4213,16,1631,4,156,5),(4214,16,1632,4,156,5),(4215,16,1633,4,156,5),(4216,16,1634,4,156,5),(4217,16,1635,4,156,5),(4218,16,1636,4,156,5),(4219,19,837,3,0,4),(4220,19,838,3,0,4),(4221,19,839,3,0,4),(4222,19,840,3,0,4),(4223,19,841,3,0,4),(4224,19,842,3,0,4),(4225,19,843,3,0,4),(4226,19,844,3,0,4),(4227,19,845,3,0,4),(4228,19,846,3,0,4),(4229,19,847,3,0,4),(4230,19,848,3,0,4),(4231,19,849,3,0,4),(4232,19,850,3,0,4),(4233,19,851,3,0,4),(4234,19,852,3,0,4),(4235,19,853,3,0,4),(4236,19,854,3,0,4),(4237,19,855,3,0,4),(4238,19,856,3,0,4),(4239,19,857,3,0,4),(4240,19,858,3,0,4),(4241,19,859,3,0,4),(4242,19,860,3,0,4),(4243,19,861,3,0,4),(4244,19,862,3,0,4),(4245,19,863,3,0,4),(4246,19,864,3,0,4),(4247,19,865,3,0,4),(4248,19,866,3,0,4),(4249,19,867,3,0,4),(4250,19,868,3,0,4),(4251,19,869,3,0,4),(4252,19,870,3,0,4),(4253,19,871,3,0,4),(4254,19,872,3,0,4),(4255,19,873,3,0,4),(4256,19,874,3,0,4),(4257,19,875,3,0,4),(4258,19,876,3,0,4),(4259,19,877,3,0,4),(4260,19,878,3,0,4),(4261,19,879,3,0,4),(4262,19,1651,3,0,4),(4263,19,1654,3,0,4),(4264,19,1655,3,0,4),(4265,19,1656,3,0,4),(4266,19,1657,3,0,4),(4267,19,1658,3,0,4),(4268,19,1659,3,0,4),(4269,19,1660,3,0,4),(4270,19,1661,3,0,4),(4271,19,1662,3,0,4),(4272,19,1663,3,0,4),(4273,19,1664,3,0,4),(4274,19,1665,3,0,4),(4275,19,1666,3,0,4),(4276,19,1667,3,0,4),(4277,19,1668,3,0,4),(4278,19,1669,3,0,4),(4279,19,1670,3,0,4),(4280,19,1671,3,0,4),(4281,19,1672,3,0,4),(4282,19,1673,3,0,4),(4283,19,1674,3,0,4),(4284,19,1675,3,0,4),(4285,19,1676,3,0,4),(4286,19,1677,3,0,4),(4287,19,1678,3,0,4),(4288,19,1679,3,0,4),(4289,19,1680,3,0,4),(4290,19,1681,3,0,4),(4291,19,1682,3,0,4),(4292,19,1683,3,0,4),(4293,19,1684,3,0,4),(4294,19,1685,3,0,4),(4295,19,1686,3,0,4),(4296,19,1687,3,0,4),(4297,19,1688,3,0,4),(4298,19,1689,3,0,4),(4299,19,1690,3,0,4),(4300,19,1691,3,0,4),(4301,19,1692,3,0,4),(4302,19,1693,3,0,4),(4303,19,1694,3,0,4),(4304,19,1695,3,0,4),(4305,19,1696,3,0,4),(4306,19,1697,3,0,4),(4307,19,1698,3,0,4),(4308,19,1699,3,0,4),(4309,19,1700,3,0,4),(4310,19,1701,3,0,4),(4311,19,1702,3,0,4),(4312,19,1703,3,0,4),(4313,19,1704,3,0,4),(4314,19,1705,3,0,4),(4315,19,1706,3,0,4),(4316,19,1707,3,0,4),(4317,19,1708,3,0,4),(4318,19,1709,3,0,4),(4319,19,1710,3,0,4),(4320,19,1711,3,0,4),(4321,19,1712,3,0,4),(4322,19,1713,3,0,4),(4323,19,1714,3,0,4),(4324,19,1715,3,0,4),(4325,19,837,4,30,5),(4326,19,838,4,30,5),(4327,19,839,4,30,5),(4328,19,840,4,30,5),(4329,19,841,4,30,5),(4330,19,842,4,30,5),(4331,19,843,4,30,5),(4332,19,844,4,30,5),(4333,19,845,4,30,5),(4334,19,846,4,30,5),(4335,19,847,4,30,5),(4336,19,848,4,30,5),(4337,19,849,4,30,5),(4338,19,850,4,30,5),(4339,19,851,4,30,5),(4340,19,852,4,30,5),(4341,19,853,4,30,5),(4342,19,854,4,30,5),(4343,19,855,4,30,5),(4344,19,856,4,30,5),(4345,19,857,4,30,5),(4346,19,858,4,30,5),(4347,19,859,4,30,5),(4348,19,860,4,30,5),(4349,19,861,4,30,5),(4350,19,862,4,30,5),(4351,19,863,4,30,5),(4352,19,864,4,30,5),(4353,19,865,4,30,5),(4354,19,866,4,30,5),(4355,19,867,4,30,5),(4356,19,868,4,30,5),(4357,19,869,4,30,5),(4358,19,870,4,30,5),(4359,19,871,4,30,5),(4360,19,872,4,30,5),(4361,19,873,4,30,5),(4362,19,874,4,30,5),(4363,19,875,4,30,5),(4364,19,876,4,30,5),(4365,19,877,4,30,5),(4366,19,878,4,30,5),(4367,19,879,4,30,5),(4368,19,1651,4,30,5),(4369,19,1654,4,30,5),(4370,19,1655,4,30,5),(4371,19,1656,4,30,5),(4372,19,1657,4,30,5),(4373,19,1658,4,30,5),(4374,19,1659,4,30,5),(4375,19,1660,4,30,5),(4376,19,1661,4,30,5),(4377,19,1662,4,30,5),(4378,19,1663,4,30,5),(4379,19,1664,4,30,5),(4380,19,1665,4,30,5),(4381,19,1666,4,30,5),(4382,19,1667,4,30,5),(4383,19,1668,4,30,5),(4384,19,1669,4,30,5),(4385,19,1670,4,30,5),(4386,19,1671,4,30,5),(4387,19,1672,4,30,5),(4388,19,1673,4,30,5),(4389,19,1674,4,30,5),(4390,19,1675,4,30,5),(4391,19,1676,4,30,5),(4392,19,1677,4,30,5),(4393,19,1678,4,30,5),(4394,19,1679,4,30,5),(4395,19,1680,4,30,5),(4396,19,1681,4,30,5),(4397,19,1682,4,30,5),(4398,19,1683,4,30,5),(4399,19,1684,4,30,5),(4400,19,1685,4,30,5),(4401,19,1686,4,30,5),(4402,19,1687,4,30,5),(4403,19,1688,4,30,5),(4404,19,1689,4,30,5),(4405,19,1690,4,30,5),(4406,19,1691,4,30,5),(4407,19,1692,4,30,5),(4408,19,1693,4,30,5),(4409,19,1694,4,30,5),(4410,19,1695,4,30,5),(4411,19,1696,4,30,5),(4412,19,1697,4,30,5),(4413,19,1698,4,30,5),(4414,19,1699,4,30,5),(4415,19,1700,4,30,5),(4416,19,1701,4,30,5),(4417,19,1702,4,30,5),(4418,19,1703,4,30,5),(4419,19,1704,4,30,5),(4420,19,1705,4,30,5),(4421,19,1706,4,30,5),(4422,19,1707,4,30,5),(4423,19,1708,4,30,5),(4424,19,1709,4,30,5),(4425,19,1710,4,30,5),(4426,19,1711,4,30,5),(4427,19,1712,4,30,5),(4428,19,1713,4,30,5),(4429,19,1714,4,30,5),(4430,19,1715,4,30,5),(4431,19,837,4,155,5),(4432,19,838,4,155,5),(4433,19,839,4,155,5),(4434,19,840,4,155,5),(4435,19,841,4,155,5),(4436,19,842,4,155,5),(4437,19,843,4,155,5),(4438,19,844,4,155,5),(4439,19,845,4,155,5),(4440,19,846,4,155,5),(4441,19,847,4,155,5),(4442,19,848,4,155,5),(4443,19,849,4,155,5),(4444,19,850,4,155,5),(4445,19,851,4,155,5),(4446,19,852,4,155,5),(4447,19,853,4,155,5),(4448,19,854,4,155,5),(4449,19,855,4,155,5),(4450,19,856,4,155,5),(4451,19,857,4,155,5),(4452,19,858,4,155,5),(4453,19,859,4,155,5),(4454,19,860,4,155,5),(4455,19,861,4,155,5),(4456,19,862,4,155,5),(4457,19,863,4,155,5),(4458,19,864,4,155,5),(4459,19,865,4,155,5),(4460,19,866,4,155,5),(4461,19,867,4,155,5),(4462,19,868,4,155,5),(4463,19,869,4,155,5),(4464,19,870,4,155,5),(4465,19,871,4,155,5),(4466,19,872,4,155,5),(4467,19,873,4,155,5),(4468,19,874,4,155,5),(4469,19,875,4,155,5),(4470,19,876,4,155,5),(4471,19,877,4,155,5),(4472,19,878,4,155,5),(4473,19,879,4,155,5),(4474,19,1651,4,155,5),(4475,19,1654,4,155,5),(4476,19,1655,4,155,5),(4477,19,1656,4,155,5),(4478,19,1657,4,155,5),(4479,19,1658,4,155,5),(4480,19,1659,4,155,5),(4481,19,1660,4,155,5),(4482,19,1661,4,155,5),(4483,19,1662,4,155,5),(4484,19,1663,4,155,5),(4485,19,1664,4,155,5),(4486,19,1665,4,155,5),(4487,19,1666,4,155,5),(4488,19,1667,4,155,5),(4489,19,1668,4,155,5),(4490,19,1669,4,155,5),(4491,19,1670,4,155,5),(4492,19,1671,4,155,5),(4493,19,1672,4,155,5),(4494,19,1673,4,155,5),(4495,19,1674,4,155,5),(4496,19,1675,4,155,5),(4497,19,1676,4,155,5),(4498,19,1677,4,155,5),(4499,19,1678,4,155,5),(4500,19,1679,4,155,5),(4501,19,1680,4,155,5),(4502,19,1681,4,155,5),(4503,19,1682,4,155,5),(4504,19,1683,4,155,5),(4505,19,1684,4,155,5),(4506,19,1685,4,155,5),(4507,19,1686,4,155,5),(4508,19,1687,4,155,5),(4509,19,1688,4,155,5),(4510,19,1689,4,155,5),(4511,19,1690,4,155,5),(4512,19,1691,4,155,5),(4513,19,1692,4,155,5),(4514,19,1693,4,155,5),(4515,19,1694,4,155,5),(4516,19,1695,4,155,5),(4517,19,1696,4,155,5),(4518,19,1697,4,155,5),(4519,19,1698,4,155,5),(4520,19,1699,4,155,5),(4521,19,1700,4,155,5),(4522,19,1701,4,155,5),(4523,19,1702,4,155,5),(4524,19,1703,4,155,5),(4525,19,1704,4,155,5),(4526,19,1705,4,155,5),(4527,19,1706,4,155,5),(4528,19,1707,4,155,5),(4529,19,1708,4,155,5),(4530,19,1709,4,155,5),(4531,19,1710,4,155,5),(4532,19,1711,4,155,5),(4533,19,1712,4,155,5),(4534,19,1713,4,155,5),(4535,19,1714,4,155,5),(4536,19,1715,4,155,5),(4537,19,837,4,156,5),(4538,19,838,4,156,5),(4539,19,839,4,156,5),(4540,19,840,4,156,5),(4541,19,841,4,156,5),(4542,19,842,4,156,5),(4543,19,843,4,156,5),(4544,19,844,4,156,5),(4545,19,845,4,156,5),(4546,19,846,4,156,5),(4547,19,847,4,156,5),(4548,19,848,4,156,5),(4549,19,849,4,156,5),(4550,19,850,4,156,5),(4551,19,851,4,156,5),(4552,19,852,4,156,5),(4553,19,853,4,156,5),(4554,19,854,4,156,5),(4555,19,855,4,156,5),(4556,19,856,4,156,5),(4557,19,857,4,156,5),(4558,19,858,4,156,5),(4559,19,859,4,156,5),(4560,19,860,4,156,5),(4561,19,861,4,156,5),(4562,19,862,4,156,5),(4563,19,863,4,156,5),(4564,19,864,4,156,5),(4565,19,865,4,156,5),(4566,19,866,4,156,5),(4567,19,867,4,156,5),(4568,19,868,4,156,5),(4569,19,869,4,156,5),(4570,19,870,4,156,5),(4571,19,871,4,156,5),(4572,19,872,4,156,5),(4573,19,873,4,156,5),(4574,19,874,4,156,5),(4575,19,875,4,156,5),(4576,19,876,4,156,5),(4577,19,877,4,156,5),(4578,19,878,4,156,5),(4579,19,879,4,156,5),(4580,19,1651,4,156,5),(4581,19,1654,4,156,5),(4582,19,1655,4,156,5),(4583,19,1656,4,156,5),(4584,19,1657,4,156,5),(4585,19,1658,4,156,5),(4586,19,1659,4,156,5),(4587,19,1660,4,156,5),(4588,19,1661,4,156,5),(4589,19,1662,4,156,5),(4590,19,1663,4,156,5),(4591,19,1664,4,156,5),(4592,19,1665,4,156,5),(4593,19,1666,4,156,5),(4594,19,1667,4,156,5),(4595,19,1668,4,156,5),(4596,19,1669,4,156,5),(4597,19,1670,4,156,5),(4598,19,1671,4,156,5),(4599,19,1672,4,156,5),(4600,19,1673,4,156,5),(4601,19,1674,4,156,5),(4602,19,1675,4,156,5),(4603,19,1676,4,156,5),(4604,19,1677,4,156,5),(4605,19,1678,4,156,5),(4606,19,1679,4,156,5),(4607,19,1680,4,156,5),(4608,19,1681,4,156,5),(4609,19,1682,4,156,5),(4610,19,1683,4,156,5),(4611,19,1684,4,156,5),(4612,19,1685,4,156,5),(4613,19,1686,4,156,5),(4614,19,1687,4,156,5),(4615,19,1688,4,156,5),(4616,19,1689,4,156,5),(4617,19,1690,4,156,5),(4618,19,1691,4,156,5),(4619,19,1692,4,156,5),(4620,19,1693,4,156,5),(4621,19,1694,4,156,5),(4622,19,1695,4,156,5),(4623,19,1696,4,156,5),(4624,19,1697,4,156,5),(4625,19,1698,4,156,5),(4626,19,1699,4,156,5),(4627,19,1700,4,156,5),(4628,19,1701,4,156,5),(4629,19,1702,4,156,5),(4630,19,1703,4,156,5),(4631,19,1704,4,156,5),(4632,19,1705,4,156,5),(4633,19,1706,4,156,5),(4634,19,1707,4,156,5),(4635,19,1708,4,156,5),(4636,19,1709,4,156,5),(4637,19,1710,4,156,5),(4638,19,1711,4,156,5),(4639,19,1712,4,156,5),(4640,19,1713,4,156,5),(4641,19,1714,4,156,5),(4642,19,1715,4,156,5),(4643,13,1716,3,0,1),(4644,13,1717,3,0,1),(4645,13,1718,3,0,1),(4646,13,1719,3,0,1),(4647,13,1720,3,0,1),(4648,13,1721,3,0,1),(4649,13,1722,3,0,1),(4650,13,1723,3,0,1),(4651,13,1724,3,0,1),(4652,13,1725,3,0,1),(4653,13,1726,3,0,1),(4654,28,1727,3,0,3),(4655,28,1728,3,0,3),(4656,17,1895,3,0,5),(4657,17,1896,3,0,5),(4658,17,1897,3,0,5),(4659,17,1898,3,0,5),(4660,17,1900,3,0,5),(4661,17,1901,3,0,5),(4662,17,1902,3,0,5),(4663,17,1903,3,0,5),(4664,17,1904,3,0,5),(4665,17,1905,3,0,5),(4666,17,1906,3,0,5),(4667,17,1907,3,0,5),(4668,17,1908,3,0,5),(4669,17,1909,3,0,5),(4670,17,1911,3,0,5),(4671,17,1912,3,0,5),(4672,17,1913,3,0,5),(4673,17,1895,4,30,6),(4674,17,1896,4,30,6),(4675,17,1897,4,30,6),(4676,17,1898,4,30,6),(4677,17,1900,4,30,6),(4679,17,1902,4,30,6),(4680,17,1903,4,30,6),(4681,17,1904,4,30,6),(4682,17,1905,4,30,6),(4683,17,1906,4,30,6),(4684,17,1907,4,30,6),(4685,17,1908,4,30,6),(4686,17,1909,4,30,6),(4687,17,1911,4,30,6),(4688,17,1912,4,30,6),(4689,17,1913,4,30,6),(4690,17,1895,4,155,6),(4691,17,1896,4,155,6),(4692,17,1897,4,155,6),(4693,17,1898,4,155,6),(4694,17,1900,4,155,6),(4695,17,1901,4,155,6),(4696,17,1902,4,155,6),(4697,17,1903,4,155,6),(4698,17,1904,4,155,6),(4699,17,1905,4,155,6),(4700,17,1906,4,155,6),(4701,17,1907,4,155,6),(4702,17,1908,4,155,6),(4703,17,1909,4,155,6),(4704,17,1911,4,155,6),(4705,17,1912,4,155,6),(4706,17,1913,4,155,6),(4707,17,1895,4,156,6),(4708,17,1896,4,156,6),(4709,17,1897,4,156,6),(4710,17,1898,4,156,6),(4711,17,1900,4,156,6),(4712,17,1901,4,156,6),(4713,17,1902,4,156,6),(4714,17,1903,4,156,6),(4715,17,1904,4,156,6),(4716,17,1905,4,156,6),(4717,17,1906,4,156,6),(4718,17,1907,4,156,6),(4719,17,1908,4,156,6),(4720,17,1909,4,156,6),(4721,17,1911,4,156,6),(4722,17,1912,4,156,6),(4723,17,1913,4,156,6),(4724,17,1914,4,156,6),(4725,17,1915,4,156,6),(4726,17,1916,4,156,6),(4727,17,1914,4,155,6),(4728,17,1915,4,155,6),(4729,17,1916,4,155,6),(4730,17,1914,3,0,5),(4731,17,1915,3,0,5),(4732,17,1916,3,0,5),(4733,17,1914,6,0,4),(4734,17,1915,6,0,4),(4735,17,1916,6,0,4);
/*!40000 ALTER TABLE `brand_params` ENABLE KEYS */;
UNLOCK TABLES;

--
-- Table structure for table `brands`
--

DROP TABLE IF EXISTS `brands`;
/*!40101 SET @saved_cs_client     = @@character_set_client */;
/*!50503 SET character_set_client = utf8mb4 */;
CREATE TABLE `brands` (
  `brand_id` int NOT NULL AUTO_INCREMENT,
  `category_id` int DEFAULT NULL,
  `brand_name` varchar(127) DEFAULT NULL,
  `parent_id` int DEFAULT NULL,
  `is_serial` tinyint(1) DEFAULT '0',
  `is_model` tinyint(1) DEFAULT '0',
  `clothes_type` enum('up','down','shoes') DEFAULT NULL,
  PRIMARY KEY (`brand_id`)
) ENGINE=InnoDB AUTO_INCREMENT=1917 DEFAULT CHARSET=utf8mb4 COLLATE=utf8mb4_0900_ai_ci;
/*!40101 SET character_set_client = @saved_cs_client */;

--
-- Dumping data for table `brands`
--

LOCK TABLES `brands` WRITE;
/*!40000 ALTER TABLE `brands` DISABLE KEYS */;
INSERT INTO `brands` VALUES (1,2,'Apple',NULL,0,0,NULL),(2,2,'OnePlus',NULL,0,0,NULL),(3,2,'Xiaomi',NULL,0,0,NULL),(4,2,'Samsung',NULL,0,0,NULL),(5,2,'Oppo',NULL,0,0,NULL),(6,2,'Honor',NULL,0,0,NULL),(7,2,'Huawei',NULL,0,0,NULL),(8,2,'Nokia',NULL,0,0,NULL),(10,2,'Note',3,1,0,NULL),(14,2,'Galaxy M',4,1,0,NULL),(15,2,'Galaxy A',4,1,0,NULL),(17,2,'Galaxy S',4,1,0,NULL),(18,2,'Galaxy Note',4,1,0,NULL),(43,2,'9',9,0,1,NULL),(44,2,'9T',9,0,1,NULL),(45,2,'9C',9,0,1,NULL),(46,2,'9A',9,0,1,NULL),(47,2,'6 PRO',9,0,1,NULL),(48,2,'8',9,0,1,NULL),(49,2,'7A',9,0,1,NULL),(50,2,'9A',9,0,1,NULL),(51,2,'9',9,0,1,NULL),(52,2,'6A',9,0,1,NULL),(53,2,'6',9,0,1,NULL),(54,2,'7A',9,0,1,NULL),(55,2,'8A',9,0,1,NULL),(56,2,'6',9,0,1,NULL),(57,2,'7',9,0,1,NULL),(58,2,'S2',9,0,1,NULL),(59,2,'GO',9,0,1,NULL),(60,2,'10',10,0,1,NULL),(61,2,'10 Pro',10,0,1,NULL),(62,2,'8 Pro',10,0,1,NULL),(63,2,'9 Pro',10,0,1,NULL),(64,2,'9 T',10,0,1,NULL),(65,2,'9',10,0,1,NULL),(66,2,'9S',10,0,1,NULL),(67,2,'10S',10,0,1,NULL),(68,2,'5',10,0,1,NULL),(71,2,'7',10,0,1,NULL),(72,2,'8T',10,0,1,NULL),(73,2,'8',10,0,1,NULL),(74,2,'7 Pro',10,0,1,NULL),(75,2,'6 Pro',10,0,1,NULL),(76,2,'10 X',10,0,1,NULL),(78,2,'11 Lite',13,0,1,NULL),(79,2,'10T Pro',13,0,1,NULL),(80,2,'10T',13,0,1,NULL),(81,2,'11',13,0,1,NULL),(82,2,'11 Lite 5G',13,0,1,NULL),(83,2,'10T Lite',13,0,1,NULL),(84,2,'11i',13,0,1,NULL),(85,2,'11 Lite',13,0,1,NULL),(86,2,'10 Lite',13,0,1,NULL),(87,2,'10',13,0,1,NULL),(88,2,'8 Lite',13,0,1,NULL),(89,2,'9',13,0,1,NULL),(90,2,'Note 10 Pro',13,0,1,NULL),(91,2,'9T',13,0,1,NULL),(92,2,'Note 10',13,0,1,NULL),(93,2,'A2 Lite',13,0,1,NULL),(94,2,'A3',13,0,1,NULL),(95,2,'9 Lite',13,0,1,NULL),(96,2,'9 SE',13,0,1,NULL),(97,2,'Note',13,0,1,NULL),(98,2,'K30S',13,0,1,NULL),(99,2,'Max 3',12,0,1,NULL),(100,2,'X3 Pro',11,0,1,NULL),(101,2,'X3 NFC',11,0,1,NULL),(102,2,'F3',11,0,1,NULL),(103,2,'M3',11,0,1,NULL),(104,2,'M3 Pro 5G',11,0,1,NULL),(105,2,'M3 Pro',11,0,1,NULL),(106,2,'X3',11,0,1,NULL),(107,2,'F2 Pro',11,0,1,NULL),(174,2,'F52',16,0,1,NULL),(203,2,'Z Flip',19,0,1,NULL),(204,2,'Z Fold2',19,0,1,NULL),(205,2,'Fold',19,0,1,NULL),(206,2,'4s',20,0,1,NULL),(207,2,'4',20,0,1,NULL),(208,2,'550',20,0,1,NULL),(209,2,'GT-C3322',21,0,1,NULL),(210,2,'GT-E1202',21,0,1,NULL),(211,2,'GT-E2232',21,0,1,NULL),(212,2,'GT-E1182',21,0,1,NULL),(213,2,'N10 5G',22,0,1,NULL),(214,2,'N100',22,0,1,NULL),(215,2,'Nord',22,0,1,NULL),(216,2,'CE 5G',22,0,1,NULL),(217,2,'N200 5G',22,0,1,NULL),(218,2,'Nord2',22,0,1,NULL),(219,2,'3',23,0,1,NULL),(220,2,'5',24,0,1,NULL),(221,2,'5',24,0,1,NULL),(222,2,'7',25,0,1,NULL),(223,2,'7 Pro 5G',25,0,1,NULL),(224,2,'8 Pro',26,0,1,NULL),(225,2,'8T',26,0,1,NULL),(226,2,'8',26,0,1,NULL),(227,2,'9',27,0,1,NULL),(228,2,'9 Pro',27,0,1,NULL),(229,2,'9R',27,0,1,NULL),(230,2,'53',28,0,1,NULL),(231,2,'74',28,0,1,NULL),(232,2,'15',28,0,1,NULL),(233,2,'52',28,0,1,NULL),(234,2,'15s',28,0,1,NULL),(235,2,'54',28,0,1,NULL),(236,2,'5 2020',28,0,1,NULL),(237,2,'12',28,0,1,NULL),(238,2,'72',28,0,1,NULL),(239,2,'1k',28,0,1,NULL),(240,2,'9 2020',28,0,1,NULL),(241,2,'31',28,0,1,NULL),(242,2,'91',28,0,1,NULL),(243,2,'5s',28,0,1,NULL),(244,2,'93s 5G',28,0,1,NULL),(245,2,'16',28,0,1,NULL),(246,2,'19',29,0,1,NULL),(247,2,'5',29,0,1,NULL),(248,2,'5',30,0,1,NULL),(249,2,'5 Lite',30,0,1,NULL),(250,2,'4 Lite',30,0,1,NULL),(251,2,'2 Z',30,0,1,NULL),(252,2,'3 Pro 5G',30,0,1,NULL),(253,2,'3',30,0,1,NULL),(254,2,'2',30,0,1,NULL),(255,2,'4',30,0,1,NULL),(256,2,'4 Pro',30,0,1,NULL),(257,2,'4 Pro 5G',30,0,1,NULL),(258,2,'5 5G',30,0,1,NULL),(259,2,'6 Pro Lus',30,0,1,NULL),(262,2,'20',6,0,1,NULL),(264,2,'30i',6,0,1,NULL),(265,2,'30S',6,0,1,NULL),(266,2,'30 Pro Plus',6,0,1,NULL),(268,2,'30',6,0,1,NULL),(269,2,'9A',6,0,1,NULL),(270,2,'20 Lite',6,0,1,NULL),(271,2,'8p',31,0,1,NULL),(272,2,'5p',31,0,1,NULL),(273,2,'6p',31,0,1,NULL),(274,2,'7',31,0,1,NULL),(275,2,'6',31,0,1,NULL),(276,2,'5 lite',31,0,1,NULL),(277,2,'5',31,0,1,NULL),(278,2,'6s',31,0,1,NULL),(279,2,'7 pro',31,0,1,NULL),(280,2,'5 prime',31,0,1,NULL),(281,2,'5T',32,0,1,NULL),(282,2,'3',32,0,1,NULL),(283,2,'2s',32,0,1,NULL),(284,2,'Lite',32,0,1,NULL),(285,2,'2021',33,0,1,NULL),(286,2,'Z',33,0,1,NULL),(287,2,'2019',33,0,1,NULL),(288,2,'Plus',33,0,1,NULL),(289,2,'40 Pro',34,0,1,NULL),(290,2,'30 Pro',34,0,1,NULL),(291,2,'Xs',34,0,1,NULL),(292,2,'20 Pro',34,0,1,NULL),(293,2,'S',34,0,1,NULL),(294,2,'40 Pro',35,0,1,NULL),(295,2,'40 Lite',35,0,1,NULL),(296,2,'30 lite',35,0,1,NULL),(297,2,'40 Lite E',35,0,1,NULL),(298,2,'30 Pro',35,0,1,NULL),(299,2,'40',35,0,1,NULL),(300,2,'30',35,0,1,NULL),(301,2,'40 Pro Plus',35,0,1,NULL),(302,2,'20 Pro',35,0,1,NULL),(303,2,'30 lite New Edition',35,0,1,NULL),(304,2,'20 lite',35,0,1,NULL),(305,2,'3.4',36,0,1,NULL),(306,2,'4.2',36,0,1,NULL),(307,2,'2.4',36,0,1,NULL),(308,2,'1.3',36,0,1,NULL),(309,2,'1.4',36,0,1,NULL),(310,2,'2.3',36,0,1,NULL),(311,2,'3',36,0,1,NULL),(312,2,'1 Plus',36,0,1,NULL),(313,2,'2.2',36,0,1,NULL),(314,2,'3.2',36,0,1,NULL),(315,2,'5.4',37,0,1,NULL),(316,2,'5.3',37,0,1,NULL),(317,2,'7.2',37,0,1,NULL),(318,2,'6',37,0,1,NULL),(319,2,'6.1',37,0,1,NULL),(320,2,'8.3',38,0,1,NULL),(321,2,'X2 Dual',38,0,1,NULL),(322,2,'930',40,0,1,NULL),(323,2,'1020',40,0,1,NULL),(324,2,'1520',40,0,1,NULL),(325,2,'20',41,0,1,NULL),(326,2,'5',41,0,1,NULL),(327,2,'02-01',41,0,1,NULL),(328,2,'03-01',41,0,1,NULL),(329,2,'5 5MP',41,0,1,NULL),(330,2,'30',41,0,1,NULL),(331,2,'8800',42,0,1,NULL),(332,2,'8800 Sirocco',42,0,1,NULL),(333,2,'8600 Luna',42,0,1,NULL),(334,12,'Apple',NULL,NULL,NULL,NULL),(335,12,'iPad mini',334,1,0,NULL),(336,12,'iPad Air',334,1,0,NULL),(337,12,'iPad Pro 12.9',334,1,0,NULL),(338,12,'Ipad',334,1,0,NULL),(339,12,'1',335,0,1,NULL),(340,12,'2',335,0,1,NULL),(341,12,'3',335,0,1,NULL),(342,12,'4',335,0,1,NULL),(343,12,'5',335,0,1,NULL),(344,12,'1',336,0,1,NULL),(345,12,'2',336,0,1,NULL),(346,12,'3',336,0,1,NULL),(356,12,'1',338,0,1,NULL),(357,12,'2',338,0,1,NULL),(358,12,'3',338,0,1,NULL),(359,12,'4',338,0,1,NULL),(360,12,'5',338,0,1,NULL),(361,12,'6',338,0,1,NULL),(362,12,'7',338,0,1,NULL),(364,12,'Samsung',NULL,0,0,NULL),(365,12,'Galaxy Tab S',364,1,0,NULL),(366,12,'Galaxy Tab A',364,1,0,NULL),(367,12,'Galaxy Tab E',364,1,0,NULL),(368,12,'Galaxy Tab View',364,1,0,NULL),(385,12,'9.6',367,0,1,NULL),(388,12,'Huawei',NULL,0,0,NULL),(389,12,'Mate Pad',388,1,0,NULL),(405,13,'Apple',1717,1,0,NULL),(406,13,'Sony',1717,1,0,NULL),(407,13,'Xiaomi',1717,1,0,NULL),(408,13,'Samsung',1717,1,0,NULL),(409,13,'JBL',1717,1,0,NULL),(410,13,'HyperX',1717,1,0,NULL),(411,13,'Huawei',1717,1,0,NULL),(414,13,'AirPods 1',405,0,1,NULL),(415,13,'AirPods 2',405,0,1,NULL),(416,13,'AirPods 3',405,0,1,NULL),(417,13,'AirPods Pro',405,0,1,NULL),(422,2,'Redmi Y',3,1,0,NULL),(457,2,'10',9,0,1,NULL),(458,2,'K 40 Pro Plus',9,0,1,NULL),(459,2,'K 40 Pro',9,0,1,NULL),(460,2,'K 40',9,0,1,NULL),(461,2,'K30S',9,0,1,NULL),(462,2,'K30 Ultra',9,0,1,NULL),(463,2,'10X Pro',9,0,1,NULL),(464,2,'10 X',9,0,1,NULL),(465,2,'K 30 Pro',9,0,1,NULL),(466,2,'K 30',9,0,1,NULL),(467,2,'K 20 Pro',9,0,1,NULL),(468,2,'K20',9,0,1,NULL),(469,2,'5 Plus',9,0,1,NULL),(470,2,'5',9,0,1,NULL),(471,2,'5a',9,0,1,NULL),(472,2,'4X',9,0,1,NULL),(473,2,'4',9,0,1,NULL),(474,2,'4a',9,0,1,NULL),(475,2,'4 Prime',9,0,1,NULL),(476,2,'Pro',9,0,1,NULL),(477,2,'3X',9,0,1,NULL),(478,2,'3s',9,0,1,NULL),(479,2,'10T',10,0,1,NULL),(480,2,'10 Pro Max',10,0,1,NULL),(481,2,'9T',10,0,1,NULL),(482,2,'7S',10,0,1,NULL),(483,2,'5 Pro',10,0,1,NULL),(484,2,'5A Prime',10,0,1,NULL),(485,2,'5A',10,0,1,NULL),(486,2,'4X',10,0,1,NULL),(487,2,'4',10,0,1,NULL),(488,2,'3',10,0,1,NULL),(489,2,'2',10,0,1,NULL),(490,2,'3',422,0,1,NULL),(491,2,'2',422,0,1,NULL),(492,2,'S2',422,0,1,NULL),(513,2,'20 Ultra 5G',18,0,1,NULL),(514,2,'20 5G',18,0,1,NULL),(515,2,'22 Ultra',17,0,1,NULL),(516,2,'21 5G',17,0,1,NULL),(517,2,'21 Ultra 5G',17,0,1,NULL),(518,2,'22 Plus',17,0,1,NULL),(519,2,'20  Ultra 5',17,0,1,NULL),(520,2,'22',17,0,1,NULL),(521,2,'21 FE',17,0,1,NULL),(522,2,'20FE',17,0,1,NULL),(523,2,'20',17,0,1,NULL),(524,2,'10 plus',17,0,1,NULL),(525,2,'Galaxy Z Flip',4,1,0,NULL),(526,2,'Galaxy Z Fold',4,1,0,NULL),(527,2,'F700F DS',525,0,1,NULL),(528,2,'1',525,0,1,NULL),(529,2,'3',525,0,1,NULL),(530,2,'3',526,0,1,NULL),(531,2,'2',526,0,1,NULL),(532,2,'50',6,0,1,NULL),(533,2,'50 lite',6,0,1,NULL),(534,2,'8A',6,0,1,NULL),(535,2,'7',6,0,1,NULL),(537,2,'View 20',6,0,1,NULL),(538,2,'8S Prime',6,0,1,NULL),(539,2,'20s',6,0,1,NULL),(540,2,'9X lite',6,0,1,NULL),(541,2,'8X',6,0,1,NULL),(542,2,'10',6,0,1,NULL),(543,2,'7X',6,0,1,NULL),(544,2,'3C',6,0,1,NULL),(545,2,'20 Pro',6,0,1,NULL),(546,2,'Note 8',6,0,1,NULL),(547,2,'8 lite',6,0,1,NULL),(548,2,'Play',6,0,1,NULL),(549,2,'View 30 Pro',6,0,1,NULL),(550,2,'8C',6,0,1,NULL),(551,2,'7C',6,0,1,NULL),(552,2,'9',6,0,1,NULL),(553,2,'10 Premium',6,0,1,NULL),(554,2,'8S',6,0,1,NULL),(555,2,'Nova 9',7,0,0,NULL),(556,2,'Nova 8',7,0,0,NULL),(557,2,'Nova 8i',7,0,0,NULL),(558,2,'P smart 2021',7,0,0,NULL),(559,2,'Y6p',7,0,0,NULL),(560,2,'Y5p',7,0,0,NULL),(561,2,'A95',5,0,1,NULL),(562,2,'Reno 6',5,0,1,NULL),(563,2,'A55',5,0,1,NULL),(564,2,'Reno 5',5,0,1,NULL),(565,2,'Reno 5 Lite',5,0,1,NULL),(566,2,'A54',5,0,1,NULL),(567,2,'A74',5,0,1,NULL),(568,2,'F5',5,0,1,NULL),(569,2,'16',5,0,1,NULL),(592,25,'Adidas',NULL,0,0,NULL),(593,25,'Ann Taylor',NULL,0,0,NULL),(594,25,'Armani',NULL,0,0,NULL),(595,25,'Austin Reed',NULL,0,0,NULL),(596,25,'Balenciaga',NULL,0,0,NULL),(597,25,'Bershka',NULL,0,0,NULL),(598,25,'Bershka',NULL,0,0,NULL),(599,25,'Brioni',NULL,0,0,NULL),(600,25,'Burberry',NULL,0,0,NULL),(601,25,'Calvin Klein',NULL,0,0,NULL),(602,25,'Champion',NULL,0,0,NULL),(603,25,'Chanel',NULL,0,0,NULL),(604,25,'Christian Dior',NULL,0,0,NULL),(605,25,'Converse',NULL,0,0,NULL),(606,25,'Dior',NULL,0,0,NULL),(607,25,'Dolce & Gabbana',NULL,0,0,NULL),(608,25,'Fendi',NULL,0,0,NULL),(609,25,'Giorgio Armani',NULL,0,0,NULL),(610,25,'Givenchy',NULL,0,0,NULL),(611,25,'Gucci',NULL,0,0,NULL),(612,25,'Guess',NULL,0,0,NULL),(613,25,'H&M',NULL,0,0,NULL),(614,25,'Hermes',NULL,0,0,NULL),(615,25,'Hugo Boss',NULL,0,0,NULL),(616,25,'Lauren',NULL,0,0,NULL),(617,25,'Louis Vuitton',NULL,0,0,NULL),(618,25,'Marc Jacobs',NULL,0,0,NULL),(619,25,'Michael Kors',NULL,0,0,NULL),(620,25,'Moncler',NULL,0,0,NULL),(621,25,'New Balance',NULL,0,0,NULL),(622,25,'Nike',NULL,0,0,NULL),(623,25,'Off-White',NULL,0,0,NULL),(624,25,'Prada',NULL,0,0,NULL),(625,25,'Puma',NULL,0,0,NULL),(626,25,'Reebok',NULL,0,0,NULL),(627,25,'Saint Laurent',NULL,0,0,NULL),(628,25,'Supreme',NULL,0,0,NULL),(629,25,'Tom Ford',NULL,0,0,NULL),(630,25,'Tommy Hilfiger',NULL,0,0,NULL),(631,25,'Umbro',NULL,0,0,NULL),(632,25,'Valentino',NULL,0,0,NULL),(633,25,'Vans',NULL,0,0,NULL),(634,25,'Versace',NULL,0,0,NULL),(635,25,'Zara',NULL,0,0,NULL),(636,22,'Adidas',NULL,0,0,NULL),(637,22,'Ann Taylor',NULL,0,0,NULL),(638,22,'Armani',NULL,0,0,NULL),(639,22,'Austin Reed',NULL,0,0,NULL),(640,22,'Balenciaga',NULL,0,0,NULL),(641,22,'Bershka',NULL,0,0,NULL),(642,22,'Bershka',NULL,0,0,NULL),(643,22,'Brioni',NULL,0,0,NULL),(644,22,'Burberry',NULL,0,0,NULL),(645,22,'Calvin Klein',NULL,0,0,NULL),(646,22,'Champion',NULL,0,0,NULL),(647,22,'Chanel',NULL,0,0,NULL),(648,22,'Christian Dior',NULL,0,0,NULL),(649,22,'Converse',NULL,0,0,NULL),(650,22,'Dior',NULL,0,0,NULL),(651,22,'Dolce & Gabbana',NULL,0,0,NULL),(652,22,'Fendi',NULL,0,0,NULL),(653,22,'Giorgio Armani',NULL,0,0,NULL),(654,22,'Givenchy',NULL,0,0,NULL),(655,22,'Gucci',NULL,0,0,NULL),(656,22,'Guess',NULL,0,0,NULL),(657,22,'H&M',NULL,0,0,NULL),(658,22,'Hermes',NULL,0,0,NULL),(659,22,'Hugo Boss',NULL,0,0,NULL),(660,22,'Lauren',NULL,0,0,NULL),(661,22,'Louis Vuitton',NULL,0,0,NULL),(662,22,'Marc Jacobs',NULL,0,0,NULL),(663,22,'Michael Kors',NULL,0,0,NULL),(664,22,'Moncler',NULL,0,0,NULL),(665,22,'New Balance',NULL,0,0,NULL),(666,22,'Nike',NULL,0,0,NULL),(667,22,'Off-White',NULL,0,0,NULL),(668,22,'Prada',NULL,0,0,NULL),(669,22,'Puma',NULL,0,0,NULL),(670,22,'Reebok',NULL,0,0,NULL),(671,22,'Saint Laurent',NULL,0,0,NULL),(672,22,'Supreme',NULL,0,0,NULL),(673,22,'Tom Ford',NULL,0,0,NULL),(674,22,'Tommy Hilfiger',NULL,0,0,NULL),(675,22,'Umbro',NULL,0,0,NULL),(676,22,'Valentino',NULL,0,0,NULL),(677,22,'Vans',NULL,0,0,NULL),(678,22,'Versace',NULL,0,0,NULL),(679,22,'Zara',NULL,0,0,NULL),(680,26,'Adidas',NULL,0,0,NULL),(681,26,'Ann Taylor',NULL,0,0,NULL),(682,26,'Armani',NULL,0,0,NULL),(683,26,'Austin Reed',NULL,0,0,NULL),(684,26,'Balenciaga',NULL,0,0,NULL),(685,26,'Bershka',NULL,0,0,NULL),(686,26,'Bershka',NULL,0,0,NULL),(687,26,'Brioni',NULL,0,0,NULL),(688,26,'Burberry',NULL,0,0,NULL),(689,26,'Calvin Klein',NULL,0,0,NULL),(690,26,'Champion',NULL,0,0,NULL),(691,26,'Chanel',NULL,0,0,NULL),(692,26,'Christian Dior',NULL,0,0,NULL),(693,26,'Converse',NULL,0,0,NULL),(694,26,'Dior',NULL,0,0,NULL),(695,26,'Dolce & Gabbana',NULL,0,0,NULL),(696,26,'Fendi',NULL,0,0,NULL),(697,26,'Giorgio Armani',NULL,0,0,NULL),(698,26,'Givenchy',NULL,0,0,NULL),(699,26,'Gucci',NULL,0,0,NULL),(700,26,'Guess',NULL,0,0,NULL),(701,26,'H&M',NULL,0,0,NULL),(702,26,'Hermes',NULL,0,0,NULL),(703,26,'Hugo Boss',NULL,0,0,NULL),(704,26,'Lauren',NULL,0,0,NULL),(705,26,'Louis Vuitton',NULL,0,0,NULL),(706,26,'Marc Jacobs',NULL,0,0,NULL),(707,26,'Michael Kors',NULL,0,0,NULL),(708,26,'Moncler',NULL,0,0,NULL),(709,26,'New Balance',NULL,0,0,NULL),(710,26,'Nike',NULL,0,0,NULL),(711,26,'Off-White',NULL,0,0,NULL),(712,26,'Prada',NULL,0,0,NULL),(713,26,'Puma',NULL,0,0,NULL),(714,26,'Reebok',NULL,0,0,NULL),(715,26,'Saint Laurent',NULL,0,0,NULL),(716,26,'Supreme',NULL,0,0,NULL),(717,26,'Tom Ford',NULL,0,0,NULL),(718,26,'Tommy Hilfiger',NULL,0,0,NULL),(719,26,'Umbro',NULL,0,0,NULL),(720,26,'Valentino',NULL,0,0,NULL),(721,26,'Vans',NULL,0,0,NULL),(722,26,'Versace',NULL,0,0,NULL),(723,26,'Zara',NULL,0,0,NULL),(724,27,'Addidas',NULL,0,0,NULL),(725,27,'Air Jordan',NULL,0,0,NULL),(726,27,'Alexander Mcqueen',NULL,0,0,NULL),(727,27,'ASICS',NULL,0,0,NULL),(728,27,'Balenciaga',NULL,0,0,NULL),(729,27,'Crocs',NULL,0,0,NULL),(730,27,'Dior',NULL,0,0,NULL),(731,27,'Dr.Martens',NULL,0,0,NULL),(732,27,'ECCO',NULL,0,0,NULL),(733,27,'Fila',NULL,0,0,NULL),(734,27,'Geox',NULL,0,0,NULL),(735,27,'Gucci',NULL,0,0,NULL),(736,27,'Horoso',NULL,0,0,NULL),(737,27,'Louis Vuitton',NULL,0,0,NULL),(738,27,'New Balance',NULL,0,0,NULL),(739,27,'Nike',NULL,0,0,NULL),(740,27,'OFF-White',NULL,0,0,NULL),(741,27,'Puma',NULL,0,0,NULL),(742,27,'RALF RINGER',NULL,0,0,NULL),(743,27,'Reebok',NULL,0,0,NULL),(744,27,'Timberland',NULL,0,0,NULL),(745,27,'Tommy Hilfiger',NULL,0,0,NULL),(746,27,'Under Armour',NULL,0,0,NULL),(747,27,'Vans',NULL,0,0,NULL),(748,27,'Versace',NULL,0,0,NULL),(749,23,'Adidas',NULL,0,0,NULL),(750,23,'Ann Taylor',NULL,0,0,NULL),(751,23,'Armani',NULL,0,0,NULL),(752,23,'Austin Reed',NULL,0,0,NULL),(753,23,'Balenciaga',NULL,0,0,NULL),(754,23,'Bershka',NULL,0,0,NULL),(755,23,'Bershka',NULL,0,0,NULL),(756,23,'Brioni',NULL,0,0,NULL),(757,23,'Burberry',NULL,0,0,NULL),(758,23,'Calvin Klein',NULL,0,0,NULL),(759,23,'Champion',NULL,0,0,NULL),(760,23,'Chanel',NULL,0,0,NULL),(761,23,'Christian Dior',NULL,0,0,NULL),(762,23,'Converse',NULL,0,0,NULL),(763,23,'Dior',NULL,0,0,NULL),(764,23,'Dolce & Gabbana',NULL,0,0,NULL),(765,23,'Fendi',NULL,0,0,NULL),(766,23,'Giorgio Armani',NULL,0,0,NULL),(767,23,'Givenchy',NULL,0,0,NULL),(768,23,'Gucci',NULL,0,0,NULL),(769,23,'Guess',NULL,0,0,NULL),(770,23,'H&M',NULL,0,0,NULL),(771,23,'Hermes',NULL,0,0,NULL),(772,23,'Hugo Boss',NULL,0,0,NULL),(773,23,'Lauren',NULL,0,0,NULL),(774,23,'Louis Vuitton',NULL,0,0,NULL),(775,23,'Marc Jacobs',NULL,0,0,NULL),(776,23,'Michael Kors',NULL,0,0,NULL),(777,23,'Moncler',NULL,0,0,NULL),(778,23,'New Balance',NULL,0,0,NULL),(779,23,'Nike',NULL,0,0,NULL),(780,23,'Off-White',NULL,0,0,NULL),(781,23,'Prada',NULL,0,0,NULL),(782,23,'Puma',NULL,0,0,NULL),(783,23,'Reebok',NULL,0,0,NULL),(784,23,'Saint Laurent',NULL,0,0,NULL),(785,23,'Supreme',NULL,0,0,NULL),(786,23,'Tom Ford',NULL,0,0,NULL),(787,23,'Tommy Hilfiger',NULL,0,0,NULL),(788,23,'Umbro',NULL,0,0,NULL),(789,23,'Valentino',NULL,0,0,NULL),(790,23,'Vans',NULL,0,0,NULL),(791,23,'Versace',NULL,0,0,NULL),(792,23,'Zara',NULL,0,0,NULL),(793,24,'Addidas',NULL,0,0,NULL),(794,24,'Air Jordan',NULL,0,0,NULL),(795,24,'Alexander Mcqueen',NULL,0,0,NULL),(796,24,'ASICS',NULL,0,0,NULL),(797,24,'Balenciaga',NULL,0,0,NULL),(798,24,'Crocs',NULL,0,0,NULL),(799,24,'Dior',NULL,0,0,NULL),(800,24,'Dr.Martens',NULL,0,0,NULL),(801,24,'ECCO',NULL,0,0,NULL),(802,24,'Fila',NULL,0,0,NULL),(803,24,'Geox',NULL,0,0,NULL),(804,24,'Gucci',NULL,0,0,NULL),(805,24,'Horoso',NULL,0,0,NULL),(806,24,'Louis Vuitton',NULL,0,0,NULL),(807,24,'New Balance',NULL,0,0,NULL),(808,24,'Nike',NULL,0,0,NULL),(809,24,'OFF-White',NULL,0,0,NULL),(810,24,'Puma',NULL,0,0,NULL),(811,24,'RALF RINGER',NULL,0,0,NULL),(812,24,'Reebok',NULL,0,0,NULL),(813,24,'Timberland',NULL,0,0,NULL),(814,24,'Tommy Hilfiger',NULL,0,0,NULL),(815,24,'Under Armour',NULL,0,0,NULL),(816,24,'Vans',NULL,0,0,NULL),(817,24,'Versace',NULL,0,0,NULL),(818,24,'Valentino',NULL,0,0,NULL),(819,24,'Jimmy Choo',NULL,0,0,NULL),(820,24,'Calvin Klein',NULL,0,0,NULL),(821,24,'Armani',NULL,0,0,NULL),(822,24,'Le Silla',NULL,0,0,NULL),(823,24,'Saint Laurent',NULL,0,0,NULL),(824,24,'Casadei',NULL,0,0,NULL),(825,24,'Charlotte Olympia',NULL,0,0,NULL),(826,24,'Christian Louboutin',NULL,0,0,NULL),(827,24,'Sergio Rossi',NULL,0,0,NULL),(828,18,'Asus',NULL,0,0,NULL),(829,18,'Cisco',NULL,0,0,NULL),(830,18,'D-link',NULL,0,0,NULL),(831,18,'HUAWEI ',NULL,0,0,NULL),(832,18,'Keenetic ',NULL,0,0,NULL),(833,18,'Tends',NULL,0,0,NULL),(834,18,'TP- Link',NULL,0,0,NULL),(835,18,'Xiaomi',NULL,0,0,NULL),(836,18,'ZYXEL',NULL,0,0,NULL),(837,19,'Xiaomi',NULL,0,0,NULL),(838,19,'Apple',NULL,0,0,NULL),(839,19,'Samsung',NULL,0,0,NULL),(840,19,'Honor',NULL,0,0,NULL),(841,19,'Huawei',NULL,0,0,NULL),(842,19,'Amazfit',837,1,0,NULL),(843,19,'Mi',837,1,0,NULL),(844,19,'Redmi',837,1,0,NULL),(845,19,'Haylou',837,1,0,NULL),(846,19,'GTR 3',842,0,1,NULL),(847,19,'BIP U PRO',842,0,1,NULL),(848,19,'GTS 3',842,0,1,NULL),(849,19,'BIP S Lite',842,0,1,NULL),(850,19,'GTR 2 Sport',842,0,1,NULL),(851,19,'GTR 2 Classic',842,0,1,NULL),(852,19,'GTS 2',842,0,1,NULL),(853,19,'GTR 2e',842,0,1,NULL),(854,19,'GTS 2e',842,0,1,NULL),(855,19,'BIP U',842,0,1,NULL),(856,19,'GTS 2 mini',842,0,1,NULL),(857,19,'T-REX Pro',842,0,1,NULL),(858,19,'BIP S',842,0,1,NULL),(859,19,'GTR 47 ',842,0,1,NULL),(860,19,'GTS',842,0,1,NULL),(861,19,'GTR 42 ',842,0,1,NULL),(862,19,'GTR 3 Pro ',842,0,1,NULL),(863,19,'GTS Obsidan',842,0,1,NULL),(864,19,'GTS',845,0,1,NULL),(865,19,'RS3',845,0,1,NULL),(866,19,'RT LS05S',845,0,1,NULL),(867,19,'Solar',845,0,1,NULL),(868,19,'LS02',845,0,1,NULL),(869,19,'LS01',845,0,1,NULL),(870,19,'Band 1',843,0,1,NULL),(871,19,'Band 1s',843,0,1,NULL),(872,19,'Band 2',843,0,1,NULL),(873,19,'Band 3',843,0,1,NULL),(874,19,'Band 4',843,0,1,NULL),(875,19,'Band 4c',843,0,1,NULL),(876,19,'Band 5',843,0,1,NULL),(877,19,'Band 6',843,0,1,NULL),(878,19,'Watch 2 Lite',844,0,1,NULL),(879,19,'Watch 1',844,0,1,NULL),(1231,20,' ',NULL,0,0,NULL),(1232,20,' ',NULL,0,0,NULL),(1233,20,'',NULL,0,0,NULL),(1234,21,' ',NULL,0,0,NULL),(1235,21,' ',NULL,0,0,NULL),(1236,21,'',NULL,0,0,NULL),(1237,20,'Adidas',1231,0,0,'up'),(1238,20,'Ann Taylor',1231,0,0,'up'),(1239,20,'Armani',1231,0,0,'up'),(1240,20,'Austin Reed',1231,0,0,'up'),(1241,20,'Balenciaga',1231,0,0,'up'),(1242,20,'Bershka',1231,0,0,'up'),(1243,20,'Bershka',1231,0,0,'up'),(1244,20,'Brioni',1231,0,0,'up'),(1245,20,'Burberry',1231,0,0,'up'),(1246,20,'Calvin Klein',1231,0,0,'up'),(1247,20,'Champion',1231,0,0,'up'),(1248,20,'Chanel',1231,0,0,'up'),(1249,20,'Christian Dior',1231,0,0,'up'),(1250,20,'Converse',1231,0,0,'up'),(1251,20,'Dior',1231,0,0,'up'),(1252,20,'Dolce & Gabbana',1231,0,0,'up'),(1253,20,'Fendi',1231,0,0,'up'),(1254,20,'Giorgio Armani',1231,0,0,'up'),(1255,20,'Givenchy',1231,0,0,'up'),(1256,20,'Gucci',1231,0,0,'up'),(1257,20,'Guess',1231,0,0,'up'),(1258,20,'H&M',1231,0,0,'up'),(1259,20,'Hermes',1231,0,0,'up'),(1260,20,'Hugo Boss',1231,0,0,'up'),(1261,20,'Lauren',1231,0,0,'up'),(1262,20,'Louis Vuitton',1231,0,0,'up'),(1263,20,'Marc Jacobs',1231,0,0,'up'),(1264,20,'Michael Kors',1231,0,0,'up'),(1265,20,'Moncler',1231,0,0,'up'),(1266,20,'New Balance',1231,0,0,'up'),(1267,20,'Nike',1231,0,0,'up'),(1268,20,'Off-White',1231,0,0,'up'),(1269,20,'Prada',1231,0,0,'up'),(1270,20,'Puma',1231,0,0,'up'),(1271,20,'Reebok',1231,0,0,'up'),(1272,20,'Saint Laurent',1231,0,0,'up'),(1273,20,'Supreme',1231,0,0,'up'),(1274,20,'Tom Ford',1231,0,0,'up'),(1275,20,'Tommy Hilfiger',1231,0,0,'up'),(1276,20,'Umbro',1231,0,0,'up'),(1277,20,'Valentino',1231,0,0,'up'),(1278,20,'Vans',1231,0,0,'up'),(1279,20,'Versace',1231,0,0,'up'),(1280,20,'Zara',1231,0,0,'up'),(1281,20,'Adidas',1232,0,0,'down'),(1282,20,'Ann Taylor',1232,0,0,'down'),(1283,20,'Armani',1232,0,0,'down'),(1284,20,'Austin Reed',1232,0,0,'down'),(1285,20,'Balenciaga',1232,0,0,'down'),(1286,20,'Bershka',1232,0,0,'down'),(1287,20,'Bershka',1232,0,0,'down'),(1288,20,'Brioni',1232,0,0,'down'),(1289,20,'Burberry',1232,0,0,'down'),(1290,20,'Calvin Klein',1232,0,0,'down'),(1291,20,'Champion',1232,0,0,'down'),(1292,20,'Chanel',1232,0,0,'down'),(1293,20,'Christian Dior',1232,0,0,'down'),(1294,20,'Converse',1232,0,0,'down'),(1295,20,'Dior',1232,0,0,'down'),(1296,20,'Dolce & Gabbana',1232,0,0,'down'),(1297,20,'Fendi',1232,0,0,'down'),(1298,20,'Giorgio Armani',1232,0,0,'down'),(1299,20,'Givenchy',1232,0,0,'down'),(1300,20,'Gucci',1232,0,0,'down'),(1301,20,'Guess',1232,0,0,'down'),(1302,20,'H&M',1232,0,0,'down'),(1303,20,'Hermes',1232,0,0,'down'),(1304,20,'Hugo Boss',1232,0,0,'down'),(1305,20,'Lauren',1232,0,0,'down'),(1306,20,'Louis Vuitton',1232,0,0,'down'),(1307,20,'Marc Jacobs',1232,0,0,'down'),(1308,20,'Michael Kors',1232,0,0,'down'),(1309,20,'Moncler',1232,0,0,'down'),(1310,20,'New Balance',1232,0,0,'down'),(1311,20,'Nike',1232,0,0,'down'),(1312,20,'Off-White',1232,0,0,'down'),(1313,20,'Prada',1232,0,0,'down'),(1314,20,'Puma',1232,0,0,'down'),(1315,20,'Reebok',1232,0,0,'down'),(1316,20,'Saint Laurent',1232,0,0,'down'),(1317,20,'Supreme',1232,0,0,'down'),(1318,20,'Tom Ford',1232,0,0,'down'),(1319,20,'Tommy Hilfiger',1232,0,0,'down'),(1320,20,'Umbro',1232,0,0,'down'),(1321,20,'Valentino',1232,0,0,'down'),(1322,20,'Vans',1232,0,0,'down'),(1323,20,'Versace',1232,0,0,'down'),(1324,20,'Zara',1232,0,0,'down'),(1325,20,'Addidas',1233,0,0,'shoes'),(1326,20,'Air Jordan',1233,0,0,'shoes'),(1327,20,'Alexander Mcqueen',1233,0,0,'shoes'),(1328,20,'ASICS',1233,0,0,'shoes'),(1329,20,'Balenciaga',1233,0,0,'shoes'),(1330,20,'Crocs',1233,0,0,'shoes'),(1331,20,'Dior',1233,0,0,'shoes'),(1332,20,'Dr.Martens',1233,0,0,'shoes'),(1333,20,'ECCO',1233,0,0,'shoes'),(1334,20,'Fila',1233,0,0,'shoes'),(1335,20,'Geox',1233,0,0,'shoes'),(1336,20,'Gucci',1233,0,0,'shoes'),(1337,20,'Horoso',1233,0,0,'shoes'),(1338,20,'Louis Vuitton',1233,0,0,'shoes'),(1339,20,'New Balance',1233,0,0,'shoes'),(1340,20,'Nike',1233,0,0,'shoes'),(1341,20,'OFF-White',1233,0,0,'shoes'),(1342,20,'Puma',1233,0,0,'shoes'),(1343,20,'RALF RINGER',1233,0,0,'shoes'),(1344,20,'Reebok',1233,0,0,'shoes'),(1345,20,'Timberland',1233,0,0,'shoes'),(1346,20,'Tommy Hilfiger',1233,0,0,'shoes'),(1347,20,'Under Armour',1233,0,0,'shoes'),(1348,20,'Vans',1233,0,0,'shoes'),(1349,20,'Versace',1233,0,0,'shoes'),(1350,20,'',1231,0,0,NULL),(1351,20,',,',1231,0,0,NULL),(1352,20,'  ',1231,0,0,NULL),(1353,20,'',1231,0,0,NULL),(1354,20,'  ',1231,0,0,NULL),(1355,20,'',1232,0,0,NULL),(1356,20,'',1232,0,0,NULL),(1357,20,'',1232,0,0,NULL),(1358,20,'',1350,0,0,NULL),(1359,20,'',1350,0,0,NULL),(1360,20,' ',1350,0,0,NULL),(1361,20,' ',1350,0,0,NULL),(1362,20,'',1350,0,0,NULL),(1363,20,' ',1350,0,0,NULL),(1364,20,'   ',1350,0,0,NULL),(1365,20,'',1350,0,0,NULL),(1366,20,'',1350,0,0,NULL),(1367,20,'',1350,0,0,NULL),(1368,20,'   ',1350,0,0,NULL),(1369,20,'  ',1350,0,0,NULL),(1370,20,'',1351,0,0,NULL),(1371,20,'  ',1351,0,0,NULL),(1372,20,'',1351,0,0,NULL),(1373,20,'',1351,0,0,NULL),(1374,20,'',1351,0,0,NULL),(1375,20,'',1352,0,0,NULL),(1376,20,'',1352,0,0,NULL),(1377,20,'',1352,0,0,NULL),(1378,20,' ',1353,0,0,NULL),(1379,20,'    ',1353,0,0,NULL),(1380,20,'    ',1353,0,0,NULL),(1381,20,'',1354,0,0,NULL),(1382,20,'',1354,0,0,NULL),(1383,20,' ',1354,0,0,NULL),(1384,20,'',1354,0,0,NULL),(1385,20,'',1357,0,0,NULL),(1386,20,' ',1357,0,0,NULL),(1387,20,' ',1357,0,0,NULL),(1388,21,'Adidas',1234,0,0,'up'),(1389,21,'Ann Taylor',1234,0,0,'up'),(1390,21,'Armani',1234,0,0,'up'),(1391,21,'Austin Reed',1234,0,0,'up'),(1392,21,'Balenciaga',1234,0,0,'up'),(1393,21,'Bershka',1234,0,0,'up'),(1394,21,'Bershka',1234,0,0,'up'),(1395,21,'Brioni',1234,0,0,'up'),(1396,21,'Burberry',1234,0,0,'up'),(1397,21,'Calvin Klein',1234,0,0,'up'),(1398,21,'Champion',1234,0,0,'up'),(1399,21,'Chanel',1234,0,0,'up'),(1400,21,'Christian Dior',1234,0,0,'up'),(1401,21,'Converse',1234,0,0,'up'),(1402,21,'Dior',1234,0,0,'up'),(1403,21,'Dolce & Gabbana',1234,0,0,'up'),(1404,21,'Fendi',1234,0,0,'up'),(1405,21,'Giorgio Armani',1234,0,0,'up'),(1406,21,'Givenchy',1234,0,0,'up'),(1407,21,'Gucci',1234,0,0,'up'),(1408,21,'Guess',1234,0,0,'up'),(1409,21,'H&M',1234,0,0,'up'),(1410,21,'Hermes',1234,0,0,'up'),(1411,21,'Hugo Boss',1234,0,0,'up'),(1412,21,'Lauren',1234,0,0,'up'),(1413,21,'Louis Vuitton',1234,0,0,'up'),(1414,21,'Marc Jacobs',1234,0,0,'up'),(1415,21,'Michael Kors',1234,0,0,'up'),(1416,21,'Moncler',1234,0,0,'up'),(1417,21,'New Balance',1234,0,0,'up'),(1418,21,'Nike',1234,0,0,'up'),(1419,21,'Off-White',1234,0,0,'up'),(1420,21,'Prada',1234,0,0,'up'),(1421,21,'Puma',1234,0,0,'up'),(1422,21,'Reebok',1234,0,0,'up'),(1423,21,'Saint Laurent',1234,0,0,'up'),(1424,21,'Supreme',1234,0,0,'up'),(1425,21,'Tom Ford',1234,0,0,'up'),(1426,21,'Tommy Hilfiger',1234,0,0,'up'),(1427,21,'Umbro',1234,0,0,'up'),(1428,21,'Valentino',1234,0,0,'up'),(1429,21,'Vans',1234,0,0,'up'),(1430,21,'Versace',1234,0,0,'up'),(1431,21,'Zara',1234,0,0,'up'),(1432,21,'Adidas',1235,0,0,'down'),(1433,21,'Ann Taylor',1235,0,0,'down'),(1434,21,'Armani',1235,0,0,'down'),(1435,21,'Austin Reed',1235,0,0,'down'),(1436,21,'Balenciaga',1235,0,0,'down'),(1437,21,'Bershka',1235,0,0,'down'),(1438,21,'Bershka',1235,0,0,'down'),(1439,21,'Brioni',1235,0,0,'down'),(1440,21,'Burberry',1235,0,0,'down'),(1441,21,'Calvin Klein',1235,0,0,'down'),(1442,21,'Champion',1235,0,0,'down'),(1443,21,'Chanel',1235,0,0,'down'),(1444,21,'Christian Dior',1235,0,0,'down'),(1445,21,'Converse',1235,0,0,'down'),(1446,21,'Dior',1235,0,0,'down'),(1447,21,'Dolce & Gabbana',1235,0,0,'down'),(1448,21,'Fendi',1235,0,0,'down'),(1449,21,'Giorgio Armani',1235,0,0,'down'),(1450,21,'Givenchy',1235,0,0,'down'),(1451,21,'Gucci',1235,0,0,'down'),(1452,21,'Guess',1235,0,0,'down'),(1453,21,'H&M',1235,0,0,'down'),(1454,21,'Hermes',1235,0,0,'down'),(1455,21,'Hugo Boss',1235,0,0,'down'),(1456,21,'Lauren',1235,0,0,'down'),(1457,21,'Louis Vuitton',1235,0,0,'down'),(1458,21,'Marc Jacobs',1235,0,0,'down'),(1459,21,'Michael Kors',1235,0,0,'down'),(1460,21,'Moncler',1235,0,0,'down'),(1461,21,'New Balance',1235,0,0,'down'),(1462,21,'Nike',1235,0,0,'down'),(1463,21,'Off-White',1235,0,0,'down'),(1464,21,'Prada',1235,0,0,'down'),(1465,21,'Puma',1235,0,0,'down'),(1466,21,'Reebok',1235,0,0,'down'),(1467,21,'Saint Laurent',1235,0,0,'down'),(1468,21,'Supreme',1235,0,0,'down'),(1469,21,'Tom Ford',1235,0,0,'down'),(1470,21,'Tommy Hilfiger',1235,0,0,'down'),(1471,21,'Umbro',1235,0,0,'down'),(1472,21,'Valentino',1235,0,0,'down'),(1473,21,'Vans',1235,0,0,'down'),(1474,21,'Versace',1235,0,0,'down'),(1475,21,'Zara',1235,0,0,'down'),(1476,21,'Addidas',1236,0,0,'shoes'),(1477,21,'Air Jordan',1236,0,0,'shoes'),(1478,21,'Alexander Mcqueen',1236,0,0,'shoes'),(1479,21,'ASICS',1236,0,0,'shoes'),(1480,21,'Balenciaga',1236,0,0,'shoes'),(1481,21,'Crocs',1236,0,0,'shoes'),(1482,21,'Dior',1236,0,0,'shoes'),(1483,21,'Dr.Martens',1236,0,0,'shoes'),(1484,21,'ECCO',1236,0,0,'shoes'),(1485,21,'Fila',1236,0,0,'shoes'),(1486,21,'Geox',1236,0,0,'shoes'),(1487,21,'Gucci',1236,0,0,'shoes'),(1488,21,'Horoso',1236,0,0,'shoes'),(1489,21,'Louis Vuitton',1236,0,0,'shoes'),(1490,21,'New Balance',1236,0,0,'shoes'),(1491,21,'Nike',1236,0,0,'shoes'),(1492,21,'OFF-White',1236,0,0,'shoes'),(1493,21,'Puma',1236,0,0,'shoes'),(1494,21,'RALF RINGER',1236,0,0,'shoes'),(1495,21,'Reebok',1236,0,0,'shoes'),(1496,21,'Timberland',1236,0,0,'shoes'),(1497,21,'Tommy Hilfiger',1236,0,0,'shoes'),(1498,21,'Under Armour',1236,0,0,'shoes'),(1499,21,'Vans',1236,0,0,'shoes'),(1500,21,'Versace',1236,0,0,'shoes'),(1501,21,'Valentino',1236,0,0,'shoes'),(1502,21,'Jimmy Choo',1236,0,0,'shoes'),(1503,21,'Calvin Klein',1236,0,0,'shoes'),(1504,21,'Armani',1236,0,0,'shoes'),(1505,21,'Le Silla',1236,0,0,'shoes'),(1506,21,'Saint Laurent',1236,0,0,'shoes'),(1507,21,'Casadei',1236,0,0,'shoes'),(1508,21,'Charlotte Olympia',1236,0,0,'shoes'),(1509,21,'Christian Louboutin',1236,0,0,'shoes'),(1510,21,'Sergio Rossi',1236,0,0,'shoes'),(1511,21,'',1234,0,0,NULL),(1512,21,' ',1234,0,0,NULL),(1513,21,'',1234,0,0,NULL),(1514,21,'',1234,0,0,NULL),(1515,21,'',1234,0,0,NULL),(1516,21,'',1234,0,0,NULL),(1517,21,'',1234,0,0,NULL),(1518,21,'',1234,0,0,NULL),(1519,21,'',1234,0,0,NULL),(1520,21,'',1234,0,0,NULL),(1521,21,'',1234,0,0,NULL),(1522,21,'',1234,0,0,NULL),(1523,21,'',1234,0,0,NULL),(1524,21,'',1234,0,0,NULL),(1525,21,'',1234,0,0,NULL),(1526,21,'',1234,0,0,NULL),(1527,21,'',1234,0,0,NULL),(1528,21,'',1234,0,0,NULL),(1529,21,' ',1234,0,0,NULL),(1530,21,' ',1234,0,0,NULL),(1531,21,'',1234,0,0,NULL),(1532,21,' ',1234,0,0,NULL),(1533,21,' ',1234,0,0,NULL),(1534,21,'',1234,0,0,NULL),(1535,21,' ',1234,0,0,NULL),(1536,21,'',1234,0,0,NULL),(1537,21,'',1234,0,0,NULL),(1538,21,'  ',1234,0,0,NULL),(1539,21,'',1234,0,0,NULL),(1540,21,' ',1234,0,0,NULL),(1541,21,'',1234,0,0,NULL),(1542,21,'',1234,0,0,NULL),(1543,21,'',1235,0,0,NULL),(1544,21,'',1235,0,0,NULL),(1545,21,'',1235,0,0,NULL),(1546,21,' ',1235,0,0,NULL),(1547,21,' ',1235,0,0,NULL),(1548,21,'',1235,0,0,NULL),(1549,21,'',1235,0,0,NULL),(1550,21,' ',1235,0,0,NULL),(1551,21,'',1235,0,0,NULL),(1552,21,' ',1235,0,0,NULL),(1553,21,'',1235,0,0,NULL),(1554,21,'',1235,0,0,NULL),(1555,21,'',1235,0,0,NULL),(1556,21,'',1235,0,0,NULL),(1557,21,'',1236,0,0,NULL),(1558,21,'',1236,0,0,NULL),(1559,21,'',1236,0,0,NULL),(1560,21,' ',1236,0,0,NULL),(1561,21,'',1236,0,0,NULL),(1562,21,'',1236,0,0,NULL),(1563,21,'',1236,0,0,NULL),(1564,21,'',1236,0,0,NULL),(1565,21,'',1236,0,0,NULL),(1566,21,'',1236,0,0,NULL),(1567,21,'',1236,0,0,NULL),(1568,16,'Apple',NULL,0,0,NULL),(1569,16,'MacBook Pro 15 ',1568,1,0,NULL),(1570,16,'MacBook Air 13 ',1568,1,0,NULL),(1571,16,'MacBook Air 11 ',1568,1,0,NULL),(1572,16,'MacBook Pro 13 ',1568,1,0,NULL),(1573,16,'MacBook Pro 17 ',1568,1,0,NULL),(1574,16,'MacBook Pro 16 ',1568,1,0,NULL),(1575,16,'MacBook Pro M1',1568,1,0,NULL),(1576,16,'MacBook Pro 14 ',1568,1,0,NULL),(1578,16,'2010',1570,0,1,NULL),(1579,16,'2011',1570,0,1,NULL),(1580,16,'2012',1570,0,1,NULL),(1581,16,'2013',1570,0,1,NULL),(1582,16,'2014',1570,0,1,NULL),(1583,16,'2015',1570,0,1,NULL),(1584,16,'2017',1570,0,1,NULL),(1585,16,'2018',1570,0,1,NULL),(1586,16,'2019',1570,0,1,NULL),(1587,16,'2020',1570,0,1,NULL),(1588,16,'M1',1570,0,1,NULL),(1589,16,'2008',1569,0,1,NULL),(1590,16,'2009',1569,0,1,NULL),(1591,16,'2010',1569,0,1,NULL),(1592,16,'2011',1569,0,1,NULL),(1593,16,'2012',1569,0,1,NULL),(1594,16,'2013',1569,0,1,NULL),(1595,16,'2014',1569,0,1,NULL),(1596,16,'2015',1569,0,1,NULL),(1597,16,'2016',1569,0,1,NULL),(1598,16,'2017',1569,0,1,NULL),(1599,16,'2018',1569,0,1,NULL),(1600,16,'2019',1569,0,1,NULL),(1601,16,'2009',1571,0,1,NULL),(1602,16,'2010',1571,0,1,NULL),(1603,16,'2011',1571,0,1,NULL),(1604,16,'2012',1571,0,1,NULL),(1605,16,'2013',1571,0,1,NULL),(1606,16,'2014',1571,0,1,NULL),(1607,16,'2015',1571,0,1,NULL),(1608,16,'2009',1572,0,1,NULL),(1609,16,'2010',1572,0,1,NULL),(1610,16,'2011',1572,0,1,NULL),(1611,16,'2012',1572,0,1,NULL),(1612,16,'2013',1572,0,1,NULL),(1613,16,'2014',1572,0,1,NULL),(1614,16,'2015',1572,0,1,NULL),(1615,16,'2016',1572,0,1,NULL),(1616,16,'2017',1572,0,1,NULL),(1617,16,'2018',1572,0,1,NULL),(1618,16,'2019',1572,0,1,NULL),(1619,16,'2020',1572,0,1,NULL),(1620,16,'2008',1573,0,1,NULL),(1621,16,'2009',1573,0,1,NULL),(1622,16,'2010',1573,0,1,NULL),(1623,16,'2011',1573,0,1,NULL),(1624,16,'2019',1574,0,1,NULL),(1625,16,'13 ',1575,0,1,NULL),(1626,16,'2021',1576,0,1,NULL),(1627,16,'2021',1577,0,1,NULL),(1628,16,'Acer',NULL,0,0,NULL),(1629,16,'Asus',NULL,0,0,NULL),(1630,16,'Dell',NULL,0,0,NULL),(1631,16,'Honor',NULL,0,0,NULL),(1632,16,'Hp',NULL,0,0,NULL),(1633,16,'Huawei',NULL,0,0,NULL),(1634,16,'MSI',NULL,0,0,NULL),(1635,16,'Lenovo',NULL,0,0,NULL),(1636,16,'Xiaomi',NULL,0,0,NULL),(1637,18,'Asus',NULL,0,0,NULL),(1638,18,'Cisco',NULL,0,0,NULL),(1639,18,'D-link',NULL,0,0,NULL),(1640,18,'HUAWEI ',NULL,0,0,NULL),(1641,18,'Keenetic ',NULL,0,0,NULL),(1642,18,'Tends',NULL,0,0,NULL),(1643,18,'TP- Link',NULL,0,0,NULL),(1644,18,'Xiaomi',NULL,0,0,NULL),(1645,18,'ZYXEL',NULL,0,0,NULL),(1651,19,'GTR 3 Pro',842,0,1,NULL),(1654,19,' 1',838,1,0,NULL),(1655,19,' 2',838,1,0,NULL),(1656,19,' 3',838,1,0,NULL),(1657,19,' 4',838,1,0,NULL),(1658,19,' 5',838,1,0,NULL),(1659,19,' 6',838,1,0,NULL),(1660,19,' SE',838,1,0,NULL),(1661,19,' 7',838,1,0,NULL),(1662,19,'38',1654,0,0,NULL),(1663,19,'42',1654,0,0,NULL),(1664,19,'38',1655,0,0,NULL),(1665,19,'42',1655,0,0,NULL),(1666,19,'38',1656,0,0,NULL),(1667,19,'42',1656,0,0,NULL),(1668,19,'40',1657,0,0,NULL),(1669,19,'44',1657,0,0,NULL),(1670,19,'40',1658,0,0,NULL),(1671,19,'44',1658,0,0,NULL),(1672,19,'40',1659,0,0,NULL),(1673,19,'44',1659,0,0,NULL),(1674,19,'40',1660,0,0,NULL),(1675,19,'44',1660,0,0,NULL),(1676,19,'41',1661,0,0,NULL),(1677,19,'45',1661,0,0,NULL),(1678,19,' Gear',839,1,0,NULL),(1679,19,' galaxy',839,1,0,NULL),(1680,19,'Galaxy',1678,0,1,NULL),(1681,19,'2',1678,0,1,NULL),(1682,19,'Fit',1678,0,1,NULL),(1683,19,'Live',1678,0,1,NULL),(1684,19,'S',1678,0,1,NULL),(1685,19,'S2',1678,0,1,NULL),(1686,19,'Fit 2',1678,0,1,NULL),(1687,19,'S3',1678,0,1,NULL),(1688,19,'Sport',1678,0,1,NULL),(1689,19,'Fit2 Pro',1678,0,1,NULL),(1690,19,'Watch 1',1679,0,0,NULL),(1691,19,'Watch Fit 3',1679,0,0,NULL),(1692,19,'Watch Active',1679,0,0,NULL),(1693,19,'Watch Active 2',1679,0,0,NULL),(1694,19,'Watch 3 41mm',1679,0,0,NULL),(1695,19,'Watch 3 45 mm',1679,0,0,NULL),(1696,19,'Watch 4 40mm',1679,0,0,NULL),(1697,19,'Watch 4 44mm',1679,0,0,NULL),(1698,19,'Watch 4 Classic 42 mm',1679,0,0,NULL),(1699,19,'Watch 4 Classic 46 mm',1679,0,0,NULL),(1700,19,' band',840,1,0,NULL),(1701,19,' watch',840,1,0,NULL),(1702,19,'A2',1700,0,0,NULL),(1703,19,'3',1700,0,0,NULL),(1704,19,'4',1700,0,0,NULL),(1705,19,'5',1700,0,0,NULL),(1706,19,'6',1700,0,0,NULL),(1707,19,'Magic',1701,0,0,NULL),(1708,19,'Magic 2 42mm',1701,0,0,NULL),(1709,19,'Magis 2 46mm',1701,0,0,NULL),(1710,19,' Watch',841,1,0,NULL),(1711,19,'Watch',1710,0,1,NULL),(1712,19,'Watch GT 2 42mm',1710,0,1,NULL),(1713,19,'Watch GT 2 46mm',1710,0,1,NULL),(1714,19,'Watch GT 2 Pro',1710,0,1,NULL),(1715,19,'Watch Fit',1710,0,1,NULL),(1716,13,' ',NULL,0,0,NULL),(1717,13,' ',NULL,0,0,NULL),(1718,13,'Apple',1716,1,0,NULL),(1719,13,'Sony',1716,1,0,NULL),(1720,13,'Xiaomi',1716,1,0,NULL),(1721,13,'Samsung',1716,1,0,NULL),(1722,13,'JBL',1716,1,0,NULL),(1723,13,'HyperX',1716,1,0,NULL),(1724,13,'Huawei',1716,1,0,NULL),(1725,13,'3,5',1568,0,0,NULL),(1726,13,'Lightning',1568,0,0,NULL),(1727,28,'',NULL,0,0,NULL),(1728,28,'',NULL,0,0,NULL),(1729,12,'1',337,0,1,NULL),(1730,12,'2',337,0,1,NULL),(1731,12,'3',337,0,1,NULL),(1732,12,'4',337,0,1,NULL),(1733,12,'iPad Pro 9,7',334,1,0,NULL),(1734,12,'iPad Pro 10,5',334,1,0,NULL),(1735,12,'1',1733,0,1,NULL),(1736,12,'2',1733,0,1,NULL),(1737,12,'1',1734,0,1,NULL),(1738,12,'2',1734,0,1,NULL),(1739,12,'7',365,0,1,NULL),(1740,12,'6',365,0,1,NULL),(1741,12,'5e',365,0,1,NULL),(1742,12,'4',365,0,1,NULL),(1743,12,'3',365,0,1,NULL),(1744,12,'2',365,0,1,NULL),(1745,12,'8 (2019)',366,0,1,NULL),(1746,12,'10.1',366,0,1,NULL),(1747,12,'8.0 (2018)',366,0,1,NULL),(1748,12,'10.5',366,0,1,NULL),(1749,12,'2',368,0,1,NULL),(1750,12,'11',389,0,1,NULL),(1751,12,'T10s',389,0,1,NULL),(1752,12,'T10',389,0,1,NULL),(1753,12,'T 8.0',389,0,1,NULL),(1754,12,'T 8 Kids',389,0,1,NULL),(1755,12,'Lenovo',NULL,0,0,NULL),(1756,12,'IdeaPad',1755,1,0,NULL),(1757,12,'Duet 3',1756,0,1,NULL),(1758,12,'Yoga Tab',1755,1,0,NULL),(1759,12,'ThinkPad',1755,1,0,NULL),(1760,12,'Tab',1755,1,0,NULL),(1761,12,'13',1758,0,1,NULL),(1762,12,'Smart YT-X05F',1758,0,1,NULL),(1763,12,'11',1758,0,1,NULL),(1764,12,'X1 Tablet',1759,0,1,NULL),(1765,12,'P11',1760,0,1,NULL),(1766,12,'M10 Plus',1760,0,1,NULL),(1767,12,'P10 Plus',1760,0,1,NULL),(1768,12,'M10',1760,0,1,NULL),(1769,12,'K10',1760,0,1,NULL),(1770,12,'M8',1760,0,1,NULL),(1771,12,'M7',1760,0,1,NULL),(1772,2,'Redmi',3,1,0,NULL),(1773,2,'10',1772,0,1,NULL),(1774,2,'K 40 Pro Plus',1772,0,1,NULL),(1775,2,'K 40 Pro',1772,0,1,NULL),(1776,2,'K 40',1772,0,1,NULL),(1777,2,'9T',1772,0,1,NULL),(1778,2,'K30S',1772,0,1,NULL),(1779,2,'K30 Ultra',1772,0,1,NULL),(1780,2,'9C',1772,0,1,NULL),(1781,2,'9A',1772,0,1,NULL),(1782,2,'9',1772,0,1,NULL),(1783,2,'10X Pro',1772,0,1,NULL),(1784,2,'10 X',1772,0,1,NULL),(1785,2,'K 30 Pro',1772,0,1,NULL),(1786,2,'K 30',1772,0,1,NULL),(1787,2,'8',1772,0,1,NULL),(1788,2,'8A',1772,0,1,NULL),(1789,2,'K 20 Pro',1772,0,1,NULL),(1790,2,'K20',1772,0,1,NULL),(1791,2,'7A',1772,0,1,NULL),(1792,2,'Go',1772,0,1,NULL),(1793,2,'7',1772,0,1,NULL),(1794,2,'6 Pro',1772,0,1,NULL),(1795,2,'6A',1772,0,1,NULL),(1796,2,'6',1772,0,1,NULL),(1797,2,'5 Plus',1772,0,1,NULL),(1798,2,'5',1772,0,1,NULL),(1799,2,'5a',1772,0,1,NULL),(1800,2,'4X',1772,0,1,NULL),(1801,2,'4',1772,0,1,NULL),(1802,2,'4a',1772,0,1,NULL),(1803,2,'4 Prime',1772,0,1,NULL),(1804,2,'Pro',1772,0,1,NULL),(1805,2,'3X',1772,0,1,NULL),(1806,2,'3s',1772,0,1,NULL),(1807,12,'Pro 12.6',389,0,1,NULL),(1808,12,'Pro 10.8',389,0,1,NULL),(1809,12,'10.4',389,0,1,NULL),(1810,2,'72',15,0,1,NULL),(1811,2,'52s',15,0,1,NULL),(1812,2,'52',15,0,1,NULL),(1813,2,'22',15,0,1,NULL),(1814,2,'32',15,0,1,NULL),(1815,2,'51',15,0,1,NULL),(1816,2,'12',15,0,1,NULL),(1817,2,'12 Nacho',15,0,1,NULL),(1818,2,'22s 5G',15,0,1,NULL),(1819,2,'03 s',15,0,1,NULL),(1820,2,'2',15,0,1,NULL),(1821,2,'3',15,0,1,NULL),(1822,2,'1',15,0,1,NULL),(1823,2,'51',14,0,1,NULL),(1824,2,'52',14,0,1,NULL),(1825,2,'52 5G',14,0,1,NULL),(1826,2,'12',14,0,1,NULL),(1827,2,'32',14,0,1,NULL),(1828,2,'31',14,0,1,NULL),(1829,2,'11',14,0,1,NULL),(1830,2,'8',6,0,0,NULL),(1831,2,'8 Pro',2,0,0,NULL),(1832,2,'10 Pro',2,0,0,NULL),(1833,2,'8T',2,0,0,NULL),(1834,2,'9 Pro',2,0,0,NULL),(1835,2,'8',2,0,0,NULL),(1836,2,'9RT',2,0,0,NULL),(1837,2,'Nord',2,0,0,NULL),(1838,2,'Nord CE 5G',2,0,0,NULL),(1839,2,'9R',2,0,0,NULL),(1840,2,'9',2,0,0,NULL),(1841,2,'7 Pro',2,0,0,NULL),(1842,2,'5T',2,0,0,NULL),(1843,2,'Nord N 10 5G',2,0,0,NULL),(1844,2,'Nova',7,0,0,NULL),(1845,2,'XR20',8,0,0,NULL),(1846,2,'X10',8,0,0,NULL),(1847,2,'5',8,0,0,NULL),(1848,2,'5.3',8,0,0,NULL),(1849,2,'G20',8,0,0,NULL),(1850,2,'5.4',8,0,0,NULL),(1851,2,'G50',8,0,0,NULL),(1852,2,'3.4',8,0,0,NULL),(1853,2,'1200',8,0,0,NULL),(1854,2,'C30',8,0,0,NULL),(1855,2,'N9',8,0,0,NULL),(1856,2,'2.4',8,0,0,NULL),(1857,2,'G10',8,0,0,NULL),(1858,2,'2720 Flip',8,0,0,NULL),(1859,2,'1.4',8,0,0,NULL),(1860,2,'C20',8,0,0,NULL),(1861,2,'C1 plus',8,0,0,NULL),(1862,2,'6300',8,0,0,NULL),(1863,2,'8000',8,0,0,NULL),(1864,2,'C01 Plus',8,0,0,NULL),(1865,2,'4',1,0,0,NULL),(1866,2,'4s',1,0,0,NULL),(1867,2,'5',1,0,0,NULL),(1868,2,'5c',1,0,0,NULL),(1869,2,'5s',1,0,0,NULL),(1870,2,'Se',1,0,0,NULL),(1871,2,'6',1,0,0,NULL),(1872,2,'6 plus',1,0,0,NULL),(1873,2,'6s',1,0,0,NULL),(1874,2,'6s plus',1,0,0,NULL),(1875,2,'7',1,0,0,NULL),(1876,2,'7 plus',1,0,0,NULL),(1877,2,'8',1,0,0,NULL),(1878,2,'8 plus',1,0,0,NULL),(1879,2,'X',1,0,0,NULL),(1880,2,'Xs Max',1,0,0,NULL),(1881,2,'Xr',1,0,0,NULL),(1882,2,'Xs',1,0,0,NULL),(1883,2,'11 Pro',1,0,0,NULL),(1884,2,'11',1,0,0,NULL),(1885,2,'11 Pro Max',1,0,0,NULL),(1886,2,'Se 2',1,0,0,NULL),(1887,2,'12 mini',1,0,0,NULL),(1888,2,'12',1,0,0,NULL),(1889,2,'12 Pro',1,0,0,NULL),(1890,2,'12 Pro Max',1,0,0,NULL),(1891,2,'13 mini',1,0,0,NULL),(1892,2,'13',1,0,0,NULL),(1893,2,'13 Pro',1,0,0,NULL),(1894,2,'13 Pro Max',1,0,0,NULL),(1895,17,'',NULL,0,0,NULL),(1896,17,'',NULL,0,0,NULL),(1897,17,'Sony Play Station',1895,1,0,NULL),(1898,17,'Xbox',1895,1,0,NULL),(1900,17,'',1896,1,0,NULL),(1901,17,'',1896,1,0,NULL),(1902,17,'5',1897,0,1,NULL),(1903,17,'4 slim',1897,0,1,NULL),(1904,17,'Classic',1897,0,1,NULL),(1905,17,'4 pro',1897,0,1,NULL),(1906,17,'Series x',1898,0,1,NULL),(1907,17,'One X',1898,0,1,NULL),(1908,17,'Series S',1898,0,1,NULL),(1909,17,'One S',1898,0,1,NULL),(1910,NULL,'M1',1572,0,0,NULL),(1911,17,'Sony PlayStation ',1900,0,0,NULL),(1912,17,'Xbox ',1900,0,0,NULL),(1913,17,'Nintendo ',1900,0,0,NULL),(1914,17,'Sony PlayStation ',1901,0,0,NULL),(1915,17,'Xbox ',1901,0,0,NULL),(1916,17,'Nintendo ',1901,0,0,NULL);
/*!40000 ALTER TABLE `brands` ENABLE KEYS */;
UNLOCK TABLES;

--
-- Table structure for table `brands_photos`
--

DROP TABLE IF EXISTS `brands_photos`;
/*!40101 SET @saved_cs_client     = @@character_set_client */;
/*!50503 SET character_set_client = utf8mb4 */;
CREATE TABLE `brands_photos` (
  `bp_id` int NOT NULL AUTO_INCREMENT,
  `brand_id` int DEFAULT NULL,
  `color_id` int DEFAULT NULL,
  `photo_link` varchar(255) DEFAULT NULL,
  PRIMARY KEY (`bp_id`)
) ENGINE=InnoDB AUTO_INCREMENT=9 DEFAULT CHARSET=utf8mb4 COLLATE=utf8mb4_0900_ai_ci;
/*!40101 SET character_set_client = @saved_cs_client */;

--
-- Dumping data for table `brands_photos`
--

LOCK TABLES `brands_photos` WRITE;
/*!40000 ALTER TABLE `brands_photos` DISABLE KEYS */;
INSERT INTO `brands_photos` VALUES (1,114,22,'https://telegra.ph/file/d3db2c5fdb5740f011905.jpg'),(2,114,22,'https://telegra.ph/file/9e44c376237404059716c.jpg'),(6,108,49,'https://telegra.ph/file/87b737d4f5a9ccd7a30d3.jpg'),(7,108,49,'https://telegra.ph/file/2cc14f2dbce10885f8e93.jpg');
/*!40000 ALTER TABLE `brands_photos` ENABLE KEYS */;
UNLOCK TABLES;

--
-- Table structure for table `categories`
--

DROP TABLE IF EXISTS `categories`;
/*!40101 SET @saved_cs_client     = @@character_set_client */;
/*!50503 SET character_set_client = utf8mb4 */;
CREATE TABLE `categories` (
  `category_id` int NOT NULL AUTO_INCREMENT,
  `category_name` varchar(256) DEFAULT NULL,
  `parent_id` int DEFAULT NULL,
  `photo` varchar(255) DEFAULT NULL,
  `tariff_first_price` double DEFAULT '10',
  `tariff_second_price` double DEFAULT '15',
  `tariff_notify_first` double DEFAULT '10',
  `tariff_notify_second` double DEFAULT '15',
  PRIMARY KEY (`category_id`)
) ENGINE=InnoDB AUTO_INCREMENT=29 DEFAULT CHARSET=utf8mb4 COLLATE=utf8mb4_0900_ai_ci;
/*!40101 SET character_set_client = @saved_cs_client */;

--
-- Dumping data for table `categories`
--

LOCK TABLES `categories` WRITE;
/*!40000 ALTER TABLE `categories` DISABLE KEYS */;
INSERT INTO `categories` VALUES (2,'',6,'',10,15,5,7.5),(6,'',NULL,NULL,10,15,5,7.5),(12,'',6,NULL,10,15,5,7.5),(13,'',6,NULL,10,15,5,7.5),(14,'',NULL,NULL,2,3,2,3),(16,'',6,NULL,10,15,5,7.5),(17,'',6,NULL,10,15,5,7.5),(18,'',6,NULL,10,15,5,7.5),(19,' ',6,NULL,10,15,5,7.5),(20,' ',14,NULL,2,3,2,3),(21,' ',14,NULL,2,3,2,3),(28,'',6,NULL,10,15,5,7.5);
/*!40000 ALTER TABLE `categories` ENABLE KEYS */;
UNLOCK TABLES;

--
-- Table structure for table `category_params`
--

DROP TABLE IF EXISTS `category_params`;
/*!40101 SET @saved_cs_client     = @@character_set_client */;
/*!50503 SET character_set_client = utf8mb4 */;
CREATE TABLE `category_params` (
  `param_id` int NOT NULL AUTO_INCREMENT,
  `param_type` enum('int','float','list','multilist') DEFAULT NULL,
  `category_id` int DEFAULT NULL,
  `is_required` tinyint(1) DEFAULT '0',
  `in_find` tinyint(1) DEFAULT '0',
  `param_name` varchar(127) DEFAULT NULL,
  `param_question` varchar(127) DEFAULT NULL,
  `is_tariff_step` tinyint(1) DEFAULT '0',
  `parent_id` int DEFAULT NULL,
  PRIMARY KEY (`param_id`)
) ENGINE=InnoDB AUTO_INCREMENT=29 DEFAULT CHARSET=utf8mb4 COLLATE=utf8mb4_0900_ai_ci;
/*!40101 SET character_set_client = @saved_cs_client */;

--
-- Dumping data for table `category_params`
--

LOCK TABLES `category_params` WRITE;
/*!40000 ALTER TABLE `category_params` DISABLE KEYS */;
INSERT INTO `category_params` VALUES (1,'list',2,1,1,'','  ',0,NULL),(2,'list',2,1,1,'',' ',0,1),(3,'list',2,1,1,'','  ',0,2),(4,'list',5,1,1,' ','  ',0,NULL),(5,'int',5,1,1,'','  ',0,4),(6,'list',5,1,1,'',' ',0,5),(7,'list',2,1,1,'',' ',1,3),(8,'list',2,1,1,'','  ',0,7),(9,'list',2,1,1,'','   ?',0,8),(10,'list',10,1,1,' ','  ',0,NULL),(12,'list',10,1,1,'  ','   ?',0,10),(13,'list',11,1,1,' ','   ?',0,NULL),(14,'list',11,1,1,'  ','   ?',0,13),(15,'multilist',2,1,1,'',' ',0,9),(17,'list',12,1,1,'','  ',0,NULL),(18,'list',12,1,1,'',' ',0,17),(19,'list',12,1,1,'','  ',0,18),(20,'list',12,1,1,'',' ',1,19),(21,'list',12,1,1,'','  ',0,20),(22,'list',12,1,1,'','   ?',0,21),(23,'multilist',12,1,1,'',' ',0,22),(24,'list',13,1,1,'','  ',0,NULL),(25,'list',13,1,1,'','  ',0,24),(26,'list',13,1,1,'','  ',0,25),(27,'list',13,1,1,'','  ',1,26);
/*!40000 ALTER TABLE `category_params` ENABLE KEYS */;
UNLOCK TABLES;

--
-- Table structure for table `category_price_limits`
--

DROP TABLE IF EXISTS `category_price_limits`;
/*!40101 SET @saved_cs_client     = @@character_set_client */;
/*!50503 SET character_set_client = utf8mb4 */;
CREATE TABLE `category_price_limits` (
  `price_limit_id` int NOT NULL AUTO_INCREMENT,
  `category_id` int DEFAULT NULL,
  `start_price` int DEFAULT NULL,
  `finish_price` int DEFAULT NULL,
  PRIMARY KEY (`price_limit_id`)
) ENGINE=InnoDB AUTO_INCREMENT=43 DEFAULT CHARSET=utf8mb4 COLLATE=utf8mb4_0900_ai_ci;
/*!40101 SET character_set_client = @saved_cs_client */;

--
-- Dumping data for table `category_price_limits`
--

LOCK TABLES `category_price_limits` WRITE;
/*!40000 ALTER TABLE `category_price_limits` DISABLE KEYS */;
INSERT INTO `category_price_limits` VALUES (1,2,0,2000),(2,2,2000,5000),(3,2,5000,10000),(4,2,10000,20000),(5,2,20000,40000),(6,2,40000,60000),(7,2,60000,0),(8,12,0,5000),(9,12,5000,7000),(10,12,7000,12000),(11,12,12000,20000),(12,12,20000,40000),(13,12,40000,0),(14,19,0,3000),(15,19,3000,6000),(16,19,6000,10000),(17,19,10000,20000),(18,19,20000,40000),(19,19,40000,0),(20,28,0,500),(21,28,500,1000),(22,28,1000,2000),(23,28,2000,3000),(24,28,3000,0),(25,13,0,1000),(26,13,1000,3000),(27,13,3000,5000),(28,13,5000,10000),(29,13,10000,0),(30,17,0,10000),(31,17,10000,25000),(32,17,25000,0),(33,16,0,20000),(34,16,20000,30000),(35,16,30000,50000),(36,16,50000,70000),(37,16,70000,0),(38,18,0,2500),(39,18,2500,5000),(40,18,5000,10000),(41,18,10000,20000),(42,18,20000,0);
/*!40000 ALTER TABLE `category_price_limits` ENABLE KEYS */;
UNLOCK TABLES;

--
-- Table structure for table `closes_types`
--

DROP TABLE IF EXISTS `closes_types`;
/*!40101 SET @saved_cs_client     = @@character_set_client */;
/*!50503 SET character_set_client = utf8mb4 */;
CREATE TABLE `closes_types` (
  `type_id` int NOT NULL AUTO_INCREMENT,
  `type_name` varchar(255) DEFAULT NULL,
  `parent_id` int DEFAULT NULL,
  `category_id` int DEFAULT NULL,
  `body_part` enum('up','down','shoes') DEFAULT NULL,
  `is_type` tinyint(1) DEFAULT '0',
  PRIMARY KEY (`type_id`)
) ENGINE=InnoDB AUTO_INCREMENT=101 DEFAULT CHARSET=utf8mb4 COLLATE=utf8mb4_0900_ai_ci;
/*!40101 SET character_set_client = @saved_cs_client */;

--
-- Dumping data for table `closes_types`
--

LOCK TABLES `closes_types` WRITE;
/*!40000 ALTER TABLE `closes_types` DISABLE KEYS */;
INSERT INTO `closes_types` VALUES (1,'',NULL,20,'up',1),(2,',,',NULL,20,'up',1),(3,'  ',NULL,20,'up',1),(4,'',NULL,20,'up',1),(5,'  ',NULL,20,'up',1),(6,'',NULL,20,'down',1),(7,'',NULL,20,'down',1),(8,'',NULL,20,'down',1),(9,'',1,20,'up',0),(10,'',1,20,'up',0),(11,' ',1,20,'up',0),(12,' ',1,20,'up',0),(13,'',1,20,'up',0),(14,' ',1,20,'up',0),(15,'   ',1,20,'up',0),(16,'',1,20,'up',0),(17,'',1,20,'up',0),(18,'',1,20,'up',0),(19,'   ',1,20,'up',0),(20,'  ',1,20,'up',0),(21,'',2,20,'up',0),(22,'  ',2,20,'up',0),(23,'',2,20,'up',0),(24,'',2,20,'up',0),(25,'',2,20,'up',0),(26,'',3,20,'up',0),(27,'',3,20,'up',0),(28,'',3,20,'up',0),(29,' ',4,20,'up',0),(30,'    ',4,20,'up',0),(31,'    ',4,20,'up',0),(32,'',5,20,'up',0),(33,'',5,20,'up',0),(34,' ',5,20,'up',0),(35,'',5,20,'up',0),(36,'',8,20,'down',0),(37,' ',8,20,'down',0),(38,' ',8,20,'down',0),(39,'',NULL,20,'shoes',0),(40,' ',NULL,20,'shoes',0),(41,'',NULL,20,'shoes',0),(42,'',NULL,20,'shoes',0),(43,'',NULL,20,'shoes',0),(44,'',NULL,21,'up',0),(45,' ',NULL,21,'up',0),(46,'',NULL,21,'up',0),(47,'',NULL,21,'up',0),(48,'',NULL,21,'up',0),(49,'',NULL,21,'up',0),(50,'',NULL,21,'up',0),(51,'',NULL,21,'up',0),(52,'',NULL,21,'up',0),(53,'',NULL,21,'up',0),(54,'',NULL,21,'up',0),(55,'',NULL,21,'up',0),(56,'',NULL,21,'up',0),(57,'',NULL,21,'up',0),(58,'',NULL,21,'up',0),(59,'',NULL,21,'up',0),(60,'',NULL,21,'up',0),(61,'',NULL,21,'up',0),(62,' ',NULL,21,'up',0),(63,' ',NULL,21,'up',0),(64,'',NULL,21,'up',0),(65,' ',NULL,21,'up',0),(66,' ',NULL,21,'up',0),(67,'',NULL,21,'up',0),(68,' ',NULL,21,'up',0),(69,'',NULL,21,'up',0),(70,'',NULL,21,'up',0),(71,'  ',NULL,21,'up',0),(72,'',NULL,21,'up',0),(73,' ',NULL,21,'up',0),(74,'',NULL,21,'up',0),(75,'',NULL,21,'up',0),(76,'',NULL,21,'down',0),(77,'',NULL,21,'down',0),(78,'',NULL,21,'down',0),(79,' ',NULL,21,'down',0),(80,' ',NULL,21,'down',0),(81,'',NULL,21,'down',0),(82,'',NULL,21,'down',0),(83,' ',NULL,21,'down',0),(84,'',NULL,21,'down',0),(85,' ',NULL,21,'down',0),(86,'',NULL,21,'down',0),(87,'',NULL,21,'down',0),(88,'',NULL,21,'down',0),(89,'',NULL,21,'down',0),(90,'',NULL,21,'shoes',0),(91,'',NULL,21,'shoes',0),(92,'',NULL,21,'shoes',0),(93,' ',NULL,21,'shoes',0),(94,'',NULL,21,'shoes',0),(95,'',NULL,21,'shoes',0),(96,'',NULL,21,'shoes',0),(97,'',NULL,21,'shoes',0),(98,'',NULL,21,'shoes',0),(99,'',NULL,21,'shoes',0),(100,'',NULL,21,'shoes',0);
/*!40000 ALTER TABLE `closes_types` ENABLE KEYS */;
UNLOCK TABLES;

--
-- Table structure for table `content`
--

DROP TABLE IF EXISTS `content`;
/*!40101 SET @saved_cs_client     = @@character_set_client */;
/*!50503 SET character_set_client = utf8mb4 */;
CREATE TABLE `content` (
  `content_id` int NOT NULL AUTO_INCREMENT,
  `content_type` enum('text','photo','video','document') DEFAULT NULL,
  `content_text` varchar(4096) DEFAULT NULL,
  `content_media` varchar(512) DEFAULT NULL,
  `content_media_cache` varchar(512) DEFAULT NULL,
  `content_keywords` varchar(4096) DEFAULT NULL,
  PRIMARY KEY (`content_id`)
) ENGINE=InnoDB DEFAULT CHARSET=utf8mb4 COLLATE=utf8mb4_0900_ai_ci;
/*!40101 SET character_set_client = @saved_cs_client */;

--
-- Dumping data for table `content`
--

LOCK TABLES `content` WRITE;
/*!40000 ALTER TABLE `content` DISABLE KEYS */;
/*!40000 ALTER TABLE `content` ENABLE KEYS */;
UNLOCK TABLES;

--
-- Table structure for table `dark_facts`
--

DROP TABLE IF EXISTS `dark_facts`;
/*!40101 SET @saved_cs_client     = @@character_set_client */;
/*!50503 SET character_set_client = utf8mb4 */;
CREATE TABLE `dark_facts` (
  `fact_id` int NOT NULL AUTO_INCREMENT,
  `fact_text` varchar(2048) DEFAULT NULL,
  `fact_photo` varchar(512) DEFAULT NULL,
  PRIMARY KEY (`fact_id`)
) ENGINE=InnoDB DEFAULT CHARSET=utf8mb4 COLLATE=utf8mb4_0900_ai_ci;
/*!40101 SET character_set_client = @saved_cs_client */;

--
-- Dumping data for table `dark_facts`
--

LOCK TABLES `dark_facts` WRITE;
/*!40000 ALTER TABLE `dark_facts` DISABLE KEYS */;
/*!40000 ALTER TABLE `dark_facts` ENABLE KEYS */;
UNLOCK TABLES;

--
-- Table structure for table `favourites_ads`
--

DROP TABLE IF EXISTS `favourites_ads`;
/*!40101 SET @saved_cs_client     = @@character_set_client */;
/*!50503 SET character_set_client = utf8mb4 */;
CREATE TABLE `favourites_ads` (
  `favourite_id` int NOT NULL AUTO_INCREMENT,
  `user_id` bigint DEFAULT NULL,
  `ad_id` int DEFAULT NULL,
  PRIMARY KEY (`favourite_id`)
) ENGINE=InnoDB AUTO_INCREMENT=11 DEFAULT CHARSET=utf8mb4 COLLATE=utf8mb4_0900_ai_ci;
/*!40101 SET character_set_client = @saved_cs_client */;

--
-- Dumping data for table `favourites_ads`
--

LOCK TABLES `favourites_ads` WRITE;
/*!40000 ALTER TABLE `favourites_ads` DISABLE KEYS */;
INSERT INTO `favourites_ads` VALUES (6,5074995601,395),(10,1262603427,486);
/*!40000 ALTER TABLE `favourites_ads` ENABLE KEYS */;
UNLOCK TABLES;

--
-- Table structure for table `find_brands`
--

DROP TABLE IF EXISTS `find_brands`;
/*!40101 SET @saved_cs_client     = @@character_set_client */;
/*!50503 SET character_set_client = utf8mb4 */;
CREATE TABLE `find_brands` (
  `id` int NOT NULL AUTO_INCREMENT,
  `find_id` int DEFAULT NULL,
  `brand_id` int DEFAULT NULL,
  PRIMARY KEY (`id`)
) ENGINE=InnoDB AUTO_INCREMENT=429 DEFAULT CHARSET=utf8mb4 COLLATE=utf8mb4_0900_ai_ci;
/*!40101 SET character_set_client = @saved_cs_client */;

--
-- Dumping data for table `find_brands`
--

LOCK TABLES `find_brands` WRITE;
/*!40000 ALTER TABLE `find_brands` DISABLE KEYS */;
INSERT INTO `find_brands` VALUES (13,242,115),(14,242,117),(15,242,116),(16,242,123),(17,242,125),(18,242,129),(19,243,67),(20,243,66),(21,243,68),(22,243,69),(23,251,115),(24,251,113),(25,251,114),(26,255,112),(27,255,113),(28,255,115),(29,257,115),(30,257,113),(31,257,111),(32,258,108),(33,258,110),(34,258,113),(35,259,74),(36,259,64),(37,259,65),(38,259,67),(39,265,113),(40,265,114),(41,265,115),(42,266,114),(43,266,113),(51,269,108),(52,273,110),(53,277,108),(54,277,110),(55,293,108),(56,294,112),(57,294,114),(58,294,116),(60,304,110),(61,309,112),(62,309,115),(64,312,110),(65,313,110),(66,313,111),(67,313,113),(68,315,130),(69,315,131),(70,315,113),(71,318,213),(72,321,47),(73,321,48),(74,325,110),(75,325,112),(76,326,47),(77,330,110),(78,330,111),(79,330,113),(80,332,113),(81,332,115),(82,342,182),(83,342,181),(84,343,50),(85,343,49),(86,343,47),(87,345,50),(88,345,47),(89,345,49),(90,345,46),(91,345,56),(96,347,113),(97,347,115),(98,347,114),(99,347,112),(100,347,116),(101,352,219),(102,365,266),(103,365,267),(104,365,269),(105,368,341),(106,368,342),(107,372,110),(108,372,111),(109,372,113),(110,374,113),(111,375,110),(112,375,111),(113,375,112),(115,375,117),(116,376,45),(117,376,48),(118,377,112),(119,377,111),(120,377,113),(121,377,115),(122,378,110),(123,380,342),(124,382,363),(125,385,115),(126,385,113),(127,387,110),(128,389,134),(129,389,135),(130,390,247),(131,390,246),(132,391,110),(133,391,115),(134,392,115),(135,393,113),(136,395,113),(137,394,115),(138,396,113),(139,396,116),(140,397,115),(141,398,113),(142,399,113),(143,399,114),(144,399,116),(145,400,137),(146,401,113),(147,401,114),(148,401,116),(149,402,113),(150,403,115),(151,409,113),(152,409,112),(153,411,110),(154,481,1603),(155,481,1604),(156,482,1625),(157,487,1668),(158,487,1669),(159,488,1670),(160,488,1671),(161,489,1712),(162,489,1714),(163,489,1713),(164,489,1715),(165,490,847),(166,490,849),(167,490,851),(168,490,852),(169,490,850),(170,497,1718),(171,498,405),(172,501,405),(173,501,407),(174,501,409),(175,504,1672),(176,507,1695),(177,508,1702),(178,509,1714),(179,511,1673),(180,511,1672),(181,512,1673),(182,512,1672),(183,513,1673),(184,514,849),(185,515,1705),(186,516,859),(187,518,339),(188,523,405),(189,525,405),(190,533,1763),(191,533,1761),(192,533,1762),(193,534,1764),(194,535,343),(195,535,342),(196,535,341),(197,535,339),(198,538,1773),(199,538,1775),(200,538,1778),(201,538,1780),(202,539,1807),(203,539,1754),(204,539,1808),(205,540,1808),(206,564,563),(207,564,565),(208,564,567),(209,564,568),(210,564,566),(211,575,1668),(212,576,108),(213,576,418),(214,580,66),(215,581,115),(216,582,1829),(217,583,564),(219,586,265),(220,587,558),(223,588,557),(224,593,341),(225,594,1738),(226,595,359),(227,597,1742),(228,598,1754),(237,599,1771),(238,602,405),(239,606,1586),(240,607,1607),(241,617,856),(242,620,876),(243,620,877),(245,621,878),(249,623,869),(250,624,1662),(251,625,1676),(252,626,1687),(253,627,1696),(254,628,1715),(255,630,1705),(256,631,1708),(257,650,66),(258,650,65),(259,650,64),(261,652,1825),(262,652,1826),(263,652,1827),(264,652,1829),(265,652,1828),(268,651,113),(269,652,1824),(270,653,518),(271,655,1745),(272,657,1823),(273,658,108),(274,658,109),(275,658,112),(276,658,113),(277,658,115),(278,658,114),(279,658,117),(280,658,110),(281,658,111),(282,658,116),(283,658,118),(284,658,120),(285,658,121),(286,659,113),(287,658,123),(288,658,119),(289,658,124),(290,658,127),(291,658,126),(292,658,122),(293,658,125),(294,660,113),(295,661,113),(297,662,113),(298,663,113),(300,665,1871),(301,666,1871),(302,666,1872),(303,667,1869),(304,667,1872),(305,667,1870),(306,668,1871),(308,669,869),(309,673,1869),(310,673,1870),(311,675,1849),(312,675,1850),(313,675,1852),(314,675,1853),(315,684,1852),(316,684,1851),(319,686,341),(320,687,1767),(321,688,1847),(322,689,1730),(323,690,1761),(324,698,559),(325,699,269),(326,707,565),(327,710,555),(328,714,1890),(329,760,1833),(330,760,1836),(331,761,264),(332,761,265),(333,769,385),(334,773,1606),(335,773,1605),(336,773,1603),(337,773,1602),(338,773,1604),(339,798,407),(340,798,406),(341,798,405),(342,803,1741),(343,803,1740),(344,819,1669),(345,819,1668),(346,821,1736),(347,846,851),(348,846,852),(349,873,1902),(350,873,1904),(351,874,1905),(352,874,1904),(353,874,1902),(354,875,1905),(355,875,1902),(356,875,1903),(357,875,1904),(358,880,1614),(359,880,1615),(360,880,1613),(361,886,1865),(362,889,1869),(363,890,1843),(364,891,71),(365,892,1828),(366,893,561),(367,894,260),(368,894,261),(383,895,534),(385,896,555),(386,896,556),(387,896,1844),(388,897,1850),(391,899,341),(392,900,260),(393,901,1739),(394,902,1751),(395,902,1754),(396,903,1757),(397,904,1749),(398,909,260),(399,912,414),(400,913,417),(401,917,1593),(402,928,1902),(403,928,1905),(404,909,261),(405,942,850),(406,943,855),(407,943,851),(408,943,849),(409,944,1663),(411,952,1736),(412,974,1914),(413,974,1916),(414,978,262),(415,981,340),(416,983,1757),(417,989,1911),(418,990,1914),(420,1003,1915),(421,1003,1916),(422,1003,1914),(423,1004,1914),(424,1004,1915),(425,1004,1916),(426,1006,1914),(427,1006,1915),(428,1006,1916);
/*!40000 ALTER TABLE `find_brands` ENABLE KEYS */;
UNLOCK TABLES;

--
-- Table structure for table `find_options`
--

DROP TABLE IF EXISTS `find_options`;
/*!40101 SET @saved_cs_client     = @@character_set_client */;
/*!50503 SET character_set_client = utf8mb4 */;
CREATE TABLE `find_options` (
  `find_opt_id` int NOT NULL AUTO_INCREMENT,
  `find_id` int DEFAULT NULL,
  `option_id` int DEFAULT NULL,
  `param_id` int DEFAULT NULL,
  `option_value` varchar(63) DEFAULT NULL,
  PRIMARY KEY (`find_opt_id`)
) ENGINE=InnoDB AUTO_INCREMENT=1054 DEFAULT CHARSET=utf8mb4 COLLATE=utf8mb4_0900_ai_ci;
/*!40101 SET character_set_client = @saved_cs_client */;

--
-- Dumping data for table `find_options`
--

LOCK TABLES `find_options` WRITE;
/*!40000 ALTER TABLE `find_options` DISABLE KEYS */;
INSERT INTO `find_options` VALUES (549,176,24,1,NULL),(551,177,25,1,NULL),(552,177,2,2,NULL),(553,179,24,1,NULL),(554,179,5,2,NULL),(555,180,25,1,NULL),(557,180,5,2,NULL),(558,180,8,6,NULL),(562,181,22,14,NULL),(563,181,21,14,NULL),(564,181,5,2,NULL),(565,181,28,8,NULL),(566,181,20,14,NULL),(567,181,43,7,NULL),(568,181,11,6,NULL),(569,181,1,1,NULL),(570,182,24,1,NULL),(572,183,4,2,NULL),(573,183,11,6,NULL),(574,184,24,1,NULL),(576,185,42,7,NULL),(577,185,10,6,NULL),(578,185,28,8,NULL),(579,185,24,1,NULL),(580,186,81,1,NULL),(581,187,139,1,NULL),(582,187,41,8,NULL),(583,187,11,7,NULL),(584,188,139,1,NULL),(585,189,81,1,NULL),(587,190,81,1,NULL),(592,191,143,2,NULL),(593,191,197,3,NULL),(595,191,42,8,NULL),(596,191,27,9,NULL),(597,191,22,15,NULL),(598,191,20,15,NULL),(599,191,21,15,NULL),(600,191,11,7,NULL),(601,192,271,1,NULL),(602,192,22,15,NULL),(603,192,86,3,NULL),(604,193,139,1,NULL),(605,194,25,1,NULL),(606,195,464,24,NULL),(607,196,287,1,NULL),(609,197,463,24,NULL),(610,198,287,1,NULL),(618,199,271,1,NULL),(624,200,43,8,NULL),(625,200,11,7,NULL),(626,200,342,2,NULL),(627,200,271,1,NULL),(628,200,21,15,NULL),(629,200,22,15,NULL),(630,200,20,15,NULL),(634,201,425,19,NULL),(635,201,432,18,NULL),(636,201,430,17,NULL),(637,201,458,22,NULL),(638,201,460,23,NULL),(639,201,462,23,NULL),(643,202,376,17,NULL),(644,203,271,1,NULL),(645,203,21,15,NULL),(646,204,406,17,NULL),(647,205,406,17,NULL),(648,207,406,17,NULL),(650,208,376,17,NULL),(654,210,430,17,NULL),(662,211,376,17,NULL),(663,212,376,17,NULL),(664,213,1,1,NULL),(665,215,1,1,NULL),(666,215,52,3,NULL),(667,215,340,2,NULL),(668,216,1,1,NULL),(669,217,1,1,NULL),(670,217,304,2,NULL),(671,218,25,1,NULL),(672,219,1,1,NULL),(673,219,230,2,NULL),(675,220,25,1,NULL),(681,220,233,2,NULL),(682,220,247,3,NULL),(683,221,1,1,NULL),(684,221,122,3,NULL),(686,222,25,1,NULL),(687,222,230,2,NULL),(691,223,25,1,NULL),(692,223,231,2,NULL),(693,223,242,3,NULL),(703,223,26,9,NULL),(704,223,43,8,NULL),(725,223,20,15,NULL),(726,223,21,15,NULL),(727,223,22,15,NULL),(728,224,81,1,NULL),(729,224,0,8,NULL),(730,224,20,15,NULL),(731,224,21,15,NULL),(732,224,22,15,NULL),(733,224,84,2,NULL),(734,224,83,2,NULL),(735,225,1,1,NULL),(737,225,117,3,NULL),(738,225,125,3,NULL),(739,225,129,3,NULL),(740,225,132,3,NULL),(741,225,134,3,NULL),(742,225,41,8,NULL),(743,225,43,8,NULL),(744,225,42,8,NULL),(745,225,28,9,NULL),(746,225,27,9,NULL),(747,225,22,15,NULL),(748,225,20,15,NULL),(749,225,126,3,NULL),(750,225,128,3,NULL),(751,225,130,3,NULL),(752,225,122,3,NULL),(793,239,14,2,NULL),(794,239,15,2,NULL),(795,239,16,2,NULL),(796,239,17,2,NULL),(797,239,32,4,NULL),(798,239,29,3,NULL),(799,242,23,2,NULL),(803,251,29,3,NULL),(804,251,27,3,NULL),(861,251,14,2,NULL),(862,251,15,2,NULL),(863,251,16,2,NULL),(864,251,17,2,NULL),(865,251,18,2,NULL),(866,251,19,2,NULL),(867,251,20,2,NULL),(868,251,21,2,NULL),(869,251,22,2,NULL),(870,251,23,2,NULL),(881,251,32,4,NULL),(882,251,30,4,NULL),(883,251,31,4,NULL),(884,255,32,4,NULL),(885,255,30,4,NULL),(886,255,31,4,NULL),(887,255,27,3,NULL),(888,255,28,3,NULL),(889,255,29,3,NULL),(890,257,14,2,NULL),(891,257,15,2,NULL),(892,257,16,2,NULL),(893,257,17,2,NULL),(894,257,20,2,NULL),(895,257,21,2,NULL),(896,257,22,2,NULL),(897,257,23,2,NULL),(898,257,32,4,NULL),(899,257,30,4,NULL),(900,257,31,4,NULL),(901,258,16,2,NULL),(902,258,17,2,NULL),(903,258,14,2,NULL),(904,258,15,2,NULL),(905,258,32,4,NULL),(906,258,30,4,NULL),(907,258,31,4,NULL),(908,294,32,4,NULL),(916,309,30,4,NULL),(917,309,31,4,NULL),(918,309,32,4,NULL),(920,372,32,4,NULL),(921,372,30,4,NULL),(922,372,31,4,NULL),(923,372,17,2,NULL),(924,392,32,4,NULL),(925,392,30,4,NULL),(926,392,31,4,NULL),(927,427,330,14,NULL),(932,429,314,15,NULL),(933,429,316,15,NULL),(934,429,317,15,NULL),(935,430,314,15,NULL),(936,430,315,15,NULL),(937,430,317,15,NULL),(938,430,316,15,NULL),(939,431,309,15,NULL),(940,432,329,14,NULL),(941,440,314,15,NULL),(942,440,330,14,NULL),(943,443,259,16,NULL),(944,440,334,14,NULL),(945,444,337,14,NULL),(946,445,314,15,NULL),(947,447,334,14,NULL),(948,449,312,15,NULL),(949,449,318,15,NULL),(954,464,318,15,NULL),(955,465,331,14,NULL),(956,482,98,2,NULL),(957,482,157,2,NULL),(958,490,207,2,NULL),(959,490,24,2,NULL),(960,490,26,2,NULL),(961,490,14,2,NULL),(962,490,19,2,NULL),(963,490,20,2,NULL),(964,512,98,2,NULL),(965,512,26,2,NULL),(966,512,157,2,NULL),(967,513,98,2,NULL),(968,513,26,2,NULL),(969,513,157,2,NULL),(970,534,14,2,NULL),(971,535,157,2,NULL),(972,535,26,2,NULL),(973,538,50,2,NULL),(974,538,48,2,NULL),(975,540,50,2,NULL),(976,564,17,2,NULL),(977,564,16,2,NULL),(978,576,14,2,NULL),(979,588,14,2,NULL),(980,623,14,2,NULL),(981,642,329,14,NULL),(982,650,50,2,NULL),(983,650,130,2,NULL),(984,650,29,3,NULL),(985,650,156,4,NULL),(986,651,1,1,NULL),(987,651,2,1,NULL),(988,651,3,1,NULL),(989,651,4,1,NULL),(990,651,5,1,NULL),(991,651,6,1,NULL),(992,651,7,1,NULL),(993,667,115,2,NULL),(994,675,217,2,NULL),(995,675,17,2,NULL),(996,760,8,1,NULL),(997,760,7,1,NULL),(998,773,6,1,NULL),(999,773,9,1,NULL),(1002,797,361,18,NULL),(1003,797,340,18,NULL),(1004,798,340,18,NULL),(1011,805,361,18,NULL),(1012,805,340,18,NULL),(1013,817,361,18,NULL),(1014,817,340,18,NULL),(1017,839,340,18,NULL),(1018,839,341,18,NULL),(1019,839,342,18,NULL),(1020,841,361,18,NULL),(1021,841,340,18,NULL),(1022,871,342,18,NULL),(1023,871,341,18,NULL),(1024,871,340,18,NULL),(1025,874,25,2,NULL),(1026,874,20,2,NULL),(1027,874,14,2,NULL),(1028,874,10,1,NULL),(1029,880,157,2,NULL),(1030,880,9,1,NULL),(1031,883,342,18,NULL),(1032,884,328,14,NULL),(1033,884,333,14,NULL),(1034,886,14,2,NULL),(1035,887,323,14,NULL),(1036,906,340,18,NULL),(1037,928,10,1,NULL),(1038,947,342,18,NULL),(1039,949,315,15,NULL),(1040,950,268,16,NULL),(1041,958,318,15,NULL),(1043,970,27,3,NULL),(1044,970,28,3,NULL),(1045,970,29,3,NULL),(1046,981,27,3,NULL),(1047,981,28,3,NULL),(1048,981,29,3,NULL),(1049,997,315,15,NULL),(1050,999,27,3,NULL),(1051,999,28,3,NULL),(1052,999,29,3,NULL),(1053,1004,30,4,NULL);
/*!40000 ALTER TABLE `find_options` ENABLE KEYS */;
UNLOCK TABLES;

--
-- Table structure for table `finds`
--

DROP TABLE IF EXISTS `finds`;
/*!40101 SET @saved_cs_client     = @@character_set_client */;
/*!50503 SET character_set_client = utf8mb4 */;
CREATE TABLE `finds` (
  `find_id` int NOT NULL AUTO_INCREMENT,
  `category_id` int DEFAULT NULL,
  `section_id` int DEFAULT NULL,
  `price_limit_id` int DEFAULT '0',
  `user_id` bigint DEFAULT NULL,
  `is_notify` tinyint(1) DEFAULT '0',
  `notify_days` int DEFAULT '0',
  `brand_id` int DEFAULT NULL,
  `serial_id` int DEFAULT NULL,
  `model_id` int DEFAULT NULL,
  `last_brand_id` int DEFAULT NULL,
  `tariff_price` int DEFAULT '10',
  `close_notifications` datetime DEFAULT NULL,
  `is_paid` tinyint(1) DEFAULT '0',
  `is_active` tinyint(1) DEFAULT '0',
  `create_date` datetime DEFAULT CURRENT_TIMESTAMP,
  `city_id` int DEFAULT NULL,
  `clothes_form_id` int DEFAULT NULL,
  `closes_body_part` enum('up','down','shoes') DEFAULT NULL,
  `closes_type` int DEFAULT NULL,
  `closes_kind` int DEFAULT NULL,
  `closes_size_type` enum('eu','usa','numeric','alpha') DEFAULT NULL,
  PRIMARY KEY (`find_id`)
) ENGINE=InnoDB AUTO_INCREMENT=1010 DEFAULT CHARSET=utf8mb4 COLLATE=utf8mb4_0900_ai_ci;
/*!40101 SET character_set_client = @saved_cs_client */;

--
-- Dumping data for table `finds`
--

LOCK TABLES `finds` WRITE;
/*!40000 ALTER TABLE `finds` DISABLE KEYS */;
INSERT INTO `finds` VALUES (173,6,2,0,5074995601,0,0,NULL,NULL,NULL,NULL,10,'2022-02-23 22:38:18',0,0,'2022-02-27 12:55:15',NULL,NULL,NULL,NULL,NULL,NULL),(174,6,2,0,5074995601,0,0,NULL,NULL,NULL,NULL,10,'2022-02-23 22:38:18',0,0,'2022-02-27 12:55:15',NULL,NULL,NULL,NULL,NULL,NULL),(175,6,2,0,5074995601,0,0,NULL,NULL,NULL,NULL,10,'2022-02-23 22:38:18',0,0,'2022-02-27 12:55:15',NULL,NULL,NULL,NULL,NULL,NULL),(176,6,2,0,5074995601,0,0,NULL,NULL,NULL,NULL,10,'2022-02-23 22:38:18',0,0,'2022-02-27 12:55:15',NULL,NULL,NULL,NULL,NULL,NULL),(177,6,2,0,5074995601,0,0,NULL,NULL,NULL,NULL,10,'2022-02-23 22:38:18',0,0,'2022-02-27 12:55:15',NULL,NULL,NULL,NULL,NULL,NULL),(178,6,2,0,5074995601,0,0,NULL,NULL,NULL,NULL,10,'2022-02-23 22:38:18',0,0,'2022-02-27 12:55:15',NULL,NULL,NULL,NULL,NULL,NULL),(179,6,2,0,5074995601,0,0,NULL,NULL,NULL,NULL,10,'2022-02-23 22:38:18',0,0,'2022-02-27 12:55:15',NULL,NULL,NULL,NULL,NULL,NULL),(180,6,2,0,5074995601,0,0,NULL,NULL,NULL,NULL,10,'2022-02-23 22:38:18',0,0,'2022-02-27 12:55:15',NULL,NULL,NULL,NULL,NULL,NULL),(181,6,2,100,5074995601,0,0,NULL,NULL,NULL,NULL,10,'2022-02-23 22:38:18',0,0,'2022-02-27 12:55:15',NULL,NULL,NULL,NULL,NULL,NULL),(182,6,2,0,5074995601,0,0,NULL,NULL,NULL,NULL,10,'2022-02-23 22:38:18',0,0,'2022-02-27 12:55:15',NULL,NULL,NULL,NULL,NULL,NULL),(183,6,2,0,5074995601,0,0,NULL,NULL,NULL,NULL,10,'2022-02-23 22:38:18',0,0,'2022-02-27 12:55:15',NULL,NULL,NULL,NULL,NULL,NULL),(184,6,2,0,5074995601,0,0,NULL,NULL,NULL,NULL,10,'2022-02-23 22:38:18',0,0,'2022-02-27 12:55:15',NULL,NULL,NULL,NULL,NULL,NULL),(185,6,2,0,5074995601,0,0,NULL,NULL,NULL,NULL,10,'2022-02-23 22:38:18',0,0,'2022-02-27 12:55:15',NULL,NULL,NULL,NULL,NULL,NULL),(186,6,2,0,5074995601,0,0,NULL,NULL,NULL,NULL,10,'2022-02-23 22:38:18',0,0,'2022-02-27 12:55:15',NULL,NULL,NULL,NULL,NULL,NULL),(187,6,2,0,5074995601,0,0,NULL,NULL,NULL,NULL,10,'2022-02-23 22:38:18',0,0,'2022-02-27 12:55:15',NULL,NULL,NULL,NULL,NULL,NULL),(188,6,2,0,5074995601,0,0,NULL,NULL,NULL,NULL,10,'2022-02-23 22:38:18',0,0,'2022-02-27 12:55:15',NULL,NULL,NULL,NULL,NULL,NULL),(189,6,2,0,5074995601,0,0,NULL,NULL,NULL,NULL,10,'2022-02-23 22:38:18',0,0,'2022-02-27 12:55:15',NULL,NULL,NULL,NULL,NULL,NULL),(190,6,2,0,5074995601,0,0,NULL,NULL,NULL,NULL,10,'2022-02-23 22:38:18',0,0,'2022-02-27 12:55:15',NULL,NULL,NULL,NULL,NULL,NULL),(191,6,2,0,5074995601,0,0,NULL,NULL,NULL,NULL,10,'2022-02-23 22:38:18',0,0,'2022-02-27 12:55:15',NULL,NULL,NULL,NULL,NULL,NULL),(192,6,2,0,5074995601,0,0,NULL,NULL,NULL,NULL,10,'2022-02-23 22:38:18',0,0,'2022-02-27 12:55:15',NULL,NULL,NULL,NULL,NULL,NULL),(193,6,2,0,5074995601,0,0,NULL,NULL,NULL,NULL,10,'2022-02-23 22:38:18',0,0,'2022-02-27 12:55:15',NULL,NULL,NULL,NULL,NULL,NULL),(194,6,2,0,1433915196,0,0,NULL,NULL,NULL,NULL,10,'2022-02-23 22:38:18',0,0,'2022-02-27 12:55:15',NULL,NULL,NULL,NULL,NULL,NULL),(195,6,13,0,5074995601,0,0,NULL,NULL,NULL,NULL,10,'2022-02-23 22:38:18',0,0,'2022-02-27 12:55:15',NULL,NULL,NULL,NULL,NULL,NULL),(196,6,2,0,5074995601,0,0,NULL,NULL,NULL,NULL,10,'2022-02-23 22:38:18',0,0,'2022-02-27 12:55:15',NULL,NULL,NULL,NULL,NULL,NULL),(197,6,13,0,5074995601,0,0,NULL,NULL,NULL,NULL,10,'2022-02-23 22:38:18',0,0,'2022-02-27 12:55:15',NULL,NULL,NULL,NULL,NULL,NULL),(198,6,2,0,5074995601,0,0,NULL,NULL,NULL,NULL,10,'2022-02-23 22:38:18',0,0,'2022-02-27 12:55:15',NULL,NULL,NULL,NULL,NULL,NULL),(199,6,2,0,5074995601,0,0,NULL,NULL,NULL,NULL,10,'2022-02-23 22:38:18',0,0,'2022-02-27 12:55:15',NULL,NULL,NULL,NULL,NULL,NULL),(200,6,2,0,5074995601,0,0,NULL,NULL,NULL,NULL,10,'2022-02-23 22:38:18',0,0,'2022-02-27 12:55:15',NULL,NULL,NULL,NULL,NULL,NULL),(201,6,12,5,5074995601,0,0,NULL,NULL,NULL,NULL,10,'2022-02-23 22:38:18',0,0,'2022-02-27 12:55:15',NULL,NULL,NULL,NULL,NULL,NULL),(202,6,12,0,5074995601,0,0,NULL,NULL,NULL,NULL,10,'2022-02-23 22:38:18',0,0,'2022-02-27 12:55:15',NULL,NULL,NULL,NULL,NULL,NULL),(203,6,2,0,5074995601,0,0,NULL,NULL,NULL,NULL,10,'2022-02-23 22:38:18',0,0,'2022-02-27 12:55:15',NULL,NULL,NULL,NULL,NULL,NULL),(204,6,12,0,5074995601,0,0,NULL,NULL,NULL,NULL,10,'2022-02-23 22:38:18',0,0,'2022-02-27 12:55:15',NULL,NULL,NULL,NULL,NULL,NULL),(205,6,12,0,5074995601,0,0,NULL,NULL,NULL,NULL,10,'2022-02-23 22:38:18',0,0,'2022-02-27 12:55:15',NULL,NULL,NULL,NULL,NULL,NULL),(206,6,12,0,5074995601,0,0,NULL,NULL,NULL,NULL,10,'2022-02-23 22:38:18',0,0,'2022-02-27 12:55:15',NULL,NULL,NULL,NULL,NULL,NULL),(207,6,12,0,5074995601,0,0,NULL,NULL,NULL,NULL,10,'2022-02-23 22:38:18',0,0,'2022-02-27 12:55:15',NULL,NULL,NULL,NULL,NULL,NULL),(208,6,12,0,5074995601,0,0,NULL,NULL,NULL,NULL,10,'2022-02-23 22:38:18',0,0,'2022-02-27 12:55:15',NULL,NULL,NULL,NULL,NULL,NULL),(209,6,13,0,5074995601,0,0,NULL,NULL,NULL,NULL,10,'2022-02-23 22:38:18',0,0,'2022-02-27 12:55:15',NULL,NULL,NULL,NULL,NULL,NULL),(210,6,12,10,5074995601,0,0,NULL,NULL,NULL,NULL,10,'2022-02-23 22:38:18',0,0,'2022-02-27 12:55:15',NULL,NULL,NULL,NULL,NULL,NULL),(211,6,12,0,5074995601,0,0,NULL,NULL,NULL,NULL,10,'2022-02-23 22:38:18',0,0,'2022-02-27 12:55:15',NULL,NULL,NULL,NULL,NULL,NULL),(212,6,12,0,5074995601,0,0,NULL,NULL,NULL,NULL,10,'2022-02-23 22:38:18',0,0,'2022-02-27 12:55:15',NULL,NULL,NULL,NULL,NULL,NULL),(213,6,2,0,5074995601,0,0,NULL,NULL,NULL,NULL,10,'2022-02-23 22:38:18',0,0,'2022-02-27 12:55:15',NULL,NULL,NULL,NULL,NULL,NULL),(216,6,2,0,5074995601,0,0,NULL,NULL,NULL,NULL,10,'2022-02-23 22:38:18',0,0,'2022-02-27 12:55:15',NULL,NULL,NULL,NULL,NULL,NULL),(217,6,2,0,1262603427,0,0,NULL,NULL,NULL,NULL,10,'2022-02-23 22:38:18',0,0,'2022-02-27 12:55:15',NULL,NULL,NULL,NULL,NULL,NULL),(218,6,2,0,1262603427,0,0,NULL,NULL,NULL,NULL,10,'2022-02-23 22:38:18',0,0,'2022-02-27 12:55:15',NULL,NULL,NULL,NULL,NULL,NULL),(219,6,2,0,1849900456,0,0,NULL,NULL,NULL,NULL,10,'2022-02-23 22:38:18',0,0,'2022-02-27 12:55:15',NULL,NULL,NULL,NULL,NULL,NULL),(220,6,2,0,5074995601,0,0,NULL,NULL,NULL,NULL,10,'2022-02-23 22:38:18',0,0,'2022-02-27 12:55:15',NULL,NULL,NULL,NULL,NULL,NULL),(221,6,2,6,5074995601,0,0,1,NULL,NULL,NULL,10,'2022-02-23 22:38:18',0,0,'2022-02-27 12:55:15',NULL,NULL,NULL,NULL,NULL,NULL),(222,6,2,0,5074995601,0,0,NULL,NULL,NULL,NULL,10,'2022-02-23 22:38:18',0,0,'2022-02-27 12:55:15',NULL,NULL,NULL,NULL,NULL,NULL),(223,6,2,0,5074995601,0,0,NULL,NULL,NULL,NULL,10,'2022-02-23 22:38:18',0,0,'2022-02-27 12:55:15',NULL,NULL,NULL,NULL,NULL,NULL),(224,6,2,0,5074995601,0,0,NULL,NULL,NULL,NULL,10,'2022-02-23 22:38:18',0,0,'2022-02-27 12:55:15',NULL,NULL,NULL,NULL,NULL,NULL),(225,6,2,6,5074995601,0,0,NULL,NULL,NULL,NULL,10,'2022-02-23 22:38:18',0,0,'2022-02-27 12:55:15',NULL,NULL,NULL,NULL,NULL,NULL),(226,6,2,0,5074995601,0,0,NULL,NULL,NULL,NULL,10,'2022-02-23 22:38:18',0,0,'2022-02-27 12:55:15',NULL,NULL,NULL,NULL,NULL,NULL),(227,6,2,0,5074995601,0,0,NULL,NULL,NULL,NULL,10,'2022-02-23 22:38:18',0,0,'2022-02-27 12:55:15',NULL,NULL,NULL,NULL,NULL,NULL),(228,6,2,0,5074995601,0,0,NULL,NULL,NULL,NULL,10,'2022-02-23 22:38:18',0,0,'2022-02-27 12:55:15',NULL,NULL,NULL,NULL,NULL,NULL),(229,6,2,0,5074995601,0,0,NULL,NULL,NULL,NULL,10,'2022-02-23 22:38:18',0,0,'2022-02-27 12:55:15',NULL,NULL,NULL,NULL,NULL,NULL),(230,6,2,0,5074995601,0,0,NULL,NULL,NULL,NULL,10,'2022-02-23 22:38:18',0,0,'2022-02-27 12:55:15',NULL,NULL,NULL,NULL,NULL,NULL),(231,6,2,0,5074995601,0,0,1,NULL,NULL,1,10,'2022-02-23 22:38:18',0,0,'2022-02-27 12:55:15',NULL,NULL,NULL,NULL,NULL,NULL),(232,6,2,0,5074995601,0,0,1,NULL,113,113,10,'2022-02-23 22:38:18',0,0,'2022-02-27 12:55:15',NULL,NULL,NULL,NULL,NULL,NULL),(233,6,2,0,5074995601,0,0,1,NULL,113,113,10,'2022-02-23 22:38:18',0,0,'2022-02-27 12:55:15',NULL,NULL,NULL,NULL,NULL,NULL),(234,6,2,0,5074995601,0,0,NULL,NULL,NULL,NULL,10,'2022-02-23 22:38:18',0,0,'2022-02-27 12:55:15',NULL,NULL,NULL,NULL,NULL,NULL),(235,6,2,0,5074995601,0,0,1,NULL,114,114,10,'2022-02-23 22:38:18',0,0,'2022-02-27 12:55:15',NULL,NULL,NULL,NULL,NULL,NULL),(236,6,2,0,5074995601,0,0,1,NULL,NULL,1,10,'2022-02-23 22:38:18',0,0,'2022-02-27 12:55:15',NULL,NULL,NULL,NULL,NULL,NULL),(237,6,2,0,5074995601,0,0,1,NULL,NULL,1,10,'2022-02-23 22:38:18',0,0,'2022-02-27 12:55:15',NULL,NULL,NULL,NULL,NULL,NULL),(238,6,2,0,5074995601,0,0,1,NULL,117,1,10,'2022-02-23 22:38:18',0,0,'2022-02-27 12:55:15',NULL,NULL,NULL,NULL,NULL,NULL),(239,6,2,0,5074995601,0,0,1,NULL,113,1,10,'2022-02-23 22:38:18',0,0,'2022-02-27 12:55:15',NULL,NULL,NULL,NULL,NULL,NULL),(240,6,2,0,5074995601,0,0,1,NULL,115,1,10,'2022-02-23 22:38:18',0,0,'2022-02-27 12:55:15',NULL,NULL,NULL,NULL,NULL,NULL),(241,6,2,0,5074995601,0,0,3,9,64,3,10,'2022-02-23 22:38:18',0,0,'2022-02-27 12:55:15',NULL,NULL,NULL,NULL,NULL,NULL),(242,6,2,0,5074995601,0,0,1,NULL,115,1,10,'2022-02-23 22:38:18',0,0,'2022-02-27 12:55:15',NULL,NULL,NULL,NULL,NULL,NULL),(243,6,2,0,5074995601,0,0,3,10,65,3,10,'2022-02-23 22:38:18',0,0,'2022-02-27 12:55:15',NULL,NULL,NULL,NULL,NULL,NULL),(244,6,2,0,5074995601,0,0,1,NULL,113,1,10,'2022-02-23 22:38:18',0,0,'2022-02-27 12:55:15',NULL,NULL,NULL,NULL,NULL,NULL),(245,6,2,0,5074995601,0,0,1,NULL,NULL,1,10,'2022-02-23 22:38:18',0,0,'2022-02-27 12:55:15',NULL,NULL,NULL,NULL,NULL,NULL),(246,6,2,0,5074995601,0,0,1,NULL,115,1,10,'2022-02-23 22:38:18',0,0,'2022-02-27 12:55:15',NULL,NULL,NULL,NULL,NULL,NULL),(247,6,2,0,5074995601,0,0,1,NULL,113,1,10,'2022-02-23 22:38:18',0,0,'2022-02-27 12:55:15',NULL,NULL,NULL,NULL,NULL,NULL),(248,6,2,0,5074995601,0,0,3,10,NULL,3,10,'2022-02-23 22:38:18',0,0,'2022-02-27 12:55:15',NULL,NULL,NULL,NULL,NULL,NULL),(249,6,13,0,5074995601,0,0,NULL,NULL,NULL,NULL,10,'2022-02-23 22:38:18',0,0,'2022-02-27 12:55:15',NULL,NULL,NULL,NULL,NULL,NULL),(250,6,2,0,5074995601,0,0,1,NULL,115,1,10,'2022-02-23 22:38:18',0,0,'2022-02-27 12:55:15',NULL,NULL,NULL,NULL,NULL,NULL),(251,6,2,0,5074995601,0,0,1,NULL,115,115,10,'2022-02-23 22:38:18',0,0,'2022-02-27 12:55:15',NULL,NULL,NULL,NULL,NULL,NULL),(253,6,2,0,5074995601,0,0,3,10,NULL,10,10,'2022-02-23 22:38:18',0,0,'2022-02-27 12:55:15',NULL,NULL,NULL,NULL,NULL,NULL),(254,6,2,0,5074995601,0,0,4,16,NULL,4,10,'2022-02-23 22:38:18',0,0,'2022-02-27 12:55:15',NULL,NULL,NULL,NULL,NULL,NULL),(255,6,2,6,5074995601,0,0,1,NULL,113,1,10,'2022-02-23 22:38:18',0,0,'2022-02-27 12:55:15',NULL,NULL,NULL,NULL,NULL,NULL),(256,6,2,0,5074995601,0,0,4,NULL,NULL,4,10,'2022-02-23 22:38:18',0,0,'2022-02-27 12:55:15',NULL,NULL,NULL,NULL,NULL,NULL),(257,6,2,7,5074995601,0,0,1,NULL,115,115,10,'2022-02-23 22:38:18',0,0,'2022-02-27 12:55:15',NULL,NULL,NULL,NULL,NULL,NULL),(258,6,2,0,1262603427,0,0,1,NULL,113,113,10,'2022-02-23 22:38:18',0,0,'2022-02-27 12:55:15',NULL,NULL,NULL,NULL,NULL,NULL),(259,6,2,0,1262603427,0,0,3,10,NULL,9,10,'2022-02-23 22:38:18',0,0,'2022-02-27 12:55:15',NULL,NULL,NULL,NULL,NULL,NULL),(260,6,13,0,1262603427,0,0,NULL,NULL,NULL,NULL,10,'2022-02-23 22:38:18',0,0,'2022-02-27 12:55:15',NULL,NULL,NULL,NULL,NULL,NULL),(261,6,12,0,1262603427,0,0,NULL,NULL,NULL,NULL,10,'2022-02-23 22:38:18',0,0,'2022-02-27 12:55:15',NULL,NULL,NULL,NULL,NULL,NULL),(262,6,2,0,1262603427,0,0,3,NULL,NULL,3,10,'2022-02-23 22:38:18',0,0,'2022-02-27 12:55:15',NULL,NULL,NULL,NULL,NULL,NULL),(263,6,2,0,1262603427,0,0,1,NULL,NULL,1,10,'2022-02-23 22:38:18',0,0,'2022-02-27 12:55:15',NULL,NULL,NULL,NULL,NULL,NULL),(264,6,2,0,1262603427,0,0,1,NULL,113,113,10,'2022-02-23 22:38:18',0,0,'2022-02-27 12:55:15',NULL,NULL,NULL,NULL,NULL,NULL),(265,6,2,0,1262603427,0,0,1,NULL,113,113,10,'2022-02-23 22:38:18',0,0,'2022-02-27 12:55:15',NULL,NULL,NULL,NULL,NULL,NULL),(266,6,2,1,1262603427,0,0,1,NULL,113,113,10,'2022-02-23 22:38:18',0,0,'2022-02-27 12:55:15',NULL,NULL,NULL,NULL,NULL,NULL),(269,6,2,0,1262603427,0,0,1,NULL,113,1,10,'2022-02-23 22:38:18',0,0,'2022-02-27 12:55:15',NULL,NULL,NULL,NULL,NULL,NULL),(270,6,2,0,1262603427,0,0,1,NULL,112,112,10,'2022-02-23 22:38:18',0,0,'2022-02-27 12:55:15',NULL,NULL,NULL,NULL,NULL,NULL),(271,6,2,0,5074995601,0,0,1,NULL,113,113,10,'2022-02-23 22:38:18',0,0,'2022-02-27 12:55:15',NULL,NULL,NULL,NULL,NULL,NULL),(272,6,2,0,5074995601,0,0,1,NULL,113,113,10,'2022-02-23 22:38:18',0,0,'2022-02-27 12:55:15',NULL,NULL,NULL,NULL,NULL,NULL),(273,6,2,0,1262603427,0,0,1,NULL,113,113,10,'2022-02-23 22:38:18',0,0,'2022-02-27 12:55:15',NULL,NULL,NULL,NULL,NULL,NULL),(275,6,2,0,1262603427,0,0,1,NULL,113,1,10,'2022-02-23 22:38:18',0,0,'2022-02-27 12:55:15',NULL,NULL,NULL,NULL,NULL,NULL),(276,6,12,0,1262603427,0,0,NULL,NULL,NULL,NULL,10,'2022-02-23 22:38:18',0,0,'2022-02-27 12:55:15',NULL,NULL,NULL,NULL,NULL,NULL),(277,6,2,0,1262603427,0,0,1,NULL,108,108,10,'2022-02-23 22:38:18',0,0,'2022-02-27 12:55:15',NULL,NULL,NULL,NULL,NULL,NULL),(278,6,2,0,1262603427,0,0,1,NULL,115,115,10,'2022-02-23 22:38:18',0,0,'2022-02-27 12:55:15',NULL,NULL,NULL,NULL,NULL,NULL),(279,6,2,0,1262603427,0,0,1,NULL,113,113,10,'2022-02-23 22:38:18',0,0,'2022-02-27 12:55:15',NULL,NULL,NULL,NULL,NULL,NULL),(281,6,2,1,1262603427,0,0,1,NULL,113,113,10,'2022-02-23 22:38:18',0,0,'2022-02-27 12:55:15',NULL,NULL,NULL,NULL,NULL,NULL),(282,6,2,0,1262603427,0,0,NULL,NULL,NULL,NULL,10,'2022-02-23 22:38:18',0,0,'2022-02-27 12:55:15',NULL,NULL,NULL,NULL,NULL,NULL),(283,6,2,0,1262603427,0,0,1,NULL,115,115,10,'2022-02-23 22:38:18',0,0,'2022-02-27 12:55:15',NULL,NULL,NULL,NULL,NULL,NULL),(285,6,2,0,1262603427,0,0,1,NULL,115,115,10,'2022-02-23 22:38:18',0,0,'2022-02-27 12:55:15',NULL,NULL,NULL,NULL,NULL,NULL),(286,6,2,0,5074995601,0,0,1,NULL,113,113,10,'2022-02-23 22:38:18',0,0,'2022-02-27 12:55:15',NULL,NULL,NULL,NULL,NULL,NULL),(287,6,2,0,1262603427,0,0,1,NULL,116,116,10,'2022-02-23 22:38:18',0,0,'2022-02-27 12:55:15',NULL,NULL,NULL,NULL,NULL,NULL),(288,6,2,0,1262603427,0,0,1,NULL,113,113,10,'2022-02-23 22:38:18',0,0,'2022-02-27 12:55:15',NULL,NULL,NULL,NULL,NULL,NULL),(289,6,2,0,5074995601,0,0,1,NULL,113,113,10,'2022-02-23 22:38:18',0,0,'2022-02-27 12:55:15',NULL,NULL,NULL,NULL,NULL,NULL),(290,6,2,0,5074995601,0,0,1,NULL,113,113,10,'2022-02-23 22:38:18',0,0,'2022-02-27 12:55:15',NULL,NULL,NULL,NULL,NULL,NULL),(292,6,2,0,1262603427,0,0,1,NULL,113,113,10,'2022-02-23 22:38:18',0,0,'2022-02-27 12:55:15',NULL,NULL,NULL,NULL,NULL,NULL),(293,6,2,0,1262603427,0,0,1,NULL,109,109,10,'2022-02-23 22:38:18',0,0,'2022-02-27 12:55:15',NULL,NULL,NULL,NULL,NULL,NULL),(295,6,2,0,1262603427,0,0,2,22,NULL,22,10,'2022-02-23 23:40:59',0,0,'2022-02-27 12:55:15',NULL,NULL,NULL,NULL,NULL,NULL),(296,6,2,0,1262603427,0,0,1,NULL,113,113,10,'2022-02-23 23:41:35',0,0,'2022-02-27 12:55:15',NULL,NULL,NULL,NULL,NULL,NULL),(297,6,2,0,1262603427,0,0,1,NULL,110,110,10,'2022-02-24 23:35:09',0,0,'2022-02-27 12:55:15',NULL,NULL,NULL,NULL,NULL,NULL),(303,6,2,0,1262603427,0,0,1,NULL,110,110,10,'2022-03-06 18:57:59',0,0,'2022-03-06 18:57:59',NULL,NULL,NULL,NULL,NULL,NULL),(304,6,2,0,1262603427,0,0,1,NULL,113,113,10,'2022-03-07 13:54:16',0,0,'2022-03-07 13:54:16',NULL,NULL,NULL,NULL,NULL,NULL),(305,6,2,0,5074995601,0,0,6,NULL,267,267,10,'2022-03-08 05:54:52',0,0,'2022-03-08 05:54:52',NULL,NULL,NULL,NULL,NULL,NULL),(307,6,2,0,5074995601,0,0,4,19,NULL,19,10,'2022-03-08 05:58:05',0,0,'2022-03-08 05:58:05',NULL,NULL,NULL,NULL,NULL,NULL),(309,6,2,0,5074995601,0,0,1,NULL,113,113,10,'2022-03-08 06:07:50',0,0,'2022-03-08 06:07:50',1271,NULL,NULL,NULL,NULL,NULL),(310,6,2,0,1262603427,0,0,1,NULL,110,110,10,'2022-03-08 11:45:28',0,0,'2022-03-08 11:45:28',1358,NULL,NULL,NULL,NULL,NULL),(311,6,2,0,1262603427,0,0,NULL,NULL,NULL,NULL,10,'2022-03-08 11:48:35',0,0,'2022-03-08 11:48:35',1358,NULL,NULL,NULL,NULL,NULL),(312,6,2,0,1262603427,0,0,1,NULL,110,110,10,'2022-03-08 11:48:40',0,0,'2022-03-08 11:48:40',1358,NULL,NULL,NULL,NULL,NULL),(313,6,2,0,1262603427,0,0,1,NULL,117,1,10,'2022-03-08 14:11:47',0,0,'2022-03-08 14:11:47',1358,NULL,NULL,NULL,NULL,NULL),(314,6,2,0,1262603427,0,0,1,NULL,113,1,10,'2022-03-08 14:13:09',0,0,'2022-03-08 14:13:09',1358,NULL,NULL,NULL,NULL,NULL),(315,6,2,0,1262603427,0,0,1,NULL,115,1,10,'2022-03-08 14:13:51',0,0,'2022-03-08 14:13:51',1358,NULL,NULL,NULL,NULL,NULL),(316,6,2,0,1262603427,0,0,1,NULL,113,1,10,'2022-03-08 14:17:06',0,0,'2022-03-08 14:17:06',1358,NULL,NULL,NULL,NULL,NULL),(317,6,2,0,1262603427,0,0,1,NULL,113,1,10,'2022-03-08 14:21:28',0,0,'2022-03-08 14:21:28',1358,NULL,NULL,NULL,NULL,NULL),(318,6,2,0,1262603427,0,0,2,22,NULL,2,10,'2022-03-08 14:30:39',0,0,'2022-03-08 14:30:39',1358,NULL,NULL,NULL,NULL,NULL),(319,6,2,0,1262603427,0,0,NULL,NULL,NULL,NULL,10,'2022-03-08 14:31:10',0,0,'2022-03-08 14:31:10',1358,NULL,NULL,NULL,NULL,NULL),(320,6,2,0,1262603427,0,0,3,9,NULL,3,10,'2022-03-08 14:31:28',0,0,'2022-03-08 14:31:28',1358,NULL,NULL,NULL,NULL,NULL),(321,6,2,0,1262603427,0,0,3,9,NULL,3,10,'2022-03-08 14:31:58',0,0,'2022-03-08 14:31:58',1358,NULL,NULL,NULL,NULL,NULL),(322,6,2,0,1262603427,0,0,2,23,NULL,2,10,'2022-03-08 14:38:05',0,0,'2022-03-08 14:38:05',1358,NULL,NULL,NULL,NULL,NULL),(323,6,2,0,1262603427,0,0,4,14,NULL,4,10,'2022-03-08 14:38:12',0,0,'2022-03-08 14:38:12',1358,NULL,NULL,NULL,NULL,NULL),(324,6,2,0,1262603427,0,0,5,28,NULL,28,10,'2022-03-08 14:38:20',0,0,'2022-03-08 14:38:20',1358,NULL,NULL,NULL,NULL,NULL),(325,6,2,0,1262603427,0,0,1,NULL,108,1,10,'2022-03-11 18:31:43',0,0,'2022-03-11 18:31:43',1358,NULL,NULL,NULL,NULL,NULL),(326,6,2,0,1262603427,0,0,3,9,NULL,9,10,'2022-03-11 18:43:35',0,0,'2022-03-11 18:43:35',1358,NULL,NULL,NULL,NULL,NULL),(327,6,2,0,1262603427,0,0,1,NULL,108,1,10,'2022-03-11 23:50:14',0,0,'2022-03-11 23:50:14',1358,NULL,NULL,NULL,NULL,NULL),(328,6,2,0,1262603427,0,0,3,9,NULL,9,10,'2022-03-11 23:50:27',0,0,'2022-03-11 23:50:27',1358,NULL,NULL,NULL,NULL,NULL),(329,6,2,0,1262603427,0,0,2,22,NULL,22,10,'2022-03-11 23:51:05',0,0,'2022-03-11 23:51:05',1358,NULL,NULL,NULL,NULL,NULL),(330,6,2,0,1262603427,0,0,1,NULL,117,117,10,'2022-03-11 23:53:08',0,0,'2022-03-11 23:53:08',1358,NULL,NULL,NULL,NULL,NULL),(331,6,2,0,5074995601,0,0,1,NULL,113,1,10,'2022-03-12 02:39:49',0,0,'2022-03-12 02:39:49',1794,NULL,NULL,NULL,NULL,NULL),(332,6,2,0,5074995601,0,0,1,NULL,113,113,10,'2022-03-12 02:41:15',0,0,'2022-03-12 02:41:15',1794,NULL,NULL,NULL,NULL,NULL),(333,6,2,0,5074995601,0,0,1,NULL,113,113,10,'2022-03-12 02:43:32',0,0,'2022-03-12 02:43:32',1794,NULL,NULL,NULL,NULL,NULL),(334,2,6,0,5074995601,0,0,NULL,NULL,NULL,NULL,10,'2022-03-12 02:44:54',0,0,'2022-03-12 02:44:54',1794,NULL,NULL,NULL,NULL,NULL),(335,6,2,0,5074995601,0,0,1,NULL,NULL,1,10,'2022-03-12 02:45:16',0,0,'2022-03-12 02:45:16',1794,NULL,NULL,NULL,NULL,NULL),(336,6,2,0,5074995601,0,0,1,NULL,NULL,1,10,'2022-03-12 02:45:20',0,0,'2022-03-12 02:45:20',1794,NULL,NULL,NULL,NULL,NULL),(337,6,2,0,5074995601,0,0,4,NULL,NULL,4,10,'2022-03-12 02:45:58',0,0,'2022-03-12 02:45:58',1794,NULL,NULL,NULL,NULL,NULL),(338,6,2,0,5074995601,0,0,4,NULL,NULL,4,10,'2022-03-12 02:46:08',0,0,'2022-03-12 02:46:08',1794,NULL,NULL,NULL,NULL,NULL),(339,6,2,0,5074995601,0,0,1,NULL,NULL,1,10,'2022-03-12 02:51:29',0,0,'2022-03-12 02:51:29',1794,NULL,NULL,NULL,NULL,NULL),(340,6,2,0,5074995601,0,0,2,NULL,NULL,2,10,'2022-03-12 02:51:31',0,0,'2022-03-12 02:51:31',1794,NULL,NULL,NULL,NULL,NULL),(341,6,2,0,5074995601,0,0,3,NULL,NULL,3,10,'2022-03-12 02:51:33',0,0,'2022-03-12 02:51:33',1794,NULL,NULL,NULL,NULL,NULL),(342,6,2,0,5074995601,0,0,4,17,NULL,17,10,'2022-03-12 02:52:38',0,0,'2022-03-12 02:52:38',1794,NULL,NULL,NULL,NULL,NULL),(343,6,2,0,5074995601,0,0,3,9,NULL,9,10,'2022-03-12 02:52:47',0,0,'2022-03-12 02:52:47',1794,NULL,NULL,NULL,NULL,NULL),(344,6,2,0,5074995601,0,0,1,NULL,NULL,1,10,'2022-03-12 02:52:55',0,0,'2022-03-12 02:52:55',1794,NULL,NULL,NULL,NULL,NULL),(345,6,2,0,5074995601,0,0,3,9,NULL,9,10,'2022-03-12 02:56:17',0,0,'2022-03-12 02:56:17',1794,NULL,NULL,NULL,NULL,NULL),(346,6,2,0,5074995601,0,0,3,12,NULL,12,10,'2022-03-12 02:57:50',0,0,'2022-03-12 02:57:50',1794,NULL,NULL,NULL,NULL,NULL),(347,6,2,0,5074995601,0,0,1,NULL,NULL,1,10,'2022-03-12 02:58:15',0,0,'2022-03-12 02:58:15',1794,NULL,NULL,NULL,NULL,NULL),(348,6,2,0,5074995601,0,0,8,NULL,NULL,8,10,'2022-03-12 03:15:58',0,0,'2022-03-12 03:15:58',1794,NULL,NULL,NULL,NULL,NULL),(349,6,2,0,5074995601,0,0,6,NULL,NULL,6,10,'2022-03-12 03:16:02',0,0,'2022-03-12 03:16:02',1794,NULL,NULL,NULL,NULL,NULL),(350,6,2,0,5074995601,0,0,8,NULL,NULL,8,10,'2022-03-12 03:16:05',0,0,'2022-03-12 03:16:05',1794,NULL,NULL,NULL,NULL,NULL),(351,6,2,0,5074995601,0,0,5,NULL,NULL,5,10,'2022-03-12 03:16:08',0,0,'2022-03-12 03:16:08',1794,NULL,NULL,NULL,NULL,NULL),(352,6,2,0,5074995601,0,0,2,23,NULL,23,10,'2022-03-12 03:16:16',0,0,'2022-03-12 03:16:16',1794,NULL,NULL,NULL,NULL,NULL),(353,6,2,0,5074995601,0,0,NULL,NULL,NULL,NULL,10,'2022-03-12 03:16:31',0,0,'2022-03-12 03:16:31',1794,NULL,NULL,NULL,NULL,NULL),(354,6,12,0,5074995601,0,0,NULL,NULL,NULL,NULL,10,'2022-03-12 03:16:44',0,0,'2022-03-12 03:16:44',1794,NULL,NULL,NULL,NULL,NULL),(355,6,13,0,5074995601,0,0,408,NULL,NULL,408,10,'2022-03-12 03:25:43',0,0,'2022-03-12 03:25:43',1794,NULL,NULL,NULL,NULL,NULL),(356,6,13,0,5074995601,0,0,407,NULL,NULL,407,10,'2022-03-12 03:25:49',0,0,'2022-03-12 03:25:49',1794,NULL,NULL,NULL,NULL,NULL),(357,6,13,0,5074995601,0,0,NULL,NULL,NULL,NULL,10,'2022-03-12 03:25:54',0,0,'2022-03-12 03:25:54',1794,NULL,NULL,NULL,NULL,NULL),(358,6,13,0,5074995601,0,0,405,412,NULL,412,10,'2022-03-12 03:26:03',0,0,'2022-03-12 03:26:03',1794,NULL,NULL,NULL,NULL,NULL),(359,6,13,0,5074995601,0,0,NULL,NULL,NULL,NULL,10,'2022-03-12 03:26:42',0,0,'2022-03-12 03:26:42',1794,NULL,NULL,NULL,NULL,NULL),(360,6,2,0,5074995601,0,0,NULL,NULL,NULL,NULL,10,'2022-03-12 03:26:44',0,0,'2022-03-12 03:26:44',1794,NULL,NULL,NULL,NULL,NULL),(361,6,12,0,5074995601,0,0,364,NULL,NULL,364,10,'2022-03-12 03:26:47',0,0,'2022-03-12 03:26:47',1794,NULL,NULL,NULL,NULL,NULL),(362,6,12,0,5074995601,0,0,334,NULL,NULL,334,10,'2022-03-12 03:26:54',0,0,'2022-03-12 03:26:54',1794,NULL,NULL,NULL,NULL,NULL),(363,6,12,0,5074995601,0,0,388,390,NULL,390,10,'2022-03-12 03:26:59',0,0,'2022-03-12 03:26:59',1794,NULL,NULL,NULL,NULL,NULL),(364,6,12,0,5074995601,0,0,NULL,NULL,NULL,NULL,10,'2022-03-12 03:27:05',0,0,'2022-03-12 03:27:05',1794,NULL,NULL,NULL,NULL,NULL),(365,6,2,0,5074995601,0,0,6,NULL,NULL,6,10,'2022-03-12 03:27:08',0,0,'2022-03-12 03:27:08',1794,NULL,NULL,NULL,NULL,NULL),(366,6,2,0,5074995601,0,0,NULL,NULL,NULL,NULL,10,'2022-03-12 03:27:14',0,0,'2022-03-12 03:27:14',1794,NULL,NULL,NULL,NULL,NULL),(367,6,12,0,5074995601,0,0,334,NULL,NULL,334,10,'2022-03-12 03:27:32',0,0,'2022-03-12 03:27:32',1794,NULL,NULL,NULL,NULL,NULL),(368,6,12,0,5074995601,0,0,334,335,NULL,335,10,'2022-03-12 03:28:45',0,0,'2022-03-12 03:28:45',1794,NULL,NULL,NULL,NULL,NULL),(369,6,12,0,5074995601,0,0,NULL,NULL,NULL,NULL,10,'2022-03-12 03:28:53',0,0,'2022-03-12 03:28:53',1794,NULL,NULL,NULL,NULL,NULL),(370,6,2,0,5074995601,0,0,1,NULL,NULL,1,10,'2022-03-12 03:29:01',0,0,'2022-03-12 03:29:01',1794,NULL,NULL,NULL,NULL,NULL),(371,6,2,0,5074995601,0,0,3,9,NULL,9,10,'2022-03-12 03:29:20',0,0,'2022-03-12 03:29:20',1794,NULL,NULL,NULL,NULL,NULL),(372,6,2,3,1262603427,0,0,1,NULL,NULL,1,10,'2022-03-12 05:51:30',0,0,'2022-03-12 05:51:30',1358,NULL,NULL,NULL,NULL,NULL),(373,6,2,0,1262603427,0,0,NULL,NULL,NULL,NULL,10,'2022-03-12 05:52:14',0,0,'2022-03-12 05:52:14',1358,NULL,NULL,NULL,NULL,NULL),(374,6,2,3,1262603427,0,0,1,NULL,NULL,1,10,'2022-03-12 06:27:50',0,0,'2022-03-12 06:27:50',1358,NULL,NULL,NULL,NULL,NULL),(375,6,2,2,1262603427,0,0,1,NULL,NULL,1,10,'2022-03-12 06:28:18',0,0,'2022-03-12 06:28:18',1358,NULL,NULL,NULL,NULL,NULL),(376,6,2,0,1262603427,0,0,3,9,NULL,9,10,'2022-03-12 06:28:44',0,0,'2022-03-12 06:28:44',1358,NULL,NULL,NULL,NULL,NULL),(378,6,2,0,1262603427,0,0,1,NULL,NULL,1,10,'2022-03-12 22:23:06',0,0,'2022-03-12 22:23:06',1358,NULL,NULL,NULL,NULL,NULL),(379,14,20,0,1262603427,0,0,NULL,NULL,NULL,NULL,10,'2022-03-12 22:23:20',0,0,'2022-03-12 22:23:20',1358,NULL,NULL,NULL,NULL,NULL),(380,6,12,0,1262603427,0,0,334,335,NULL,335,10,'2022-03-12 22:23:27',0,0,'2022-03-12 22:23:27',1358,NULL,NULL,NULL,NULL,NULL),(381,6,12,0,1262603427,0,0,NULL,NULL,NULL,NULL,10,'2022-03-12 22:23:39',0,0,'2022-03-12 22:23:39',1358,NULL,NULL,NULL,NULL,NULL),(382,6,12,12,1262603427,0,0,334,338,NULL,338,10,'2022-03-12 22:23:44',0,0,'2022-03-12 22:23:44',1358,NULL,NULL,NULL,NULL,NULL),(383,14,20,0,1262603427,0,0,NULL,NULL,NULL,NULL,10,'2022-03-15 19:36:44',0,0,'2022-03-15 19:36:44',1358,NULL,NULL,NULL,NULL,NULL),(384,6,2,0,1262603427,0,0,1,NULL,NULL,1,10,'2022-03-16 22:14:12',0,0,'2022-03-16 22:14:12',1358,NULL,NULL,NULL,NULL,NULL),(385,6,2,0,1262603427,0,0,1,NULL,NULL,1,10,'2022-03-17 00:21:28',0,0,'2022-03-17 00:21:28',1358,NULL,NULL,NULL,NULL,NULL),(386,6,2,0,1262603427,0,0,2,NULL,NULL,2,10,'2022-03-20 21:54:08',0,0,'2022-03-20 21:54:08',1358,NULL,NULL,NULL,NULL,NULL),(387,6,2,0,1262603427,0,0,1,NULL,NULL,1,10,'2022-03-20 21:54:13',0,0,'2022-03-20 21:54:13',1358,NULL,NULL,NULL,NULL,NULL),(388,6,2,0,1262603427,0,0,4,16,NULL,16,10,'2022-03-20 21:54:26',0,0,'2022-03-20 21:54:26',1358,NULL,NULL,NULL,NULL,NULL),(389,6,2,0,1262603427,0,0,4,14,NULL,14,10,'2022-03-20 21:54:37',0,0,'2022-03-20 21:54:37',1358,NULL,NULL,NULL,NULL,NULL),(390,6,2,0,1262603427,0,0,5,29,NULL,29,10,'2022-03-20 21:54:49',0,0,'2022-03-20 21:54:49',1358,NULL,NULL,NULL,NULL,NULL),(391,6,2,0,1262603427,0,0,1,NULL,NULL,1,10,'2022-03-30 15:38:43',0,0,'2022-03-30 15:38:43',1358,NULL,NULL,NULL,NULL,NULL),(392,6,2,0,1262603427,0,0,1,NULL,NULL,1,10,'2022-03-30 15:51:23',0,0,'2022-03-30 15:51:23',1358,NULL,NULL,NULL,NULL,NULL),(393,6,2,0,1262603427,0,0,1,NULL,NULL,1,10,'2022-03-30 15:51:51',0,0,'2022-03-30 15:51:51',1358,NULL,NULL,NULL,NULL,NULL),(394,6,2,0,5074995601,0,0,1,NULL,NULL,1,10,'2022-03-30 15:54:15',0,0,'2022-03-30 15:54:15',1794,NULL,NULL,NULL,NULL,NULL),(395,6,2,0,1262603427,0,0,1,NULL,NULL,1,10,'2022-03-30 15:56:35',0,0,'2022-03-30 15:56:35',1358,NULL,NULL,NULL,NULL,NULL),(396,6,2,0,1262603427,0,0,1,NULL,NULL,1,10,'2022-03-30 15:56:58',0,0,'2022-03-30 15:56:58',1358,NULL,NULL,NULL,NULL,NULL),(397,6,2,0,5074995601,0,0,1,NULL,NULL,1,10,'2022-03-30 15:58:06',0,0,'2022-03-30 15:58:06',1794,NULL,NULL,NULL,NULL,NULL),(398,6,2,0,1262603427,0,0,1,NULL,NULL,1,10,'2022-03-30 15:58:34',0,0,'2022-03-30 15:58:34',1358,NULL,NULL,NULL,NULL,NULL),(399,6,2,0,1262603427,0,0,1,NULL,NULL,1,10,'2022-03-30 15:58:59',0,0,'2022-03-30 15:58:59',1358,NULL,NULL,NULL,NULL,NULL),(400,6,2,0,1262603427,0,0,4,14,NULL,14,10,'2022-03-30 16:00:55',0,0,'2022-03-30 16:00:55',1358,NULL,NULL,NULL,NULL,NULL),(401,6,2,0,1262603427,0,0,1,NULL,NULL,1,10,'2022-03-30 16:01:05',0,0,'2022-03-30 16:01:05',1358,NULL,NULL,NULL,NULL,NULL),(402,6,2,0,1262603427,0,0,1,NULL,NULL,1,10,'2022-03-30 16:01:45',0,0,'2022-03-30 16:01:45',1358,NULL,NULL,NULL,NULL,NULL),(403,6,2,0,5074995601,0,0,1,NULL,NULL,1,10,'2022-03-30 16:02:06',0,0,'2022-03-30 16:02:06',1358,NULL,NULL,NULL,NULL,NULL),(404,6,2,0,5074995601,0,0,NULL,NULL,NULL,NULL,10,'2022-03-30 16:02:48',0,0,'2022-03-30 16:02:48',1358,NULL,NULL,NULL,NULL,NULL),(405,6,2,0,5074995601,0,0,1,NULL,NULL,1,10,NULL,0,0,'2022-04-21 01:32:52',1358,NULL,NULL,NULL,NULL,NULL),(406,6,2,0,5074995601,0,0,2,NULL,NULL,2,10,NULL,0,0,'2022-04-21 02:31:19',1358,NULL,NULL,NULL,NULL,NULL),(407,6,2,0,5074995601,0,0,6,NULL,NULL,6,10,NULL,0,0,'2022-04-21 02:31:27',1358,NULL,NULL,NULL,NULL,NULL),(408,6,2,0,5074995601,0,0,NULL,NULL,NULL,NULL,10,NULL,0,0,'2022-04-21 02:31:39',1358,NULL,NULL,NULL,NULL,NULL),(409,6,2,0,5074995601,0,0,1,NULL,NULL,1,10,NULL,0,0,'2022-04-21 03:06:42',1358,NULL,NULL,NULL,NULL,NULL),(410,6,2,0,1179238926,0,0,NULL,NULL,NULL,NULL,10,NULL,0,0,'2022-04-30 19:58:12',1634,NULL,NULL,NULL,NULL,NULL),(411,6,2,0,1262603427,0,0,1,NULL,NULL,1,10,NULL,0,0,'2022-05-04 23:22:13',1358,NULL,NULL,NULL,NULL,NULL),(412,14,20,0,1262603427,0,0,1231,NULL,NULL,1231,10,NULL,0,0,'2022-05-07 19:55:26',1358,NULL,NULL,NULL,NULL,NULL),(413,14,20,0,1262603427,0,0,NULL,NULL,NULL,NULL,10,NULL,0,0,'2022-05-07 19:55:33',1358,NULL,NULL,NULL,NULL,NULL),(414,6,2,0,1262603427,0,0,NULL,NULL,NULL,NULL,10,NULL,0,0,'2022-05-09 15:27:43',1358,NULL,NULL,NULL,NULL,NULL),(415,6,17,0,1262603427,0,0,NULL,NULL,NULL,NULL,10,NULL,0,0,'2022-05-09 15:27:47',1358,NULL,NULL,NULL,NULL,NULL),(416,6,19,0,1262603427,0,0,837,842,NULL,842,10,NULL,0,0,'2022-05-09 15:27:50',1358,NULL,NULL,NULL,NULL,NULL),(417,14,20,0,5189463903,0,0,1232,NULL,NULL,1232,10,NULL,0,0,'2022-05-10 14:55:23',1672,NULL,NULL,NULL,NULL,NULL),(418,14,20,0,5189463903,0,0,1231,NULL,NULL,1231,10,NULL,0,0,'2022-05-11 01:04:49',1672,NULL,NULL,NULL,NULL,NULL),(419,14,21,0,5189463903,0,0,1234,NULL,NULL,1234,10,NULL,0,0,'2022-05-12 23:27:37',1672,NULL,NULL,NULL,NULL,NULL),(420,14,21,0,5189463903,0,0,NULL,NULL,NULL,NULL,10,NULL,0,0,'2022-05-12 23:28:01',1672,NULL,NULL,NULL,NULL,NULL),(421,14,20,0,5189463903,0,0,NULL,NULL,NULL,NULL,10,NULL,0,0,'2022-05-12 23:28:32',1672,NULL,NULL,NULL,NULL,NULL),(422,14,20,0,5189463903,0,0,1231,NULL,NULL,1231,10,NULL,0,0,'2022-05-12 23:31:21',1672,NULL,NULL,NULL,NULL,NULL),(423,14,20,0,5189463903,0,0,NULL,NULL,NULL,NULL,10,NULL,0,0,'2022-05-12 23:31:54',1672,NULL,NULL,NULL,NULL,NULL),(424,14,20,0,5189463903,0,0,1231,NULL,NULL,1231,10,NULL,0,0,'2022-05-12 23:31:58',1672,NULL,NULL,NULL,NULL,NULL),(425,14,20,0,5189463903,0,0,1231,NULL,NULL,1231,10,NULL,0,0,'2022-05-12 23:32:13',1672,NULL,NULL,NULL,NULL,NULL),(426,14,20,0,5189463903,0,0,NULL,NULL,NULL,NULL,10,NULL,0,0,'2022-05-12 23:32:40',1672,NULL,NULL,NULL,NULL,NULL),(427,14,20,0,5189463903,0,0,NULL,NULL,NULL,NULL,10,NULL,0,0,'2022-05-12 23:33:23',1672,NULL,'up',1,16,'numeric'),(428,14,20,0,5189463903,0,0,NULL,NULL,NULL,NULL,10,NULL,0,0,'2022-05-12 23:36:08',1672,NULL,NULL,NULL,NULL,NULL),(429,14,20,0,5189463903,0,0,1278,NULL,NULL,NULL,10,NULL,0,0,'2022-05-12 23:37:05',1672,NULL,'up',4,30,'alpha'),(430,14,20,0,5189463903,0,0,NULL,NULL,NULL,NULL,10,NULL,0,0,'2022-05-12 23:43:24',1672,NULL,'up',1,17,'alpha'),(431,14,20,0,1262603427,0,0,1237,NULL,NULL,NULL,10,NULL,0,0,'2022-05-12 23:51:32',1358,NULL,'up',1,9,'alpha'),(432,14,20,0,1262603427,0,0,1277,NULL,NULL,NULL,10,NULL,0,0,'2022-05-12 23:51:56',1358,NULL,'up',4,29,'numeric'),(434,14,21,0,1262603427,0,0,NULL,NULL,NULL,NULL,10,NULL,0,0,'2022-05-13 00:05:23',1358,NULL,NULL,NULL,NULL,NULL),(436,14,21,0,1262603427,0,0,NULL,NULL,NULL,NULL,10,NULL,0,0,'2022-05-13 00:07:40',1358,NULL,NULL,NULL,NULL,NULL),(437,14,20,0,5074995601,0,0,NULL,NULL,NULL,NULL,10,NULL,0,0,'2022-05-13 00:08:28',1358,NULL,'down',7,NULL,NULL),(439,14,21,0,1262603427,0,0,NULL,NULL,NULL,NULL,10,NULL,0,0,'2022-05-13 00:08:40',1358,NULL,'shoes',NULL,NULL,NULL),(440,14,21,0,5074995601,0,0,NULL,NULL,NULL,NULL,10,NULL,0,0,'2022-05-13 00:09:18',1358,NULL,'up',NULL,69,'numeric'),(443,14,20,0,1262603427,0,0,NULL,NULL,NULL,NULL,10,NULL,0,0,'2022-05-13 00:10:16',1358,NULL,'shoes',NULL,39,'eu'),(444,14,20,0,1262603427,0,0,NULL,NULL,NULL,NULL,10,NULL,0,0,'2022-05-13 00:11:01',1358,NULL,'up',1,9,'numeric'),(445,14,20,0,1262603427,0,0,NULL,NULL,NULL,NULL,10,NULL,0,0,'2022-05-13 00:18:27',1358,NULL,'down',7,NULL,'alpha'),(447,14,20,0,1262603427,0,0,NULL,NULL,NULL,NULL,10,NULL,0,0,'2022-05-13 00:18:56',1358,NULL,'up',1,13,'numeric'),(455,6,17,0,1262603427,0,0,NULL,NULL,NULL,NULL,10,NULL,0,0,'2022-05-13 00:32:18',1358,NULL,NULL,NULL,NULL,NULL),(456,6,16,0,1262603427,0,0,NULL,NULL,NULL,NULL,10,NULL,0,0,'2022-05-13 00:32:24',1358,NULL,NULL,NULL,NULL,NULL),(457,6,18,0,1262603427,0,0,NULL,NULL,NULL,NULL,10,NULL,0,0,'2022-05-13 00:32:26',1358,NULL,NULL,NULL,NULL,NULL),(458,6,19,0,1262603427,0,0,838,NULL,NULL,838,10,NULL,0,0,'2022-05-13 00:32:29',1358,NULL,NULL,NULL,NULL,NULL),(459,6,19,0,1262603427,0,0,841,NULL,NULL,841,10,NULL,0,0,'2022-05-13 00:32:37',1358,NULL,NULL,NULL,NULL,NULL),(460,6,19,0,1262603427,0,0,837,NULL,NULL,837,10,NULL,0,0,'2022-05-13 00:32:43',1358,NULL,NULL,NULL,NULL,NULL),(461,6,18,0,1262603427,0,0,833,NULL,NULL,833,10,NULL,0,0,'2022-05-13 00:32:49',1358,NULL,NULL,NULL,NULL,NULL),(462,6,18,0,1262603427,0,0,NULL,NULL,NULL,NULL,10,NULL,0,0,'2022-05-13 00:32:52',1358,NULL,NULL,NULL,NULL,NULL),(463,6,15,0,1262603427,0,0,NULL,NULL,NULL,NULL,10,NULL,0,0,'2022-05-13 00:32:56',1358,NULL,NULL,NULL,NULL,NULL),(465,14,21,0,1262603427,0,0,1468,NULL,NULL,NULL,10,NULL,0,0,'2022-05-13 00:34:26',1358,NULL,'down',NULL,82,'numeric'),(466,6,17,0,1262603427,0,0,NULL,NULL,NULL,NULL,10,NULL,0,0,'2022-05-13 00:35:57',1358,NULL,NULL,NULL,NULL,NULL),(471,14,20,0,5074995601,0,0,NULL,NULL,NULL,NULL,10,NULL,0,0,'2022-05-13 00:43:57',1358,NULL,'up',NULL,NULL,NULL),(472,14,20,0,5074995601,0,0,NULL,NULL,NULL,NULL,10,NULL,0,0,'2022-05-13 00:45:10',1358,NULL,'up',NULL,NULL,NULL),(473,14,21,0,5074995601,0,0,NULL,NULL,NULL,NULL,10,NULL,0,0,'2022-05-13 00:48:19',1358,NULL,'up',NULL,NULL,NULL),(475,6,18,0,1262603427,0,0,836,NULL,NULL,836,10,NULL,0,0,'2022-05-13 19:27:42',1358,NULL,NULL,NULL,NULL,NULL),(476,6,16,0,1262603427,0,0,NULL,NULL,NULL,NULL,10,NULL,0,0,'2022-05-13 19:27:52',1358,NULL,NULL,NULL,NULL,NULL),(477,6,16,0,1262603427,0,0,NULL,NULL,NULL,NULL,10,NULL,0,0,'2022-05-13 20:12:53',1358,NULL,NULL,NULL,NULL,NULL),(478,6,13,0,5074995601,0,0,408,NULL,NULL,408,10,NULL,0,0,'2022-05-14 16:51:56',1358,NULL,NULL,NULL,NULL,NULL),(479,6,13,0,5074995601,0,0,405,NULL,NULL,405,10,NULL,0,0,'2022-05-14 16:52:14',1358,NULL,NULL,NULL,NULL,NULL),(480,6,16,0,5074995601,0,0,NULL,NULL,NULL,NULL,10,NULL,0,0,'2022-05-14 16:52:40',1358,NULL,NULL,NULL,NULL,NULL),(481,6,16,0,5074995601,0,0,1568,1571,NULL,1571,10,NULL,0,0,'2022-05-14 17:05:14',1358,NULL,NULL,NULL,NULL,NULL),(482,6,16,0,5074995601,0,0,1568,1575,NULL,1575,10,NULL,0,0,'2022-05-14 17:08:32',1358,NULL,NULL,NULL,NULL,NULL),(483,6,16,0,5074995601,0,0,1568,NULL,NULL,1568,10,NULL,0,0,'2022-05-14 17:08:46',1358,NULL,NULL,NULL,NULL,NULL),(484,6,16,0,5074995601,0,0,NULL,NULL,NULL,NULL,10,NULL,0,0,'2022-05-14 17:12:50',1358,NULL,NULL,NULL,NULL,NULL),(485,6,16,0,1262603427,0,0,1628,NULL,NULL,1628,10,NULL,0,0,'2022-05-14 17:13:43',1358,NULL,NULL,NULL,NULL,NULL),(486,6,19,0,5074995601,0,0,838,1655,NULL,1655,10,NULL,0,0,'2022-05-14 17:44:36',1358,NULL,NULL,NULL,NULL,NULL),(487,6,19,0,5074995601,0,0,838,1657,NULL,1657,10,NULL,0,0,'2022-05-14 17:45:26',1358,NULL,NULL,NULL,NULL,NULL),(488,6,19,0,5074995601,0,0,838,1658,NULL,1658,10,NULL,0,0,'2022-05-14 17:45:53',1358,NULL,NULL,NULL,NULL,NULL),(489,6,19,0,5074995601,0,0,841,1710,NULL,1710,10,NULL,0,0,'2022-05-14 17:46:01',1358,NULL,NULL,NULL,NULL,NULL),(490,6,19,0,5074995601,0,0,837,842,NULL,842,10,NULL,0,0,'2022-05-14 17:46:12',1358,NULL,NULL,NULL,NULL,NULL),(491,6,19,0,5074995601,0,0,838,1657,NULL,1657,10,NULL,0,0,'2022-05-14 17:48:22',1358,NULL,NULL,NULL,NULL,NULL),(492,6,19,0,5074995601,0,0,837,842,NULL,842,10,NULL,0,0,'2022-05-14 17:48:29',1358,NULL,NULL,NULL,NULL,NULL),(493,6,2,0,1262603427,0,0,3,9,NULL,9,10,NULL,0,0,'2022-05-14 17:53:20',1358,NULL,NULL,NULL,NULL,NULL),(494,6,2,0,1262603427,0,0,3,10,NULL,10,10,NULL,0,0,'2022-05-14 17:54:08',1358,NULL,NULL,NULL,NULL,NULL),(495,6,2,0,1262603427,0,0,3,422,NULL,422,10,NULL,0,0,'2022-05-14 17:57:10',1358,NULL,NULL,NULL,NULL,NULL),(496,6,2,0,1262603427,0,0,2,NULL,NULL,2,10,NULL,0,0,'2022-05-14 17:57:33',1358,NULL,NULL,NULL,NULL,NULL),(497,6,13,0,1262603427,0,0,1716,NULL,NULL,1716,10,NULL,0,0,'2022-05-14 17:58:51',1358,NULL,NULL,NULL,NULL,NULL),(498,6,13,0,1262603427,0,0,1717,NULL,NULL,1717,10,NULL,0,0,'2022-05-14 17:59:19',1358,NULL,NULL,NULL,NULL,NULL),(499,6,13,0,1262603427,0,0,1717,NULL,NULL,1717,10,NULL,0,0,'2022-05-14 17:59:28',1358,NULL,NULL,NULL,NULL,NULL),(500,6,13,0,1262603427,0,0,1717,NULL,NULL,1717,10,NULL,0,0,'2022-05-14 17:59:32',1358,NULL,NULL,NULL,NULL,NULL),(501,6,13,0,5074995601,0,0,1717,NULL,NULL,1717,10,NULL,0,0,'2022-05-14 18:00:07',1358,NULL,NULL,NULL,NULL,NULL),(502,6,13,0,1262603427,0,0,NULL,NULL,NULL,NULL,10,NULL,0,0,'2022-05-14 18:03:30',1358,NULL,NULL,NULL,NULL,NULL),(503,6,19,0,1262603427,0,0,837,842,NULL,842,10,NULL,0,0,'2022-05-14 18:03:37',1358,NULL,NULL,NULL,NULL,NULL),(504,6,19,0,1262603427,0,0,838,1659,NULL,1659,10,NULL,0,0,'2022-05-14 18:04:07',1358,NULL,NULL,NULL,NULL,NULL),(505,6,19,0,1262603427,0,0,839,NULL,NULL,839,10,NULL,0,0,'2022-05-14 18:05:40',1358,NULL,NULL,NULL,NULL,NULL),(506,6,19,0,1262603427,0,0,839,1678,NULL,1678,10,NULL,0,0,'2022-05-14 18:05:49',1358,NULL,NULL,NULL,NULL,NULL),(507,6,19,0,1262603427,0,0,839,1679,NULL,1679,10,NULL,0,0,'2022-05-14 18:05:58',1358,NULL,NULL,NULL,NULL,NULL),(508,6,19,0,1262603427,0,0,840,1700,NULL,1700,10,NULL,0,0,'2022-05-14 18:07:13',1358,NULL,NULL,NULL,NULL,NULL),(509,6,19,0,1262603427,0,0,841,1710,NULL,1710,10,NULL,0,0,'2022-05-14 18:07:43',1358,NULL,NULL,NULL,NULL,NULL),(510,6,13,0,5074995601,0,0,NULL,NULL,NULL,NULL,10,NULL,0,0,'2022-05-14 18:08:26',1358,NULL,NULL,NULL,NULL,NULL),(511,6,19,0,5074995601,0,0,838,1659,NULL,1659,10,NULL,0,0,'2022-05-14 18:08:29',1358,NULL,NULL,NULL,NULL,NULL),(512,6,19,0,5074995601,0,0,838,1659,NULL,1659,10,NULL,0,0,'2022-05-14 18:09:14',1358,NULL,NULL,NULL,NULL,NULL),(513,6,19,0,1262603427,0,0,838,1659,NULL,1659,10,NULL,0,0,'2022-05-14 18:11:27',1358,NULL,NULL,NULL,NULL,NULL),(514,6,19,0,1262603427,0,0,837,842,NULL,842,10,NULL,0,0,'2022-05-14 18:12:31',1358,NULL,NULL,NULL,NULL,NULL),(515,6,19,0,1262603427,0,0,840,1700,NULL,1700,10,NULL,0,0,'2022-05-14 18:12:57',1358,NULL,NULL,NULL,NULL,NULL),(516,6,19,0,1262603427,0,0,837,842,NULL,842,10,NULL,0,0,'2022-05-14 18:13:45',1358,NULL,NULL,NULL,NULL,NULL),(517,6,19,0,1262603427,0,0,NULL,NULL,NULL,NULL,10,NULL,0,0,'2022-05-14 18:46:59',1358,NULL,NULL,NULL,NULL,NULL),(518,6,12,0,1262603427,0,0,334,335,NULL,335,10,NULL,0,0,'2022-05-14 18:47:45',1358,NULL,NULL,NULL,NULL,NULL),(519,6,16,0,1262603427,0,0,NULL,NULL,NULL,NULL,10,NULL,0,0,'2022-05-15 21:20:47',1358,NULL,NULL,NULL,NULL,NULL),(520,6,18,0,1262603427,0,0,828,NULL,NULL,828,10,NULL,0,0,'2022-05-15 21:20:51',1358,NULL,NULL,NULL,NULL,NULL),(521,6,18,0,1262603427,0,0,NULL,NULL,NULL,NULL,10,NULL,0,0,'2022-05-15 21:34:17',1358,NULL,NULL,NULL,NULL,NULL),(522,6,28,0,1262603427,0,0,NULL,NULL,NULL,NULL,10,NULL,0,0,'2022-05-15 21:34:21',1358,NULL,NULL,NULL,NULL,NULL),(523,6,13,0,1262603427,0,0,1717,NULL,NULL,1717,10,NULL,0,0,'2022-05-15 21:34:24',1358,NULL,NULL,NULL,NULL,NULL),(524,6,2,0,1262603427,0,0,NULL,NULL,NULL,NULL,10,NULL,0,0,'2022-05-15 21:59:07',1358,NULL,NULL,NULL,NULL,NULL),(525,6,13,0,1262603427,0,0,1717,NULL,NULL,1717,10,NULL,0,0,'2022-05-15 21:59:10',1358,NULL,NULL,NULL,NULL,NULL),(526,6,13,0,1262603427,0,0,1716,NULL,NULL,1716,10,NULL,0,0,'2022-05-15 21:59:19',1358,NULL,NULL,NULL,NULL,NULL),(527,6,13,0,1262603427,0,0,NULL,NULL,NULL,NULL,10,NULL,0,0,'2022-05-15 21:59:25',1358,NULL,NULL,NULL,NULL,NULL),(528,6,12,0,1262603427,0,0,NULL,NULL,NULL,NULL,10,NULL,0,0,'2022-05-15 21:59:28',1358,NULL,NULL,NULL,NULL,NULL),(529,6,16,0,1262603427,0,0,1568,NULL,NULL,1568,10,NULL,0,0,'2022-05-15 21:59:32',1358,NULL,NULL,NULL,NULL,NULL),(530,6,16,0,1262603427,0,0,1628,NULL,NULL,1628,10,NULL,0,0,'2022-05-15 21:59:38',1358,NULL,NULL,NULL,NULL,NULL),(531,6,28,0,5074995601,0,0,1727,NULL,NULL,1727,10,NULL,0,0,'2022-05-15 23:56:10',1358,NULL,NULL,NULL,NULL,NULL),(532,6,28,0,5074995601,0,0,1728,NULL,NULL,1728,10,NULL,0,0,'2022-05-15 23:56:17',1358,NULL,NULL,NULL,NULL,NULL),(533,6,12,0,5074995601,0,0,1758,NULL,NULL,1758,10,NULL,0,0,'2022-05-16 00:33:06',1358,NULL,NULL,NULL,NULL,NULL),(534,6,12,0,5074995601,0,0,1755,1759,NULL,1759,10,NULL,0,0,'2022-05-16 00:37:47',1358,NULL,NULL,NULL,NULL,NULL),(535,6,12,0,5074995601,0,0,334,335,NULL,335,10,NULL,0,0,'2022-05-16 00:39:30',1358,NULL,NULL,NULL,NULL,NULL),(536,6,12,0,5074995601,0,0,NULL,NULL,NULL,NULL,10,NULL,0,0,'2022-05-16 00:41:24',1358,NULL,NULL,NULL,NULL,NULL),(537,6,2,0,5074995601,0,0,3,9,NULL,9,10,NULL,0,0,'2022-05-16 00:41:32',1358,NULL,NULL,NULL,NULL,NULL),(538,6,2,0,5074995601,0,0,3,1772,NULL,1772,10,NULL,0,0,'2022-05-16 00:46:45',1358,NULL,NULL,NULL,NULL,NULL),(539,6,12,0,5074995601,0,0,388,389,NULL,389,10,NULL,0,0,'2022-05-16 00:50:33',1358,NULL,NULL,NULL,NULL,NULL),(540,6,12,0,1262603427,0,0,388,389,NULL,389,10,NULL,0,0,'2022-05-16 00:51:08',1358,NULL,NULL,NULL,NULL,NULL),(541,6,12,0,5074995601,0,0,NULL,NULL,NULL,NULL,10,NULL,0,0,'2022-05-16 00:51:40',1358,NULL,NULL,NULL,NULL,NULL),(542,6,2,0,5074995601,0,0,3,10,NULL,10,10,NULL,0,0,'2022-05-16 00:52:20',1358,NULL,NULL,NULL,NULL,NULL),(543,6,2,0,1262603427,0,0,NULL,NULL,NULL,NULL,10,NULL,0,0,'2022-05-16 00:52:30',1358,NULL,NULL,NULL,NULL,NULL),(544,6,13,0,1262603427,0,0,1716,1718,NULL,1718,10,NULL,0,0,'2022-05-16 00:52:33',1358,NULL,NULL,NULL,NULL,NULL),(545,6,13,0,1262603427,0,0,NULL,NULL,NULL,NULL,10,NULL,0,0,'2022-05-16 00:52:40',1358,NULL,NULL,NULL,NULL,NULL),(546,6,28,0,1262603427,0,0,NULL,NULL,NULL,NULL,10,NULL,0,0,'2022-05-16 00:52:45',1358,NULL,NULL,NULL,NULL,NULL),(547,6,18,0,1262603427,0,0,828,NULL,NULL,828,10,NULL,0,0,'2022-05-16 00:52:49',1358,NULL,NULL,NULL,NULL,NULL),(548,6,18,0,1262603427,0,0,835,NULL,NULL,835,10,NULL,0,0,'2022-05-16 00:52:56',1358,NULL,NULL,NULL,NULL,NULL),(549,6,18,0,1262603427,0,0,835,NULL,NULL,835,10,NULL,0,0,'2022-05-16 00:53:55',1358,NULL,NULL,NULL,NULL,NULL),(550,6,12,0,1262603427,0,0,334,335,NULL,335,10,NULL,0,0,'2022-05-16 00:58:49',1358,NULL,NULL,NULL,NULL,NULL),(551,6,12,0,1262603427,0,0,1755,1756,NULL,1756,10,NULL,0,0,'2022-05-16 00:58:57',1358,NULL,NULL,NULL,NULL,NULL),(552,6,12,0,1262603427,0,0,NULL,NULL,NULL,NULL,10,NULL,0,0,'2022-05-16 00:59:04',1358,NULL,NULL,NULL,NULL,NULL),(553,6,2,0,1262603427,0,0,3,13,NULL,13,10,NULL,0,0,'2022-05-16 00:59:07',1358,NULL,NULL,NULL,NULL,NULL),(554,6,2,0,1262603427,0,0,NULL,NULL,NULL,NULL,10,NULL,0,0,'2022-05-16 00:59:14',1358,NULL,NULL,NULL,NULL,NULL),(555,6,13,0,1262603427,0,0,1716,1718,NULL,1718,10,NULL,0,0,'2022-05-16 00:59:18',1358,NULL,NULL,NULL,NULL,NULL),(556,6,13,0,1262603427,0,0,1717,NULL,NULL,1717,10,NULL,0,0,'2022-05-16 00:59:25',1358,NULL,NULL,NULL,NULL,NULL),(557,6,13,0,1262603427,0,0,NULL,NULL,NULL,NULL,10,NULL,0,0,'2022-05-16 00:59:34',1358,NULL,NULL,NULL,NULL,NULL),(558,6,17,0,1262603427,0,0,NULL,NULL,NULL,NULL,10,NULL,0,0,'2022-05-16 00:59:37',1358,NULL,NULL,NULL,NULL,NULL),(559,6,19,0,1262603427,0,0,837,843,NULL,843,10,NULL,0,0,'2022-05-16 00:59:39',1358,NULL,NULL,NULL,NULL,NULL),(560,6,19,0,1262603427,0,0,839,1678,NULL,1678,10,NULL,0,0,'2022-05-16 00:59:46',1358,NULL,NULL,NULL,NULL,NULL),(561,6,19,0,1262603427,0,0,NULL,NULL,NULL,NULL,10,NULL,0,0,'2022-05-16 01:01:36',1358,NULL,NULL,NULL,NULL,NULL),(562,6,28,0,1262603427,0,0,1728,NULL,NULL,1728,10,NULL,0,0,'2022-05-16 01:01:40',1358,NULL,NULL,NULL,NULL,NULL),(563,6,2,0,5074995601,0,0,8,1848,NULL,1848,10,NULL,0,0,'2022-05-16 01:24:56',1358,NULL,NULL,NULL,NULL,NULL),(564,6,2,0,5074995601,0,0,5,NULL,NULL,5,10,NULL,0,0,'2022-05-16 01:25:04',1358,NULL,NULL,NULL,NULL,NULL),(565,6,2,0,5074995601,0,0,4,14,NULL,14,10,NULL,0,0,'2022-05-16 11:34:50',1358,NULL,NULL,NULL,NULL,NULL),(566,6,18,0,1262603427,0,0,NULL,NULL,NULL,NULL,10,NULL,0,0,'2022-05-17 12:08:49',1358,NULL,NULL,NULL,NULL,NULL),(567,6,19,0,1262603427,0,0,838,1657,NULL,1657,10,NULL,0,0,'2022-05-17 12:08:53',1358,NULL,NULL,NULL,NULL,NULL),(568,6,19,0,1262603427,0,0,NULL,NULL,NULL,NULL,10,NULL,0,0,'2022-05-17 14:46:17',1358,NULL,NULL,NULL,NULL,NULL),(569,6,17,0,1262603427,0,0,NULL,NULL,NULL,NULL,10,NULL,0,0,'2022-05-17 14:48:47',1358,NULL,NULL,NULL,NULL,NULL),(570,6,18,0,1262603427,0,0,NULL,NULL,NULL,NULL,10,NULL,0,0,'2022-05-17 14:48:49',1358,NULL,NULL,NULL,NULL,NULL),(571,6,19,0,1262603427,0,0,837,842,NULL,842,10,NULL,0,0,'2022-05-17 14:48:52',1358,NULL,NULL,NULL,NULL,NULL),(572,6,18,0,1262603427,0,0,833,NULL,NULL,833,10,NULL,0,0,'2022-05-17 14:49:02',1358,NULL,NULL,NULL,NULL,NULL),(573,6,19,0,5074995601,0,0,838,1659,NULL,1659,10,NULL,0,0,'2022-05-17 17:05:21',1358,NULL,NULL,NULL,NULL,NULL),(574,6,19,0,5074995601,0,0,838,1659,NULL,1659,10,NULL,0,0,'2022-05-17 17:06:04',1358,NULL,NULL,NULL,NULL,NULL),(575,6,19,0,1262603427,0,0,838,1657,NULL,1657,10,NULL,0,0,'2022-05-17 17:07:51',1358,NULL,NULL,NULL,NULL,NULL),(576,6,2,0,1262603427,0,0,1,NULL,NULL,1,10,NULL,0,0,'2022-05-17 18:19:42',1358,NULL,NULL,NULL,NULL,NULL),(577,6,2,0,1262603427,0,0,2,1843,NULL,1843,10,NULL,0,0,'2022-05-17 18:21:23',1358,NULL,NULL,NULL,NULL,NULL),(578,6,2,0,1262603427,0,0,2,1835,NULL,1835,10,NULL,0,0,'2022-05-17 18:21:51',1358,NULL,NULL,NULL,NULL,NULL),(579,6,2,0,1262603427,0,0,2,1831,NULL,1831,10,NULL,0,0,'2022-05-17 18:22:02',1358,NULL,NULL,NULL,NULL,NULL),(580,6,2,0,1262603427,0,0,3,10,NULL,10,10,NULL,0,0,'2022-05-17 18:23:03',1358,NULL,NULL,NULL,NULL,NULL),(581,6,2,0,1262603427,0,0,1,NULL,NULL,1,10,NULL,0,0,'2022-05-17 18:25:59',1358,NULL,NULL,NULL,NULL,NULL),(582,6,2,0,1262603427,0,0,4,14,NULL,14,10,NULL,0,0,'2022-05-17 18:26:54',1358,NULL,NULL,NULL,NULL,NULL),(583,6,2,0,1262603427,0,0,5,NULL,NULL,5,10,NULL,0,0,'2022-05-17 18:39:28',1358,NULL,NULL,NULL,NULL,NULL),(584,6,2,0,1262603427,0,0,6,NULL,545,545,10,NULL,0,0,'2022-05-17 18:41:10',1358,NULL,NULL,NULL,NULL,NULL),(585,6,2,0,1262603427,0,0,6,NULL,NULL,6,10,NULL,0,0,'2022-05-17 18:41:29',1358,NULL,NULL,NULL,NULL,NULL),(586,6,2,0,1262603427,0,0,6,NULL,545,545,10,NULL,0,0,'2022-05-17 18:41:40',1358,NULL,NULL,NULL,NULL,NULL),(587,6,2,0,1262603427,0,0,7,NULL,558,558,10,NULL,0,0,'2022-05-17 18:43:08',1358,NULL,NULL,NULL,NULL,NULL),(588,6,2,0,1262603427,0,0,7,NULL,560,560,10,NULL,0,0,'2022-05-17 18:44:01',1358,NULL,NULL,NULL,NULL,NULL),(589,6,2,0,1262603427,0,0,8,1861,NULL,1861,10,NULL,0,0,'2022-05-17 18:45:36',1358,NULL,NULL,NULL,NULL,NULL),(590,6,2,0,1262603427,0,0,8,1854,NULL,1854,10,NULL,0,0,'2022-05-17 18:46:07',1358,NULL,NULL,NULL,NULL,NULL),(591,6,2,0,1262603427,0,0,8,1846,NULL,1846,10,NULL,0,0,'2022-05-17 18:46:15',1358,NULL,NULL,NULL,NULL,NULL),(592,6,2,0,1262603427,0,0,NULL,NULL,NULL,NULL,10,NULL,0,0,'2022-05-17 18:49:51',1358,NULL,NULL,NULL,NULL,NULL),(593,6,12,0,1262603427,0,0,334,335,NULL,335,10,NULL,0,0,'2022-05-17 18:49:54',1358,NULL,NULL,NULL,NULL,NULL),(594,6,12,0,1262603427,0,0,334,1734,NULL,1734,10,NULL,0,0,'2022-05-17 18:56:36',1358,NULL,NULL,NULL,NULL,NULL),(595,6,12,0,1262603427,0,0,334,338,NULL,338,10,NULL,0,0,'2022-05-17 18:57:35',1358,NULL,NULL,NULL,NULL,NULL),(596,6,12,0,1262603427,0,0,364,365,NULL,365,10,NULL,0,0,'2022-05-17 19:12:08',1358,NULL,NULL,NULL,NULL,NULL),(597,6,12,0,1262603427,0,0,364,365,NULL,365,10,NULL,0,0,'2022-05-17 19:12:20',1358,NULL,NULL,NULL,NULL,NULL),(598,6,12,0,1262603427,0,0,388,389,NULL,389,10,NULL,0,0,'2022-05-17 19:12:56',1358,NULL,NULL,NULL,NULL,NULL),(599,6,12,0,1262603427,0,0,1755,1760,NULL,1760,10,NULL,0,0,'2022-05-17 19:13:14',1358,NULL,NULL,NULL,NULL,NULL),(600,6,12,0,1262603427,0,0,NULL,NULL,NULL,NULL,10,NULL,0,0,'2022-05-17 19:16:46',1358,NULL,NULL,NULL,NULL,NULL),(601,6,13,0,1262603427,0,0,1716,1718,NULL,1718,10,NULL,0,0,'2022-05-17 19:16:53',1358,NULL,NULL,NULL,NULL,NULL),(602,6,13,0,1262603427,0,0,1717,NULL,NULL,1717,10,NULL,0,0,'2022-05-17 19:17:04',1358,NULL,NULL,NULL,NULL,NULL),(603,6,13,0,1262603427,0,0,NULL,NULL,NULL,NULL,10,NULL,0,0,'2022-05-17 19:17:15',1358,NULL,NULL,NULL,NULL,NULL),(604,6,16,0,1262603427,0,0,1568,1569,NULL,1569,10,NULL,0,0,'2022-05-17 19:17:31',1358,NULL,NULL,NULL,NULL,NULL),(605,6,16,0,1262603427,0,0,1568,1570,NULL,1570,10,NULL,0,0,'2022-05-17 19:17:49',1358,NULL,NULL,NULL,NULL,NULL),(606,6,16,0,1262603427,0,0,1568,1570,NULL,1570,10,NULL,0,0,'2022-05-17 19:17:56',1358,NULL,NULL,NULL,NULL,NULL),(607,6,16,0,1262603427,0,0,1568,1571,NULL,1571,10,NULL,0,0,'2022-05-17 19:21:27',1358,NULL,NULL,NULL,NULL,NULL),(608,6,16,0,1262603427,0,0,1629,NULL,NULL,1629,10,NULL,0,0,'2022-05-17 19:21:45',1358,NULL,NULL,NULL,NULL,NULL),(609,6,16,0,1262603427,0,0,1630,NULL,NULL,1630,10,NULL,0,0,'2022-05-17 19:21:53',1358,NULL,NULL,NULL,NULL,NULL),(610,6,16,0,1262603427,0,0,1628,NULL,NULL,1628,10,NULL,0,0,'2022-05-17 19:21:56',1358,NULL,NULL,NULL,NULL,NULL),(611,6,16,0,1262603427,0,0,NULL,NULL,NULL,NULL,10,NULL,0,0,'2022-05-17 19:24:07',1358,NULL,NULL,NULL,NULL,NULL),(612,6,17,0,1262603427,0,0,NULL,NULL,NULL,NULL,10,NULL,0,0,'2022-05-17 19:24:12',1358,NULL,NULL,NULL,NULL,NULL),(613,6,18,0,1262603427,0,0,828,NULL,NULL,828,10,NULL,0,0,'2022-05-17 19:24:23',1358,NULL,NULL,NULL,NULL,NULL),(614,6,18,0,1262603427,0,0,828,NULL,NULL,828,10,NULL,0,0,'2022-05-17 19:24:29',1358,NULL,NULL,NULL,NULL,NULL),(615,6,18,0,1262603427,0,0,829,NULL,NULL,829,10,NULL,0,0,'2022-05-17 19:24:43',1358,NULL,NULL,NULL,NULL,NULL),(616,6,18,0,1262603427,0,0,NULL,NULL,NULL,NULL,10,NULL,0,0,'2022-05-17 19:25:40',1358,NULL,NULL,NULL,NULL,NULL),(617,6,19,0,1262603427,0,0,837,842,NULL,842,10,NULL,0,0,'2022-05-17 19:25:44',1358,NULL,NULL,NULL,NULL,NULL),(618,6,19,0,1262603427,0,0,838,NULL,NULL,838,10,NULL,0,0,'2022-05-17 19:26:27',1358,NULL,NULL,NULL,NULL,NULL),(619,6,2,0,1262603427,0,0,NULL,NULL,NULL,NULL,10,NULL,0,0,'2022-05-17 19:26:30',1358,NULL,NULL,NULL,NULL,NULL),(620,6,19,0,1262603427,0,0,837,843,NULL,843,10,NULL,0,0,'2022-05-17 19:26:34',1358,NULL,NULL,NULL,NULL,NULL),(621,6,19,0,1262603427,0,0,837,844,NULL,844,10,NULL,0,0,'2022-05-17 19:27:07',1358,NULL,NULL,NULL,NULL,NULL),(622,6,19,0,1262603427,0,0,837,845,NULL,845,10,NULL,0,0,'2022-05-17 19:27:34',1358,NULL,NULL,NULL,NULL,NULL),(623,6,19,0,1262603427,0,0,837,845,NULL,845,10,NULL,0,0,'2022-05-17 19:28:29',1358,NULL,NULL,NULL,NULL,NULL),(624,6,19,0,1262603427,0,0,838,1654,NULL,1654,10,NULL,0,0,'2022-05-17 19:31:37',1358,NULL,NULL,NULL,NULL,NULL),(625,6,19,0,1262603427,0,0,838,1661,NULL,1661,10,NULL,0,0,'2022-05-17 19:31:57',1358,NULL,NULL,NULL,NULL,NULL),(626,6,19,0,1262603427,0,0,839,1678,NULL,1678,10,NULL,0,0,'2022-05-17 19:32:18',1358,NULL,NULL,NULL,NULL,NULL),(627,6,19,0,1262603427,0,0,839,1679,NULL,1679,10,NULL,0,0,'2022-05-17 19:32:34',1358,NULL,NULL,NULL,NULL,NULL),(628,6,19,0,1262603427,0,0,841,1710,NULL,1710,10,NULL,0,0,'2022-05-17 19:32:49',1358,NULL,NULL,NULL,NULL,NULL),(629,6,19,0,1262603427,0,0,NULL,NULL,NULL,NULL,10,NULL,0,0,'2022-05-17 19:33:02',1358,NULL,NULL,NULL,NULL,NULL),(630,6,19,0,1262603427,0,0,840,1700,NULL,1700,10,NULL,0,0,'2022-05-17 19:33:06',1358,NULL,NULL,NULL,NULL,NULL),(631,6,19,0,1262603427,0,0,840,1701,NULL,1701,10,NULL,0,0,'2022-05-17 19:33:25',1358,NULL,NULL,NULL,NULL,NULL),(632,6,28,0,1262603427,0,0,1727,NULL,NULL,1727,10,NULL,0,0,'2022-05-17 19:33:43',1358,NULL,NULL,NULL,NULL,NULL),(633,6,28,0,1262603427,0,0,1728,NULL,NULL,1728,10,NULL,0,0,'2022-05-17 19:33:52',1358,NULL,NULL,NULL,NULL,NULL),(634,6,28,0,1262603427,0,0,NULL,NULL,NULL,NULL,10,NULL,0,0,'2022-05-17 19:34:07',1358,NULL,NULL,NULL,NULL,NULL),(635,6,28,0,1262603427,0,0,1727,NULL,NULL,1727,10,NULL,0,0,'2022-05-17 19:34:22',1358,NULL,NULL,NULL,NULL,NULL),(636,6,28,0,1262603427,0,0,1727,NULL,NULL,1727,10,NULL,0,0,'2022-05-17 19:47:47',1358,NULL,NULL,NULL,NULL,NULL),(637,6,28,0,1262603427,0,0,1728,NULL,NULL,1728,10,NULL,0,0,'2022-05-17 19:47:55',1358,NULL,NULL,NULL,NULL,NULL),(638,6,28,0,1262603427,0,0,NULL,NULL,NULL,NULL,10,NULL,0,0,'2022-05-17 19:53:47',1358,NULL,NULL,NULL,NULL,NULL),(639,6,28,0,1262603427,0,0,NULL,NULL,NULL,NULL,10,NULL,0,0,'2022-05-17 19:53:54',1358,NULL,NULL,NULL,NULL,NULL),(640,6,28,0,1262603427,0,0,NULL,NULL,NULL,NULL,10,NULL,0,0,'2022-05-17 19:54:03',1358,NULL,NULL,NULL,NULL,NULL),(641,6,2,0,1262603427,0,0,NULL,NULL,NULL,NULL,10,NULL,0,0,'2022-05-17 19:55:03',1358,NULL,NULL,NULL,NULL,NULL),(642,14,20,0,1262603427,0,0,1237,NULL,NULL,NULL,10,NULL,0,0,'2022-05-17 19:58:40',1358,NULL,'up',1,9,'numeric'),(643,6,17,0,1262603427,0,0,NULL,NULL,NULL,NULL,10,NULL,0,0,'2022-05-17 22:14:30',1358,NULL,NULL,NULL,NULL,NULL),(644,6,19,0,1262603427,0,0,NULL,NULL,NULL,NULL,10,NULL,0,0,'2022-05-17 22:15:02',1358,NULL,NULL,NULL,NULL,NULL),(645,6,18,0,1262603427,0,0,828,NULL,NULL,828,10,NULL,0,0,'2022-05-17 22:15:05',1358,NULL,NULL,NULL,NULL,NULL),(646,6,18,0,1262603427,0,0,NULL,NULL,NULL,NULL,10,NULL,0,0,'2022-05-17 22:15:12',1358,NULL,NULL,NULL,NULL,NULL),(647,6,28,0,1262603427,0,0,1727,NULL,NULL,1727,10,NULL,0,0,'2022-05-17 22:15:17',1358,NULL,NULL,NULL,NULL,NULL),(648,6,28,0,1262603427,0,0,NULL,NULL,NULL,NULL,10,NULL,0,0,'2022-05-17 22:15:20',1358,NULL,NULL,NULL,NULL,NULL),(649,6,2,0,1262603427,0,0,4,NULL,NULL,4,10,NULL,0,0,'2022-05-18 18:13:54',1358,NULL,NULL,NULL,NULL,NULL),(650,6,2,0,5189463903,0,0,3,10,NULL,10,10,NULL,0,0,'2022-05-18 18:15:01',1672,NULL,NULL,NULL,NULL,NULL),(651,6,2,0,1262603427,0,0,1,NULL,NULL,1,10,NULL,0,0,'2022-05-18 18:26:03',1358,NULL,NULL,NULL,NULL,NULL),(652,6,2,0,5189463903,0,0,4,14,NULL,14,10,NULL,0,0,'2022-05-18 18:26:29',1672,NULL,NULL,NULL,NULL,NULL),(653,6,2,0,1262603427,0,0,4,17,NULL,17,10,NULL,0,0,'2022-05-18 18:28:34',1358,NULL,NULL,NULL,NULL,NULL),(654,6,2,0,1262603427,0,0,NULL,NULL,NULL,NULL,10,NULL,0,0,'2022-05-18 18:28:44',1358,NULL,NULL,NULL,NULL,NULL),(655,6,12,0,1262603427,0,0,364,366,NULL,366,10,NULL,0,0,'2022-05-18 18:28:48',1358,NULL,NULL,NULL,NULL,NULL),(656,6,12,0,1262603427,0,0,NULL,NULL,NULL,NULL,10,NULL,0,0,'2022-05-18 18:28:58',1358,NULL,NULL,NULL,NULL,NULL),(657,6,2,0,1262603427,0,0,4,14,NULL,14,10,NULL,0,0,'2022-05-18 18:29:30',1358,NULL,NULL,NULL,NULL,NULL),(658,6,2,0,5189463903,0,0,1,NULL,NULL,1,10,NULL,0,0,'2022-05-18 18:32:10',1672,NULL,NULL,NULL,NULL,NULL),(660,6,2,0,1262603427,0,0,1,NULL,NULL,1,10,NULL,0,0,'2022-05-18 18:32:54',1358,NULL,NULL,NULL,NULL,NULL),(663,6,2,0,1262603427,0,0,1,NULL,NULL,1,10,NULL,0,0,'2022-05-18 18:34:36',1358,NULL,NULL,NULL,NULL,NULL),(664,6,2,0,1262603427,0,0,4,NULL,NULL,4,10,NULL,0,0,'2022-05-19 16:25:28',1358,NULL,NULL,NULL,NULL,NULL),(665,6,2,0,1262603427,0,0,1,NULL,NULL,1,10,NULL,0,0,'2022-05-19 21:54:24',1358,NULL,NULL,NULL,NULL,NULL),(666,6,2,0,1262603427,0,0,1,NULL,NULL,1,10,NULL,0,0,'2022-05-19 21:54:39',1358,NULL,NULL,NULL,NULL,NULL),(667,6,2,0,5074995601,0,0,1,NULL,NULL,1,10,NULL,0,0,'2022-05-19 21:55:13',1358,NULL,NULL,NULL,NULL,NULL),(668,6,2,0,1262603427,0,0,1,NULL,NULL,1,10,NULL,0,0,'2022-05-19 21:55:27',1358,NULL,NULL,NULL,NULL,NULL),(669,6,19,0,1262603427,0,0,837,845,NULL,845,10,NULL,0,0,'2022-05-19 21:59:51',1358,NULL,NULL,NULL,NULL,NULL),(670,6,17,0,1262603427,0,0,NULL,NULL,NULL,NULL,10,NULL,0,0,'2022-05-19 22:00:45',1358,NULL,NULL,NULL,NULL,NULL),(671,6,28,0,1262603427,0,0,1727,NULL,NULL,1727,10,NULL,0,0,'2022-05-19 22:00:48',1358,NULL,NULL,NULL,NULL,NULL),(672,6,28,0,1262603427,0,0,NULL,NULL,NULL,NULL,10,NULL,0,0,'2022-05-19 22:00:55',1358,NULL,NULL,NULL,NULL,NULL),(673,6,2,0,5074995601,0,0,1,NULL,NULL,1,10,NULL,0,0,'2022-05-19 22:03:22',1358,NULL,NULL,NULL,NULL,NULL),(674,6,2,0,5074995601,0,0,8,NULL,NULL,8,10,NULL,0,0,'2022-05-19 22:03:31',1358,NULL,NULL,NULL,NULL,NULL),(675,6,2,0,5074995601,0,0,8,NULL,1848,1848,10,NULL,0,0,'2022-05-19 22:03:52',1358,NULL,NULL,NULL,NULL,NULL),(676,6,2,0,5074995601,0,0,NULL,NULL,NULL,NULL,10,NULL,0,0,'2022-05-19 22:04:52',1358,NULL,NULL,NULL,NULL,NULL),(677,6,2,0,5074995601,0,0,8,NULL,NULL,8,10,NULL,0,0,'2022-05-19 22:04:57',1358,NULL,NULL,NULL,NULL,NULL),(678,6,2,0,5074995601,0,0,1,NULL,NULL,1,10,NULL,0,0,'2022-05-19 22:05:04',1358,NULL,NULL,NULL,NULL,NULL),(679,6,2,0,5074995601,0,0,1850,NULL,NULL,1850,10,NULL,0,0,'2022-05-19 22:05:30',1358,NULL,NULL,NULL,NULL,NULL),(680,6,2,0,5074995601,0,0,1,NULL,NULL,1,10,NULL,0,0,'2022-05-19 22:06:34',1358,NULL,NULL,NULL,NULL,NULL),(681,6,2,0,5074995601,0,0,1,NULL,NULL,1,10,NULL,0,0,'2022-05-19 22:07:34',1358,NULL,NULL,NULL,NULL,NULL),(682,6,2,0,5074995601,0,0,8,NULL,NULL,8,10,NULL,0,0,'2022-05-19 22:07:37',1358,NULL,NULL,NULL,NULL,NULL),(683,6,2,0,5074995601,0,0,8,NULL,NULL,8,10,NULL,0,0,'2022-05-19 22:08:00',1358,NULL,NULL,NULL,NULL,NULL),(684,6,2,0,5074995601,0,0,8,NULL,NULL,8,10,NULL,0,0,'2022-05-19 22:08:15',1358,NULL,NULL,NULL,NULL,NULL),(685,6,2,0,5074995601,0,0,NULL,NULL,NULL,NULL,10,NULL,0,0,'2022-05-19 22:08:34',1358,NULL,NULL,NULL,NULL,NULL),(686,6,12,0,5074995601,0,0,334,335,NULL,335,10,NULL,0,0,'2022-05-19 22:08:37',1358,NULL,NULL,NULL,NULL,NULL),(687,6,12,0,5074995601,0,0,1755,1760,NULL,1760,10,NULL,0,0,'2022-05-19 22:11:07',1358,NULL,NULL,NULL,NULL,NULL),(688,6,2,0,1262603427,0,0,8,NULL,NULL,8,10,NULL,0,0,'2022-05-19 22:21:35',1358,NULL,NULL,NULL,NULL,NULL),(690,6,12,0,1262603427,0,0,1755,1758,NULL,1758,10,NULL,0,0,'2022-05-19 22:22:25',1358,NULL,NULL,NULL,NULL,NULL),(691,6,12,0,1262603427,0,0,NULL,NULL,NULL,NULL,10,NULL,0,0,'2022-05-19 22:23:10',1358,NULL,NULL,NULL,NULL,NULL),(692,6,16,0,1262603427,0,0,1568,NULL,NULL,1568,10,NULL,0,0,'2022-05-19 22:23:12',1358,NULL,NULL,NULL,NULL,NULL),(693,6,2,0,1262603427,0,0,7,NULL,555,555,10,NULL,0,0,'2022-05-19 22:23:49',1358,NULL,NULL,NULL,NULL,NULL),(694,6,2,0,1262603427,0,0,7,NULL,560,560,10,NULL,0,0,'2022-05-19 22:24:02',1358,NULL,NULL,NULL,NULL,NULL),(695,6,2,0,1262603427,0,0,7,NULL,557,557,10,NULL,0,0,'2022-05-19 22:24:09',1358,NULL,NULL,NULL,NULL,NULL),(696,6,2,0,1262603427,0,0,7,NULL,NULL,7,10,NULL,0,0,'2022-05-19 22:25:12',1358,NULL,NULL,NULL,NULL,NULL),(697,6,18,0,1262603427,0,0,NULL,NULL,NULL,NULL,10,NULL,0,0,'2022-05-19 22:25:17',1358,NULL,NULL,NULL,NULL,NULL),(698,6,2,0,5074995601,0,0,7,NULL,555,555,10,NULL,0,0,'2022-05-19 22:25:19',1358,NULL,NULL,NULL,NULL,NULL),(699,6,2,0,1262603427,0,0,6,NULL,269,269,10,NULL,0,0,'2022-05-19 22:25:19',1358,NULL,NULL,NULL,NULL,NULL),(700,6,2,0,1262603427,0,0,2,NULL,NULL,2,10,NULL,0,0,'2022-05-19 22:25:29',1358,NULL,NULL,NULL,NULL,NULL),(701,6,13,0,1262603427,0,0,NULL,NULL,NULL,NULL,10,NULL,0,0,'2022-05-19 22:26:14',1358,NULL,NULL,NULL,NULL,NULL),(702,6,2,0,1262603427,0,0,2,1832,NULL,1832,10,NULL,0,0,'2022-05-19 22:26:16',1358,NULL,NULL,NULL,NULL,NULL),(703,6,2,0,1262603427,0,0,3,422,NULL,422,10,NULL,0,0,'2022-05-19 22:26:25',1358,NULL,NULL,NULL,NULL,NULL),(704,6,2,0,1262603427,0,0,7,NULL,NULL,7,10,NULL,0,0,'2022-05-19 22:26:33',1358,NULL,NULL,NULL,NULL,NULL),(705,6,2,0,1262603427,0,0,2,1836,NULL,1836,10,NULL,0,0,'2022-05-19 22:26:39',1358,NULL,NULL,NULL,NULL,NULL),(706,6,2,0,1262603427,0,0,2,NULL,NULL,2,10,NULL,0,0,'2022-05-19 22:27:03',1358,NULL,NULL,NULL,NULL,NULL),(707,6,2,0,1262603427,0,0,5,NULL,NULL,5,10,NULL,0,0,'2022-05-19 22:27:22',1358,NULL,NULL,NULL,NULL,NULL),(708,6,2,0,1262603427,0,0,2,1836,NULL,1836,10,NULL,0,0,'2022-05-19 22:27:34',1358,NULL,NULL,NULL,NULL,NULL),(709,6,2,0,1262603427,0,0,2,1836,NULL,1836,10,NULL,0,0,'2022-05-19 22:28:31',1358,NULL,NULL,NULL,NULL,NULL),(710,6,2,0,1262603427,0,0,7,NULL,NULL,7,10,NULL,0,0,'2022-05-19 22:29:59',1358,NULL,NULL,NULL,NULL,NULL),(711,6,2,0,1262603427,0,0,6,NULL,261,261,10,NULL,0,0,'2022-05-19 22:30:36',1358,NULL,NULL,NULL,NULL,NULL),(712,6,2,0,1262603427,0,0,2,NULL,NULL,2,10,NULL,0,0,'2022-05-19 22:31:06',1358,NULL,NULL,NULL,NULL,NULL),(713,6,2,0,1262603427,0,0,5,NULL,NULL,5,10,NULL,0,0,'2022-05-19 22:31:24',1358,NULL,NULL,NULL,NULL,NULL),(714,6,2,0,1441265685,0,0,1,NULL,NULL,1,10,NULL,0,0,'2022-05-20 18:19:02',1271,NULL,NULL,NULL,NULL,NULL),(715,6,2,0,1441265685,0,0,NULL,NULL,NULL,NULL,10,NULL,0,0,'2022-05-20 18:19:13',1271,NULL,NULL,NULL,NULL,NULL),(717,6,17,0,1262603427,0,0,NULL,NULL,NULL,NULL,10,NULL,0,0,'2022-05-21 00:10:18',1358,NULL,NULL,NULL,NULL,NULL),(718,6,17,0,1262603427,0,0,NULL,NULL,NULL,NULL,10,NULL,0,0,'2022-05-21 11:20:35',1358,NULL,NULL,NULL,NULL,NULL),(719,6,17,0,1262603427,0,0,NULL,NULL,NULL,NULL,10,NULL,0,0,'2022-05-21 11:20:39',1358,NULL,NULL,NULL,NULL,NULL),(720,6,17,0,1262603427,0,0,NULL,NULL,NULL,NULL,10,NULL,0,0,'2022-05-21 12:42:31',1358,NULL,NULL,NULL,NULL,NULL),(721,6,17,0,1262603427,0,0,NULL,NULL,NULL,NULL,10,NULL,0,0,'2022-05-21 15:03:30',1358,NULL,NULL,NULL,NULL,NULL),(722,6,17,0,1262603427,0,0,NULL,NULL,NULL,NULL,10,NULL,0,0,'2022-05-21 15:04:57',1358,NULL,NULL,NULL,NULL,NULL),(723,6,17,0,1262603427,0,0,NULL,NULL,NULL,NULL,10,NULL,0,0,'2022-05-21 15:06:28',1358,NULL,NULL,NULL,NULL,NULL),(724,6,2,0,1262603427,0,0,2,1831,NULL,1831,10,NULL,0,0,'2022-05-21 15:08:04',1358,NULL,NULL,NULL,NULL,NULL),(725,6,2,0,1262603427,0,0,NULL,NULL,NULL,NULL,10,NULL,0,0,'2022-05-21 15:09:38',1358,NULL,NULL,NULL,NULL,NULL),(726,6,17,0,1262603427,0,0,NULL,NULL,NULL,NULL,10,NULL,0,0,'2022-05-21 17:32:16',1358,NULL,NULL,NULL,NULL,NULL),(727,6,17,0,1262603427,0,0,NULL,NULL,NULL,NULL,10,NULL,0,0,'2022-05-21 17:47:42',1358,NULL,NULL,NULL,NULL,NULL),(728,6,17,0,1262603427,0,0,NULL,NULL,NULL,NULL,10,NULL,0,0,'2022-05-21 18:07:58',1358,NULL,NULL,NULL,NULL,NULL),(729,6,2,0,1262603427,0,0,NULL,NULL,NULL,NULL,10,NULL,0,0,'2022-05-21 19:35:10',1358,NULL,NULL,NULL,NULL,NULL),(730,6,17,0,1262603427,0,0,NULL,NULL,NULL,NULL,10,NULL,0,0,'2022-05-21 19:35:13',1358,NULL,NULL,NULL,NULL,NULL),(731,6,17,0,1262603427,0,0,NULL,NULL,NULL,NULL,10,NULL,0,0,'2022-05-21 19:53:09',1358,NULL,NULL,NULL,NULL,NULL),(732,6,17,0,1262603427,0,0,NULL,NULL,NULL,NULL,10,NULL,0,0,'2022-05-21 20:18:57',1358,NULL,NULL,NULL,NULL,NULL),(733,6,28,0,1262603427,0,0,1727,NULL,NULL,1727,10,NULL,0,0,'2022-05-21 20:19:00',1358,NULL,NULL,NULL,NULL,NULL),(734,6,17,0,1262603427,0,0,NULL,NULL,NULL,NULL,10,NULL,0,0,'2022-05-21 20:53:40',1358,NULL,NULL,NULL,NULL,NULL),(735,6,17,0,1262603427,0,0,NULL,NULL,NULL,NULL,10,NULL,0,0,'2022-05-21 23:58:11',1358,NULL,NULL,NULL,NULL,NULL),(736,6,17,0,1262603427,0,0,NULL,NULL,NULL,NULL,10,NULL,0,0,'2022-05-21 23:58:18',1358,NULL,NULL,NULL,NULL,NULL),(737,6,17,0,1262603427,0,0,NULL,NULL,NULL,NULL,10,NULL,0,0,'2022-05-22 13:49:52',1358,NULL,NULL,NULL,NULL,NULL),(738,6,17,0,1262603427,0,0,NULL,NULL,NULL,NULL,10,NULL,0,0,'2022-05-22 19:58:02',1358,NULL,NULL,NULL,NULL,NULL),(739,6,12,0,1262603427,0,0,NULL,NULL,NULL,NULL,10,NULL,0,0,'2022-05-22 20:04:12',1358,NULL,NULL,NULL,NULL,NULL),(740,6,17,0,1262603427,0,0,1895,1897,NULL,1897,10,NULL,0,0,'2022-05-22 21:40:00',1358,NULL,NULL,NULL,NULL,NULL),(741,6,17,0,1262603427,0,0,1895,1897,NULL,1897,10,NULL,0,0,'2022-05-22 21:40:12',1358,NULL,NULL,NULL,NULL,NULL),(742,6,17,0,1262603427,0,0,1896,1900,NULL,1900,10,NULL,0,0,'2022-05-22 21:40:17',1358,NULL,NULL,NULL,NULL,NULL),(743,6,17,0,1262603427,0,0,NULL,NULL,NULL,NULL,10,NULL,0,0,'2022-05-22 21:40:24',1358,NULL,NULL,NULL,NULL,NULL),(744,6,2,0,1262603427,0,0,NULL,NULL,NULL,NULL,10,NULL,0,0,'2022-05-22 21:40:27',1358,NULL,NULL,NULL,NULL,NULL),(745,6,17,0,1262603427,0,0,1895,1897,NULL,1897,10,NULL,0,0,'2022-05-22 21:40:54',1358,NULL,NULL,NULL,NULL,NULL),(746,6,17,0,1262603427,0,0,NULL,NULL,NULL,NULL,10,NULL,0,0,'2022-05-22 21:41:44',1358,NULL,NULL,NULL,NULL,NULL),(747,6,17,0,1262603427,0,0,NULL,NULL,NULL,NULL,10,NULL,0,0,'2022-05-22 21:42:36',1358,NULL,NULL,NULL,NULL,NULL),(748,6,17,0,1262603427,0,0,1895,1898,NULL,1898,10,NULL,0,0,'2022-05-22 21:42:40',1358,NULL,NULL,NULL,NULL,NULL),(749,6,17,0,1262603427,0,0,1896,NULL,NULL,1896,10,NULL,0,0,'2022-05-22 22:25:22',1358,NULL,NULL,NULL,NULL,NULL),(750,6,17,0,1262603427,0,0,1895,1897,NULL,1897,10,NULL,0,0,'2022-05-22 22:25:26',1358,NULL,NULL,NULL,NULL,NULL),(751,6,17,0,1262603427,0,0,1895,1897,NULL,1897,10,NULL,0,0,'2022-05-22 22:47:27',1358,NULL,NULL,NULL,NULL,NULL),(752,6,17,0,1262603427,0,0,1896,1901,NULL,1901,10,NULL,0,0,'2022-05-22 22:47:33',1358,NULL,NULL,NULL,NULL,NULL),(753,6,17,0,1262603427,0,0,1895,1897,NULL,1897,10,NULL,0,0,'2022-05-23 00:37:33',1358,NULL,NULL,NULL,NULL,NULL),(754,6,17,0,1262603427,0,0,1895,1897,NULL,1897,10,NULL,0,0,'2022-05-23 23:40:31',1358,NULL,NULL,NULL,NULL,NULL),(755,6,17,0,1262603427,0,0,NULL,NULL,NULL,NULL,10,NULL,0,0,'2022-05-24 09:22:55',1358,NULL,NULL,NULL,NULL,NULL),(756,6,13,0,442833996,0,0,1717,NULL,NULL,1717,10,NULL,0,0,'2022-05-24 12:27:44',2192,NULL,NULL,NULL,NULL,NULL),(757,6,2,0,5074995601,0,0,2,1834,NULL,1834,10,NULL,0,0,'2022-05-24 23:15:25',1358,NULL,NULL,NULL,NULL,NULL),(758,6,2,0,5074995601,0,0,2,NULL,NULL,2,10,NULL,0,0,'2022-05-24 23:18:36',1358,NULL,NULL,NULL,NULL,NULL),(759,6,2,0,5074995601,0,0,1,NULL,NULL,1,10,NULL,0,0,'2022-05-24 23:19:06',1358,NULL,NULL,NULL,NULL,NULL),(760,6,2,0,5074995601,0,0,2,NULL,NULL,2,10,NULL,0,0,'2022-05-24 23:19:33',1358,NULL,NULL,NULL,NULL,NULL),(761,6,2,0,5074995601,0,0,6,NULL,NULL,6,10,NULL,0,0,'2022-05-24 23:20:24',1358,NULL,NULL,NULL,NULL,NULL),(762,6,2,0,5074995601,0,0,NULL,NULL,NULL,NULL,10,NULL,0,0,'2022-05-24 23:21:32',1358,NULL,NULL,NULL,NULL,NULL),(763,6,12,0,5074995601,0,0,334,336,NULL,336,10,NULL,0,0,'2022-05-24 23:21:34',1358,NULL,NULL,NULL,NULL,NULL),(764,6,2,0,5074995601,0,0,1,NULL,NULL,1,10,NULL,0,0,'2022-05-24 23:22:02',1358,NULL,NULL,NULL,NULL,NULL),(765,6,2,0,5074995601,0,0,4,18,NULL,18,10,NULL,0,0,'2022-05-24 23:22:08',1358,NULL,NULL,NULL,NULL,NULL),(766,6,2,0,5074995601,0,0,5,NULL,NULL,5,10,NULL,0,0,'2022-05-24 23:22:13',1358,NULL,NULL,NULL,NULL,NULL),(767,6,2,0,5074995601,0,0,3,NULL,NULL,3,10,NULL,0,0,'2022-05-24 23:22:15',1358,NULL,NULL,NULL,NULL,NULL),(768,6,13,0,5074995601,0,0,NULL,NULL,NULL,NULL,10,NULL,0,0,'2022-05-24 23:22:46',1358,NULL,NULL,NULL,NULL,NULL),(769,6,12,0,5074995601,0,0,364,367,NULL,367,10,NULL,0,0,'2022-05-24 23:22:49',1358,NULL,NULL,NULL,NULL,NULL),(770,6,12,0,5074995601,0,0,NULL,NULL,NULL,NULL,10,NULL,0,0,'2022-05-24 23:22:57',1358,NULL,NULL,NULL,NULL,NULL),(771,6,28,0,5074995601,0,0,1727,NULL,NULL,1727,10,NULL,0,0,'2022-05-24 23:22:59',1358,NULL,NULL,NULL,NULL,NULL),(772,6,28,0,5074995601,0,0,NULL,NULL,NULL,NULL,10,NULL,0,0,'2022-05-24 23:23:20',1358,NULL,NULL,NULL,NULL,NULL),(773,6,16,0,5074995601,0,0,1568,1571,NULL,1571,10,NULL,0,0,'2022-05-24 23:23:32',1358,NULL,NULL,NULL,NULL,NULL),(774,6,16,0,5074995601,0,0,NULL,NULL,NULL,NULL,10,NULL,0,0,'2022-05-24 23:24:15',1358,NULL,NULL,NULL,NULL,NULL),(775,6,12,0,5074995601,0,0,NULL,NULL,NULL,NULL,10,NULL,0,0,'2022-05-24 23:26:04',1358,NULL,NULL,NULL,NULL,NULL),(776,6,16,0,5074995601,0,0,1628,NULL,NULL,1628,10,NULL,0,0,'2022-05-24 23:26:06',1358,NULL,NULL,NULL,NULL,NULL),(777,6,16,0,5074995601,0,0,1568,1571,NULL,1571,10,NULL,0,0,'2022-05-24 23:26:10',1358,NULL,NULL,NULL,NULL,NULL),(778,6,16,0,5074995601,0,0,NULL,NULL,NULL,NULL,10,NULL,0,0,'2022-05-24 23:26:18',1358,NULL,NULL,NULL,NULL,NULL),(779,6,18,0,5074995601,0,0,833,NULL,NULL,833,10,NULL,0,0,'2022-05-24 23:35:04',1358,NULL,NULL,NULL,NULL,NULL),(780,6,13,0,5074995601,0,0,1716,NULL,NULL,1716,10,NULL,0,0,'2022-06-02 23:19:47',1358,NULL,NULL,NULL,NULL,NULL),(781,6,13,0,5074995601,0,0,1716,1718,NULL,1718,10,NULL,0,0,'2022-06-02 23:20:42',1358,NULL,NULL,NULL,NULL,NULL),(782,6,13,0,5074995601,0,0,1716,1718,NULL,1718,10,NULL,0,0,'2022-06-02 23:23:35',1358,NULL,NULL,NULL,NULL,NULL),(783,6,13,0,5074995601,0,0,1717,NULL,NULL,1717,10,NULL,0,0,'2022-06-02 23:24:22',1358,NULL,NULL,NULL,NULL,NULL),(784,6,13,0,5074995601,0,0,1716,1718,NULL,1718,10,NULL,0,0,'2022-06-02 23:24:26',1358,NULL,NULL,NULL,NULL,NULL),(785,6,13,0,5074995601,0,0,1716,1718,NULL,1718,10,NULL,0,0,'2022-06-02 23:25:47',1358,NULL,NULL,NULL,NULL,NULL),(786,6,13,0,5074995601,0,0,NULL,NULL,NULL,NULL,10,NULL,0,0,'2022-06-02 23:25:56',1358,NULL,NULL,NULL,NULL,NULL),(787,6,13,0,5074995601,0,0,1716,1718,NULL,1718,10,NULL,0,0,'2022-06-02 23:26:00',1358,NULL,NULL,NULL,NULL,NULL),(788,6,13,0,5074995601,0,0,1717,NULL,NULL,1717,10,NULL,0,0,'2022-06-02 23:26:05',1358,NULL,NULL,NULL,NULL,NULL),(789,6,13,0,5074995601,0,0,1716,1718,NULL,1718,10,NULL,0,0,'2022-06-02 23:26:08',1358,NULL,NULL,NULL,NULL,NULL),(790,6,13,0,5074995601,0,0,1716,1718,NULL,1718,10,NULL,0,0,'2022-06-02 23:26:35',1358,NULL,NULL,NULL,NULL,NULL),(791,6,28,0,5074995601,0,0,1727,NULL,NULL,1727,10,NULL,0,0,'2022-06-02 23:27:28',1358,NULL,NULL,NULL,NULL,NULL),(792,6,28,0,5074995601,0,0,1728,NULL,NULL,1728,10,NULL,0,0,'2022-06-02 23:27:35',1358,NULL,NULL,NULL,NULL,NULL),(793,6,28,0,5074995601,0,0,NULL,NULL,NULL,NULL,10,NULL,0,0,'2022-06-02 23:27:39',1358,NULL,NULL,NULL,NULL,NULL),(794,6,19,0,5074995601,0,0,837,842,NULL,842,10,NULL,0,0,'2022-06-02 23:27:48',1358,NULL,NULL,NULL,NULL,NULL),(795,6,19,0,5074995601,0,0,837,NULL,NULL,837,10,NULL,0,0,'2022-06-02 23:32:06',1358,NULL,NULL,NULL,NULL,NULL),(796,6,13,27,5074995601,0,0,1716,1718,NULL,1718,10,NULL,0,0,'2022-06-02 23:32:12',1358,NULL,NULL,NULL,NULL,NULL),(797,6,13,0,5074995601,0,0,1716,1718,NULL,1718,10,NULL,0,0,'2022-06-02 23:37:09',1358,NULL,NULL,NULL,NULL,NULL),(798,6,13,0,5074995601,0,0,1717,NULL,NULL,1717,10,NULL,0,0,'2022-06-02 23:42:31',1358,NULL,NULL,NULL,NULL,NULL),(799,6,13,0,5074995601,0,0,NULL,NULL,NULL,NULL,10,NULL,0,0,'2022-06-02 23:42:49',1358,NULL,NULL,NULL,NULL,NULL),(800,6,17,0,5074995601,0,0,1895,1897,NULL,1897,10,NULL,0,0,'2022-06-02 23:42:53',1358,NULL,NULL,NULL,NULL,NULL),(801,6,17,0,5074995601,0,0,1896,1900,NULL,1900,10,NULL,0,0,'2022-06-02 23:44:15',1358,NULL,NULL,NULL,NULL,NULL),(802,6,17,0,5074995601,0,0,NULL,NULL,NULL,NULL,10,NULL,0,0,'2022-06-02 23:44:23',1358,NULL,NULL,NULL,NULL,NULL),(803,6,12,0,5074995601,0,0,364,365,NULL,365,10,NULL,0,0,'2022-06-02 23:44:26',1358,NULL,NULL,NULL,NULL,NULL),(804,6,12,0,5074995601,0,0,NULL,NULL,NULL,NULL,10,NULL,0,0,'2022-06-02 23:46:11',1358,NULL,NULL,NULL,NULL,NULL),(805,6,13,0,5074995601,0,0,1716,1718,NULL,1718,10,NULL,0,0,'2022-06-02 23:46:15',1358,NULL,NULL,NULL,NULL,NULL),(806,6,13,0,5074995601,0,0,1717,NULL,NULL,1717,10,NULL,0,0,'2022-06-02 23:46:29',1358,NULL,NULL,NULL,NULL,NULL),(807,6,13,0,5074995601,0,0,1716,1718,NULL,1718,10,NULL,0,0,'2022-06-02 23:49:21',1358,NULL,NULL,NULL,NULL,NULL),(808,6,13,0,5074995601,0,0,1717,NULL,NULL,1717,10,NULL,0,0,'2022-06-02 23:49:25',1358,NULL,NULL,NULL,NULL,NULL),(809,6,13,0,5074995601,0,0,1716,1721,NULL,1721,10,NULL,0,0,'2022-06-02 23:49:28',1358,NULL,NULL,NULL,NULL,NULL),(810,6,13,0,5074995601,0,0,1716,1719,NULL,1719,10,NULL,0,0,'2022-06-02 23:49:43',1358,NULL,NULL,NULL,NULL,NULL),(811,6,13,0,5074995601,0,0,1716,1719,NULL,1719,10,NULL,0,0,'2022-06-02 23:51:44',1358,NULL,NULL,NULL,NULL,NULL),(812,6,13,0,5074995601,0,0,1716,1718,NULL,1718,10,NULL,0,0,'2022-06-02 23:52:25',1358,NULL,NULL,NULL,NULL,NULL),(813,6,13,0,5074995601,0,0,1716,1718,NULL,1718,10,NULL,0,0,'2022-06-02 23:52:42',1358,NULL,NULL,NULL,NULL,NULL),(814,6,13,0,5074995601,0,0,1716,1718,NULL,1718,10,NULL,0,0,'2022-06-02 23:53:54',1358,NULL,NULL,NULL,NULL,NULL),(815,6,13,0,5074995601,0,0,1716,1718,NULL,1718,10,NULL,0,0,'2022-06-02 23:54:27',1358,NULL,NULL,NULL,NULL,NULL),(816,6,13,0,5074995601,0,0,1716,1721,NULL,1721,10,NULL,0,0,'2022-06-02 23:54:33',1358,NULL,NULL,NULL,NULL,NULL),(817,6,13,0,5074995601,0,0,1716,1718,NULL,1718,10,NULL,0,0,'2022-06-02 23:54:35',1358,NULL,NULL,NULL,NULL,NULL),(818,6,19,0,5074995601,0,0,837,NULL,NULL,837,10,NULL,0,0,'2022-06-03 07:03:50',1358,NULL,NULL,NULL,NULL,NULL),(819,6,19,0,5074995601,0,0,838,1657,NULL,1657,10,NULL,0,0,'2022-06-03 07:03:55',1358,NULL,NULL,NULL,NULL,NULL),(820,6,19,0,5074995601,0,0,838,NULL,NULL,838,10,NULL,0,0,'2022-06-03 07:07:57',1358,NULL,NULL,NULL,NULL,NULL),(821,6,12,0,5074995601,0,0,334,1733,NULL,1733,10,NULL,0,0,'2022-06-03 07:08:13',1358,NULL,NULL,NULL,NULL,NULL),(822,6,16,0,5074995601,0,0,1568,1569,NULL,1569,10,NULL,0,0,'2022-06-03 07:19:42',1358,NULL,NULL,NULL,NULL,NULL),(823,6,16,0,5074995601,0,0,1568,1569,NULL,1569,10,NULL,0,0,'2022-06-03 07:22:12',1358,NULL,NULL,NULL,NULL,NULL),(824,6,16,0,5074995601,0,0,NULL,NULL,NULL,NULL,10,NULL,0,0,'2022-06-03 07:25:09',1358,NULL,NULL,NULL,NULL,NULL),(825,6,18,0,5074995601,0,0,829,NULL,NULL,829,10,NULL,0,0,'2022-06-03 07:25:12',1358,NULL,NULL,NULL,NULL,NULL),(826,6,18,0,5074995601,0,0,NULL,NULL,NULL,NULL,10,NULL,0,0,'2022-06-03 07:26:13',1358,NULL,NULL,NULL,NULL,NULL),(827,6,19,0,5074995601,0,0,840,1700,NULL,1700,10,NULL,0,0,'2022-06-03 07:26:16',1358,NULL,NULL,NULL,NULL,NULL),(828,6,12,0,5074995601,0,0,364,365,NULL,365,10,NULL,0,0,'2022-06-03 07:26:29',1358,NULL,NULL,NULL,NULL,NULL),(829,6,12,0,5074995601,0,0,NULL,NULL,NULL,NULL,10,NULL,0,0,'2022-06-03 07:26:34',1358,NULL,NULL,NULL,NULL,NULL),(830,6,13,0,5074995601,0,0,1716,1719,NULL,1719,10,NULL,0,0,'2022-06-03 07:26:40',1358,NULL,NULL,NULL,NULL,NULL),(831,6,17,0,5074995601,0,0,1895,1897,NULL,1897,10,NULL,0,0,'2022-06-03 07:26:50',1358,NULL,NULL,NULL,NULL,NULL),(832,6,28,0,5074995601,0,0,1727,NULL,NULL,1727,10,NULL,0,0,'2022-06-03 07:27:03',1358,NULL,NULL,NULL,NULL,NULL),(833,6,28,0,5074995601,0,0,1728,NULL,NULL,1728,10,NULL,0,0,'2022-06-03 07:31:13',1358,NULL,NULL,NULL,NULL,NULL),(834,6,28,0,5074995601,0,0,1727,NULL,NULL,1727,10,NULL,0,0,'2022-06-03 07:34:17',1358,NULL,NULL,NULL,NULL,NULL),(835,6,28,0,5074995601,0,0,1728,NULL,NULL,1728,10,NULL,0,0,'2022-06-03 07:34:20',1358,NULL,NULL,NULL,NULL,NULL),(836,6,28,0,5074995601,0,0,1728,NULL,NULL,1728,10,NULL,0,0,'2022-06-03 07:34:49',1358,NULL,NULL,NULL,NULL,NULL),(837,6,28,0,5074995601,0,0,1728,NULL,NULL,1728,10,NULL,0,0,'2022-06-03 07:38:46',1358,NULL,NULL,NULL,NULL,NULL),(838,6,28,0,5074995601,0,0,NULL,NULL,NULL,NULL,10,NULL,0,0,'2022-06-03 07:39:02',1358,NULL,NULL,NULL,NULL,NULL),(839,6,28,0,5074995601,0,0,1728,NULL,NULL,1728,10,NULL,0,0,'2022-06-03 07:39:10',1358,NULL,NULL,NULL,NULL,NULL),(840,6,28,0,5074995601,0,0,NULL,NULL,NULL,NULL,10,NULL,0,0,'2022-06-03 07:41:53',1358,NULL,NULL,NULL,NULL,NULL),(841,6,13,0,5074995601,0,0,1716,1718,NULL,1718,10,NULL,0,0,'2022-06-03 07:42:11',1358,NULL,NULL,NULL,NULL,NULL),(842,6,13,0,5074995601,0,0,NULL,NULL,NULL,NULL,10,NULL,0,0,'2022-06-03 08:09:19',1358,NULL,NULL,NULL,NULL,NULL),(843,6,17,0,5074995601,0,0,1895,NULL,NULL,1895,10,NULL,0,0,'2022-06-03 08:09:23',1358,NULL,NULL,NULL,NULL,NULL),(844,6,17,0,5074995601,0,0,1896,1900,NULL,1900,10,NULL,0,0,'2022-06-03 08:09:27',1358,NULL,NULL,NULL,NULL,NULL),(845,6,17,0,5074995601,0,0,1895,1897,NULL,1897,10,NULL,0,0,'2022-06-03 08:11:42',1358,NULL,NULL,NULL,NULL,NULL),(846,6,19,0,940108284,0,0,837,842,NULL,842,10,NULL,0,0,'2022-06-03 09:22:35',1808,NULL,NULL,NULL,NULL,NULL),(847,6,19,0,940108284,0,0,840,1701,NULL,1701,10,NULL,0,0,'2022-06-03 09:22:56',1808,NULL,NULL,NULL,NULL,NULL),(848,6,19,0,940108284,0,0,NULL,NULL,NULL,NULL,10,NULL,0,0,'2022-06-03 09:23:19',1808,NULL,NULL,NULL,NULL,NULL),(849,6,18,0,940108284,0,0,828,NULL,NULL,828,10,NULL,0,0,'2022-06-03 09:23:24',1808,NULL,NULL,NULL,NULL,NULL),(850,6,18,0,940108284,0,0,NULL,NULL,NULL,NULL,10,NULL,0,0,'2022-06-03 09:23:34',1808,NULL,NULL,NULL,NULL,NULL),(851,6,18,0,940108284,1,0,NULL,NULL,NULL,NULL,10,'2022-06-10 11:19:27',0,0,'2022-06-03 11:19:27',1808,NULL,NULL,NULL,NULL,NULL),(852,6,17,0,940108284,1,0,NULL,NULL,NULL,NULL,10,'2022-06-10 11:19:29',0,0,'2022-06-03 11:19:29',1808,NULL,NULL,NULL,NULL,NULL),(853,6,13,0,5074995601,0,0,1716,NULL,NULL,1716,10,NULL,0,0,'2022-06-03 14:39:51',1358,NULL,NULL,NULL,NULL,NULL),(854,6,13,0,5074995601,0,0,1717,NULL,NULL,1717,10,NULL,0,0,'2022-06-03 14:39:55',1358,NULL,NULL,NULL,NULL,NULL),(855,6,13,0,5074995601,0,0,1716,1718,NULL,1718,10,NULL,0,0,'2022-06-03 14:39:59',1358,NULL,NULL,NULL,NULL,NULL),(856,6,13,0,5074995601,0,0,1716,1719,NULL,1719,10,NULL,0,0,'2022-06-03 14:40:25',1358,NULL,NULL,NULL,NULL,NULL),(857,6,13,0,5074995601,0,0,NULL,NULL,NULL,NULL,10,NULL,0,0,'2022-06-03 14:41:14',1358,NULL,NULL,NULL,NULL,NULL),(858,6,12,0,5074995601,0,0,334,1733,NULL,1733,10,NULL,0,0,'2022-06-03 14:41:30',1358,NULL,NULL,NULL,NULL,NULL),(859,6,12,0,5074995601,0,0,334,NULL,NULL,334,10,NULL,0,0,'2022-06-03 14:41:39',1358,NULL,NULL,NULL,NULL,NULL),(860,6,13,0,5074995601,0,0,1717,NULL,NULL,1717,10,NULL,0,0,'2022-06-03 14:46:14',1358,NULL,NULL,NULL,NULL,NULL),(861,6,13,0,5074995601,0,0,1717,408,NULL,408,10,NULL,0,0,'2022-06-03 14:46:20',1358,NULL,NULL,NULL,NULL,NULL),(862,6,13,0,5074995601,0,0,NULL,NULL,NULL,NULL,10,NULL,0,0,'2022-06-03 14:46:41',1358,NULL,NULL,NULL,NULL,NULL),(863,6,16,0,5074995601,0,0,1630,NULL,NULL,1630,10,NULL,0,0,'2022-06-03 14:46:44',1358,NULL,NULL,NULL,NULL,NULL),(864,6,16,0,5074995601,0,0,NULL,NULL,NULL,NULL,10,NULL,0,0,'2022-06-03 14:47:24',1358,NULL,NULL,NULL,NULL,NULL),(865,6,17,0,5074995601,0,0,1895,1897,NULL,1897,10,NULL,0,0,'2022-06-03 14:47:26',1358,NULL,NULL,NULL,NULL,NULL),(866,6,18,0,5074995601,0,0,828,NULL,NULL,828,10,NULL,0,0,'2022-06-03 14:56:46',1358,NULL,NULL,NULL,NULL,NULL),(867,6,18,0,5074995601,0,0,NULL,NULL,NULL,NULL,10,NULL,0,0,'2022-06-03 14:57:00',1358,NULL,NULL,NULL,NULL,NULL),(868,6,19,0,5074995601,0,0,837,843,NULL,843,10,NULL,0,0,'2022-06-03 14:57:03',1358,NULL,NULL,NULL,NULL,NULL),(869,6,19,0,5074995601,0,0,NULL,NULL,NULL,NULL,10,NULL,0,0,'2022-06-03 14:57:30',1358,NULL,NULL,NULL,NULL,NULL),(870,6,28,0,5074995601,0,0,1727,NULL,NULL,1727,10,NULL,0,0,'2022-06-03 14:57:34',1358,NULL,NULL,NULL,NULL,NULL),(871,6,28,0,5074995601,0,0,1728,NULL,NULL,1728,10,NULL,0,0,'2022-06-03 14:57:51',1358,NULL,NULL,NULL,NULL,NULL),(872,6,28,0,5074995601,0,0,NULL,NULL,NULL,NULL,10,NULL,0,0,'2022-06-03 14:58:21',1358,NULL,NULL,NULL,NULL,NULL),(873,6,17,0,5074995601,0,0,1895,1897,NULL,1897,10,NULL,0,0,'2022-06-03 18:31:26',1358,NULL,NULL,NULL,NULL,NULL),(874,6,17,0,5074995601,0,0,1895,1897,NULL,1897,10,NULL,0,0,'2022-06-03 18:37:00',1358,NULL,NULL,NULL,NULL,NULL),(875,6,17,0,5074995601,0,0,1895,1897,NULL,1897,10,NULL,0,0,'2022-06-03 18:41:11',1358,NULL,NULL,NULL,NULL,NULL),(876,6,17,0,5074995601,0,0,NULL,NULL,NULL,NULL,10,NULL,0,0,'2022-06-03 18:41:47',1358,NULL,NULL,NULL,NULL,NULL),(877,6,16,0,5074995601,0,0,1628,NULL,NULL,1628,10,NULL,0,0,'2022-06-03 19:34:43',1358,NULL,NULL,NULL,NULL,NULL),(878,6,16,0,5074995601,0,0,1630,NULL,NULL,1630,10,NULL,0,0,'2022-06-03 19:35:37',1358,NULL,NULL,NULL,NULL,NULL),(879,6,16,0,5074995601,0,0,NULL,NULL,NULL,NULL,10,NULL,0,0,'2022-06-03 19:35:41',1358,NULL,NULL,NULL,NULL,NULL),(880,6,16,0,5074995601,0,0,1568,1572,NULL,1572,10,NULL,0,0,'2022-06-03 19:41:42',1358,NULL,NULL,NULL,NULL,NULL),(881,6,28,0,5074995601,0,0,NULL,1728,NULL,1728,10,NULL,0,0,'2022-06-03 21:10:50',1358,NULL,NULL,NULL,NULL,NULL),(882,6,28,0,5074995601,0,0,NULL,NULL,1728,1728,10,NULL,0,0,'2022-06-03 21:11:07',1358,NULL,NULL,NULL,NULL,NULL),(883,6,28,0,5074995601,0,0,1728,NULL,NULL,1728,10,NULL,0,0,'2022-06-03 21:11:21',1358,NULL,NULL,NULL,NULL,NULL),(884,14,21,0,5074995601,0,0,1437,NULL,NULL,NULL,10,NULL,0,0,'2022-06-03 21:11:54',1358,NULL,'down',NULL,82,'numeric'),(885,14,21,0,5074995601,0,0,NULL,NULL,NULL,NULL,10,NULL,0,0,'2022-06-03 21:12:14',1358,NULL,NULL,NULL,NULL,NULL),(886,6,2,0,1262603427,0,0,1,NULL,NULL,1,10,NULL,0,0,'2022-06-03 21:53:02',1358,NULL,NULL,NULL,NULL,NULL),(887,14,20,0,1262603427,0,0,1237,NULL,NULL,NULL,10,NULL,0,0,'2022-06-03 21:53:39',1358,NULL,'up',1,9,'numeric'),(888,6,2,0,5275433254,0,0,3,1772,NULL,1772,10,NULL,0,0,'2022-06-03 21:53:44',NULL,NULL,NULL,NULL,NULL,NULL),(889,6,2,0,1262603427,0,0,1,NULL,NULL,1,10,NULL,0,0,'2022-06-03 21:56:18',1358,NULL,NULL,NULL,NULL,NULL),(890,6,2,0,1262603427,0,0,2,NULL,NULL,2,10,NULL,0,0,'2022-06-03 21:56:37',1358,NULL,NULL,NULL,NULL,NULL),(891,6,2,0,1262603427,0,0,3,10,NULL,10,10,NULL,0,0,'2022-06-03 21:56:57',1358,NULL,NULL,NULL,NULL,NULL),(892,6,2,0,1262603427,0,0,4,14,NULL,14,10,NULL,0,0,'2022-06-03 21:57:16',1358,NULL,NULL,NULL,NULL,NULL),(893,6,2,7,1262603427,0,0,5,NULL,NULL,5,10,NULL,0,0,'2022-06-03 21:57:35',1358,NULL,NULL,NULL,NULL,NULL),(894,6,2,0,1262603427,0,0,6,NULL,NULL,6,10,NULL,0,0,'2022-06-03 21:58:03',1358,NULL,NULL,NULL,NULL,NULL),(895,6,2,0,1262603427,0,0,6,NULL,NULL,6,10,NULL,0,0,'2022-06-03 21:58:32',1358,NULL,NULL,NULL,NULL,NULL),(896,6,2,0,1262603427,0,0,7,NULL,NULL,7,10,NULL,0,0,'2022-06-03 22:00:23',1358,NULL,NULL,NULL,NULL,NULL),(897,6,2,0,1262603427,0,0,8,NULL,NULL,8,10,NULL,0,0,'2022-06-03 22:00:48',1358,NULL,NULL,NULL,NULL,NULL),(898,6,2,0,1262603427,0,0,NULL,NULL,NULL,NULL,10,NULL,0,0,'2022-06-03 22:01:06',1358,NULL,NULL,NULL,NULL,NULL),(899,6,12,0,1262603427,0,0,334,335,NULL,335,10,NULL,0,0,'2022-06-03 22:01:08',1358,NULL,NULL,NULL,NULL,NULL),(900,6,2,0,5074995601,0,0,6,NULL,NULL,6,10,NULL,0,0,'2022-06-03 22:02:53',1358,NULL,NULL,NULL,NULL,NULL),(901,6,12,0,1262603427,0,0,364,365,NULL,365,10,NULL,0,0,'2022-06-03 22:03:12',1358,NULL,NULL,NULL,NULL,NULL),(902,6,12,0,1262603427,0,0,388,389,NULL,389,10,NULL,0,0,'2022-06-03 22:03:22',1358,NULL,NULL,NULL,NULL,NULL),(903,6,12,0,1262603427,0,0,1755,1756,NULL,1756,10,NULL,0,0,'2022-06-03 22:04:01',1358,NULL,NULL,NULL,NULL,NULL),(904,6,12,0,1262603427,0,0,364,368,NULL,368,10,NULL,0,0,'2022-06-03 22:04:10',1358,NULL,NULL,NULL,NULL,NULL),(905,6,12,0,1262603427,0,0,NULL,NULL,NULL,NULL,10,NULL,0,0,'2022-06-03 22:04:22',1358,NULL,NULL,NULL,NULL,NULL),(906,6,13,0,1262603427,0,0,1716,1718,NULL,1718,10,NULL,0,0,'2022-06-03 22:04:36',1358,NULL,NULL,NULL,NULL,NULL),(907,6,13,0,1262603427,0,0,1716,1718,NULL,1718,10,NULL,0,0,'2022-06-03 22:05:04',1358,NULL,NULL,NULL,NULL,NULL),(908,6,13,0,1262603427,0,0,1717,411,NULL,411,10,NULL,0,0,'2022-06-03 22:05:15',1358,NULL,NULL,NULL,NULL,NULL),(909,6,2,0,5074995601,0,0,6,NULL,NULL,6,10,NULL,0,0,'2022-06-03 22:05:18',1358,NULL,NULL,NULL,NULL,NULL),(910,6,13,0,1262603427,0,0,NULL,NULL,NULL,NULL,10,NULL,0,0,'2022-06-03 22:05:18',1358,NULL,NULL,NULL,NULL,NULL),(911,6,13,0,1262603427,0,0,1716,1720,NULL,1720,10,NULL,0,0,'2022-06-03 22:05:21',1358,NULL,NULL,NULL,NULL,NULL),(912,6,13,0,1262603427,0,0,1717,405,NULL,405,10,NULL,0,0,'2022-06-03 22:05:28',1358,NULL,NULL,NULL,NULL,NULL),(913,6,13,0,1262603427,0,0,1717,405,NULL,405,10,NULL,0,0,'2022-06-03 22:05:47',1358,NULL,NULL,NULL,NULL,NULL),(914,6,13,0,1262603427,0,0,1717,410,NULL,410,10,NULL,0,0,'2022-06-03 22:05:58',1358,NULL,NULL,NULL,NULL,NULL),(915,6,13,0,1262603427,0,0,1717,407,NULL,407,10,NULL,0,0,'2022-06-03 22:06:02',1358,NULL,NULL,NULL,NULL,NULL),(916,6,13,0,1262603427,0,0,NULL,NULL,NULL,NULL,10,NULL,0,0,'2022-06-03 22:06:08',1358,NULL,NULL,NULL,NULL,NULL),(917,6,16,0,1262603427,0,0,1568,1569,NULL,1569,10,NULL,0,0,'2022-06-03 22:06:11',1358,NULL,NULL,NULL,NULL,NULL),(918,6,16,0,1262603427,0,0,1629,NULL,NULL,1629,10,NULL,0,0,'2022-06-03 22:06:39',1358,NULL,NULL,NULL,NULL,NULL),(919,6,16,0,1262603427,0,0,1628,NULL,NULL,1628,10,NULL,0,0,'2022-06-03 22:06:41',1358,NULL,NULL,NULL,NULL,NULL),(920,6,16,0,1262603427,0,0,1630,NULL,NULL,1630,10,NULL,0,0,'2022-06-03 22:06:44',1358,NULL,NULL,NULL,NULL,NULL),(921,6,16,0,1262603427,0,0,1631,NULL,NULL,1631,10,NULL,0,0,'2022-06-03 22:06:46',1358,NULL,NULL,NULL,NULL,NULL),(922,6,16,0,1262603427,0,0,1632,NULL,NULL,1632,10,NULL,0,0,'2022-06-03 22:06:48',1358,NULL,NULL,NULL,NULL,NULL),(923,6,16,0,1262603427,0,0,1633,NULL,NULL,1633,10,NULL,0,0,'2022-06-03 22:06:50',1358,NULL,NULL,NULL,NULL,NULL),(924,6,16,0,1262603427,0,0,1634,NULL,NULL,1634,10,NULL,0,0,'2022-06-03 22:06:52',1358,NULL,NULL,NULL,NULL,NULL),(925,6,16,0,1262603427,0,0,1635,NULL,NULL,1635,10,NULL,0,0,'2022-06-03 22:06:55',1358,NULL,NULL,NULL,NULL,NULL),(926,6,16,0,1262603427,0,0,1636,NULL,NULL,1636,10,NULL,0,0,'2022-06-03 22:06:59',1358,NULL,NULL,NULL,NULL,NULL),(927,6,16,0,1262603427,0,0,NULL,NULL,NULL,NULL,10,NULL,0,0,'2022-06-03 22:07:01',1358,NULL,NULL,NULL,NULL,NULL),(928,6,17,0,1262603427,0,0,1895,1897,NULL,1897,10,NULL,0,0,'2022-06-03 22:07:04',1358,NULL,NULL,NULL,NULL,NULL),(929,6,17,0,1262603427,0,0,1896,1900,NULL,1900,10,NULL,0,0,'2022-06-03 22:07:53',1358,NULL,NULL,NULL,NULL,NULL),(930,6,17,0,1262603427,0,0,1896,1900,NULL,1900,10,NULL,0,0,'2022-06-03 22:08:03',1358,NULL,NULL,NULL,NULL,NULL),(931,6,17,0,1262603427,0,0,1896,1901,NULL,1901,10,NULL,0,0,'2022-06-03 22:08:07',1358,NULL,NULL,NULL,NULL,NULL),(932,6,17,0,5074995601,0,0,1896,1901,NULL,1901,10,NULL,0,0,'2022-06-03 22:10:26',1358,NULL,NULL,NULL,NULL,NULL),(933,6,17,0,5074995601,0,0,1895,1897,NULL,1897,10,NULL,0,0,'2022-06-03 22:10:32',1358,NULL,NULL,NULL,NULL,NULL),(934,6,17,0,5074995601,0,0,1896,1900,NULL,1900,10,NULL,0,0,'2022-06-03 22:10:42',1358,NULL,NULL,NULL,NULL,NULL),(935,6,17,0,5074995601,0,0,NULL,NULL,NULL,NULL,10,NULL,0,0,'2022-06-03 22:10:49',1358,NULL,NULL,NULL,NULL,NULL),(936,6,18,0,1262603427,0,0,828,NULL,NULL,828,10,NULL,0,0,'2022-06-03 22:11:01',1358,NULL,NULL,NULL,NULL,NULL),(937,6,18,0,1262603427,0,0,829,NULL,NULL,829,10,NULL,0,0,'2022-06-03 22:11:04',1358,NULL,NULL,NULL,NULL,NULL),(938,6,18,0,1262603427,0,0,830,NULL,NULL,830,10,NULL,0,0,'2022-06-03 22:11:06',1358,NULL,NULL,NULL,NULL,NULL),(939,6,18,0,1262603427,0,0,1645,NULL,NULL,1645,10,NULL,0,0,'2022-06-03 22:11:08',1358,NULL,NULL,NULL,NULL,NULL),(940,6,18,0,1262603427,0,0,836,NULL,NULL,836,10,NULL,0,0,'2022-06-03 22:11:11',1358,NULL,NULL,NULL,NULL,NULL),(941,6,18,0,1262603427,0,0,NULL,NULL,NULL,NULL,10,NULL,0,0,'2022-06-03 22:11:17',1358,NULL,NULL,NULL,NULL,NULL),(942,6,19,0,1262603427,0,0,837,842,NULL,842,10,NULL,0,0,'2022-06-03 22:11:20',1358,NULL,NULL,NULL,NULL,NULL),(943,6,19,0,1262603427,0,0,837,842,NULL,842,10,NULL,0,0,'2022-06-03 22:11:30',1358,NULL,NULL,NULL,NULL,NULL),(944,6,19,0,1262603427,0,0,838,1654,NULL,1654,10,NULL,0,0,'2022-06-03 22:12:33',1358,NULL,NULL,NULL,NULL,NULL),(945,6,19,0,1262603427,0,0,NULL,NULL,NULL,NULL,10,NULL,0,0,'2022-06-03 22:12:43',1358,NULL,NULL,NULL,NULL,NULL),(946,6,28,0,1262603427,0,0,1727,NULL,NULL,1727,10,NULL,0,0,'2022-06-03 22:12:45',1358,NULL,NULL,NULL,NULL,NULL),(947,6,28,0,1262603427,0,0,1728,NULL,NULL,1728,10,NULL,0,0,'2022-06-03 22:12:49',1358,NULL,NULL,NULL,NULL,NULL),(948,6,28,0,1262603427,0,0,NULL,NULL,NULL,NULL,10,NULL,0,0,'2022-06-03 22:12:58',1358,NULL,NULL,NULL,NULL,NULL),(949,14,20,0,1262603427,0,0,NULL,NULL,NULL,NULL,10,NULL,0,0,'2022-06-03 22:13:27',1358,NULL,'up',4,29,'alpha'),(950,14,20,0,1262603427,0,0,1334,NULL,NULL,NULL,10,NULL,0,0,'2022-06-03 22:13:37',1358,NULL,'shoes',NULL,43,'eu'),(951,14,20,0,1262603427,0,0,NULL,NULL,NULL,NULL,10,NULL,0,0,'2022-06-03 22:14:29',1358,NULL,NULL,NULL,NULL,NULL),(952,6,12,0,1262603427,0,0,334,1733,NULL,1733,10,NULL,0,0,'2022-06-03 22:22:13',1358,NULL,NULL,NULL,NULL,NULL),(953,6,13,0,1262603427,1,0,NULL,NULL,NULL,NULL,10,'2022-06-10 22:41:07',0,0,'2022-06-03 22:41:07',1358,NULL,NULL,NULL,NULL,NULL),(954,6,17,0,1262603427,1,0,NULL,NULL,NULL,NULL,10,'2022-06-10 22:41:26',0,0,'2022-06-03 22:41:26',1358,NULL,NULL,NULL,NULL,NULL),(955,6,28,0,1262603427,1,0,NULL,NULL,NULL,NULL,10,'2022-06-10 22:41:28',0,0,'2022-06-03 22:41:28',1358,NULL,NULL,NULL,NULL,NULL),(956,6,19,0,1262603427,1,0,NULL,NULL,NULL,NULL,10,'2022-06-10 22:41:31',0,0,'2022-06-03 22:41:31',1358,NULL,NULL,NULL,NULL,NULL),(957,6,16,0,1262603427,1,7,NULL,NULL,NULL,NULL,10,'2022-06-10 22:41:34',0,0,'2022-06-03 22:41:34',1358,NULL,NULL,NULL,NULL,NULL),(958,14,20,0,1262603427,0,0,NULL,NULL,NULL,NULL,10,NULL,0,0,'2022-06-03 22:41:41',1358,NULL,'down',7,NULL,'alpha'),(959,14,20,0,1262603427,1,0,NULL,NULL,NULL,NULL,10,'2022-06-10 22:42:09',0,0,'2022-06-03 22:42:09',1358,NULL,NULL,NULL,NULL,NULL),(960,14,21,0,1262603427,1,15,NULL,NULL,NULL,NULL,10,'2022-06-10 22:42:13',0,0,'2022-06-03 22:42:13',1358,NULL,NULL,NULL,NULL,NULL),(961,6,28,0,1262603427,1,0,NULL,NULL,NULL,NULL,10,'2022-06-10 22:42:22',0,0,'2022-06-03 22:42:22',1358,NULL,NULL,NULL,NULL,NULL),(962,14,20,0,1262603427,1,0,NULL,NULL,NULL,NULL,10,'2022-06-10 22:42:26',0,0,'2022-06-03 22:42:26',1358,NULL,NULL,NULL,NULL,NULL),(963,14,21,0,1262603427,1,0,NULL,NULL,NULL,NULL,10,'2022-06-10 22:42:28',0,0,'2022-06-03 22:42:28',1358,NULL,NULL,NULL,NULL,NULL),(964,6,13,0,1262603427,1,0,NULL,NULL,NULL,NULL,10,'2022-06-10 22:42:33',0,0,'2022-06-03 22:42:33',1358,NULL,NULL,NULL,NULL,NULL),(967,6,16,0,5074995601,1,0,NULL,NULL,NULL,NULL,10,'2022-06-10 22:46:51',0,0,'2022-06-03 22:46:51',1358,NULL,NULL,NULL,NULL,NULL),(968,6,18,0,5074995601,1,0,NULL,NULL,NULL,NULL,10,'2022-06-10 22:48:30',0,0,'2022-06-03 22:48:30',1358,NULL,NULL,NULL,NULL,NULL),(969,6,17,0,1262603427,1,0,NULL,NULL,NULL,NULL,10,'2022-06-10 22:49:52',0,0,'2022-06-03 22:49:52',1358,NULL,NULL,NULL,NULL,NULL),(970,6,12,0,5074995601,0,0,334,336,NULL,336,10,NULL,0,0,'2022-06-05 10:19:12',1358,NULL,NULL,NULL,NULL,NULL),(971,6,17,0,5074995601,0,0,1895,NULL,NULL,1895,10,NULL,0,0,'2022-06-05 10:38:00',1358,NULL,NULL,NULL,NULL,NULL),(972,6,17,0,5074995601,0,0,1896,1900,NULL,1900,10,NULL,0,0,'2022-06-05 10:38:17',1358,NULL,NULL,NULL,NULL,NULL),(973,6,17,0,5074995601,0,0,1896,1901,NULL,1901,10,NULL,0,0,'2022-06-05 10:38:30',1358,NULL,NULL,NULL,NULL,NULL),(974,6,17,0,5074995601,0,0,1896,1901,NULL,1901,10,NULL,0,0,'2022-06-05 10:39:11',1358,NULL,NULL,NULL,NULL,NULL),(975,6,17,0,5074995601,0,0,NULL,NULL,NULL,NULL,10,NULL,0,0,'2022-06-05 10:39:22',1358,NULL,NULL,NULL,NULL,NULL),(976,6,18,0,5074995601,0,0,NULL,NULL,NULL,NULL,10,NULL,0,0,'2022-06-05 10:42:09',1358,NULL,NULL,NULL,NULL,NULL),(977,6,18,0,5074995601,0,0,835,NULL,NULL,835,10,NULL,0,0,'2022-06-05 10:42:12',1358,NULL,NULL,NULL,NULL,NULL),(978,6,2,0,1262603427,0,0,6,NULL,NULL,6,10,NULL,0,0,'2022-06-05 13:45:34',1358,NULL,NULL,NULL,NULL,NULL),(979,6,2,0,1262603427,0,0,6,NULL,NULL,6,10,NULL,0,0,'2022-06-05 13:45:45',1358,NULL,NULL,NULL,NULL,NULL),(980,6,12,13,1262603427,0,0,334,335,NULL,335,10,NULL,0,0,'2022-06-05 13:46:24',1358,NULL,NULL,NULL,NULL,NULL),(981,6,12,0,1262603427,0,0,334,335,NULL,335,10,NULL,0,0,'2022-06-05 13:46:31',1358,NULL,NULL,NULL,NULL,NULL),(982,6,12,0,1262603427,0,0,NULL,NULL,NULL,NULL,10,NULL,0,0,'2022-06-05 13:46:51',1358,NULL,NULL,NULL,NULL,NULL),(983,6,12,11,1262603427,0,0,1755,1756,NULL,1756,10,NULL,0,0,'2022-06-05 13:46:54',1358,NULL,NULL,NULL,NULL,NULL),(984,6,16,0,1262603427,0,0,1629,NULL,NULL,1629,10,NULL,0,0,'2022-06-05 13:47:22',1358,NULL,NULL,NULL,NULL,NULL),(985,6,16,0,1262603427,0,0,1632,NULL,NULL,1632,10,NULL,0,0,'2022-06-05 13:47:25',1358,NULL,NULL,NULL,NULL,NULL),(986,6,17,0,1262603427,0,0,1896,NULL,NULL,1896,10,NULL,0,0,'2022-06-05 13:47:42',1358,NULL,NULL,NULL,NULL,NULL),(987,6,17,0,1262603427,0,0,1895,1897,NULL,1897,10,NULL,0,0,'2022-06-05 13:47:46',1358,NULL,NULL,NULL,NULL,NULL),(988,6,17,0,1262603427,0,0,1895,NULL,NULL,1895,10,NULL,0,0,'2022-06-05 13:47:56',1358,NULL,NULL,NULL,NULL,NULL),(989,6,17,0,1262603427,0,0,1896,1900,NULL,1900,10,NULL,0,0,'2022-06-05 13:49:17',1358,NULL,NULL,NULL,NULL,NULL),(990,6,17,0,1262603427,0,0,1896,1901,NULL,1901,10,NULL,0,0,'2022-06-05 13:49:34',1358,NULL,NULL,NULL,NULL,NULL),(991,6,19,0,1262603427,0,0,839,1679,NULL,1679,10,NULL,0,0,'2022-06-05 13:51:54',1358,NULL,NULL,NULL,NULL,NULL),(992,6,19,0,1262603427,0,0,839,1678,NULL,1678,10,NULL,0,0,'2022-06-05 13:51:58',1358,NULL,NULL,NULL,NULL,NULL),(993,6,19,0,1262603427,0,0,NULL,NULL,NULL,NULL,10,NULL,0,0,'2022-06-05 13:52:10',1358,NULL,NULL,NULL,NULL,NULL),(994,6,28,0,1262603427,0,0,1727,NULL,NULL,1727,10,NULL,0,0,'2022-06-05 13:52:20',1358,NULL,NULL,NULL,NULL,NULL),(995,6,28,0,1262603427,0,0,1728,NULL,NULL,1728,10,NULL,0,0,'2022-06-05 13:52:24',1358,NULL,NULL,NULL,NULL,NULL),(996,6,28,0,1262603427,0,0,NULL,NULL,NULL,NULL,10,NULL,0,0,'2022-06-05 13:52:39',1358,NULL,NULL,NULL,NULL,NULL),(997,14,20,0,1262603427,0,0,1246,NULL,NULL,NULL,10,NULL,0,0,'2022-06-05 13:52:51',1358,NULL,'up',2,22,'alpha'),(998,6,28,0,5074995601,0,0,1727,NULL,NULL,1727,10,NULL,0,0,'2022-06-05 14:00:07',1358,NULL,NULL,NULL,NULL,NULL),(999,6,28,0,5074995601,0,0,1728,NULL,NULL,1728,10,NULL,0,0,'2022-06-05 14:00:56',1358,NULL,NULL,NULL,NULL,NULL),(1000,6,28,0,5074995601,0,0,1728,NULL,NULL,1728,10,NULL,0,0,'2022-06-05 14:01:10',1358,NULL,NULL,NULL,NULL,NULL),(1001,6,28,0,5074995601,0,0,1727,NULL,NULL,1727,10,NULL,0,0,'2022-06-05 14:01:13',1358,NULL,NULL,NULL,NULL,NULL),(1002,6,17,0,1262603427,0,0,1896,1901,NULL,1901,10,NULL,0,0,'2022-06-05 14:02:03',1358,NULL,NULL,NULL,NULL,NULL),(1003,6,17,0,1262603427,0,0,1896,1901,NULL,1901,10,NULL,0,0,'2022-06-05 14:02:26',1358,NULL,NULL,NULL,NULL,NULL),(1004,6,17,0,1262603427,0,0,1896,1901,NULL,1901,10,NULL,0,0,'2022-06-05 14:03:03',1358,NULL,NULL,NULL,NULL,NULL),(1005,6,17,0,1262603427,0,0,1896,1901,NULL,1901,10,NULL,0,0,'2022-06-05 14:05:11',1358,NULL,NULL,NULL,NULL,NULL),(1006,6,17,0,5074995601,0,0,1896,1901,NULL,1901,10,NULL,0,0,'2022-06-05 14:05:16',1358,NULL,NULL,NULL,NULL,NULL),(1007,6,17,0,1262603427,0,0,NULL,NULL,NULL,NULL,10,NULL,0,0,'2022-06-05 20:59:52',1358,NULL,NULL,NULL,NULL,NULL),(1008,6,17,0,5074995601,0,0,NULL,NULL,NULL,NULL,10,NULL,0,0,'2022-06-05 22:11:28',1358,NULL,NULL,NULL,NULL,NULL),(1009,14,20,0,5074995601,0,0,1237,NULL,NULL,NULL,10,NULL,0,0,'2022-06-05 22:11:33',1358,NULL,'up',NULL,NULL,NULL);
/*!40000 ALTER TABLE `finds` ENABLE KEYS */;
UNLOCK TABLES;

--
-- Table structure for table `mailing`
--

DROP TABLE IF EXISTS `mailing`;
/*!40101 SET @saved_cs_client     = @@character_set_client */;
/*!50503 SET character_set_client = utf8mb4 */;
CREATE TABLE `mailing` (
  `mail_id` int NOT NULL AUTO_INCREMENT,
  `mail_datetime` datetime DEFAULT CURRENT_TIMESTAMP,
  `mail_text` varchar(4000) DEFAULT NULL,
  `mail_addition_type` enum('text','photo','doc','voice','audio') DEFAULT 'photo',
  `mail_additional_ident` varchar(255) DEFAULT NULL,
  `mail_button_text` varchar(1023) DEFAULT NULL,
  `message_copy_id` int DEFAULT NULL,
  `is_sent` tinyint(1) DEFAULT '0',
  `count_people_get` int DEFAULT '0',
  `count_people_all` int DEFAULT '0',
  `user_id` bigint DEFAULT NULL,
  `city_id` varchar(15) DEFAULT '0',
  PRIMARY KEY (`mail_id`)
) ENGINE=InnoDB AUTO_INCREMENT=23 DEFAULT CHARSET=utf8mb4 COLLATE=utf8mb4_0900_ai_ci;
/*!40101 SET character_set_client = @saved_cs_client */;

--
-- Dumping data for table `mailing`
--

LOCK TABLES `mailing` WRITE;
/*!40000 ALTER TABLE `mailing` DISABLE KEYS */;
/*!40000 ALTER TABLE `mailing` ENABLE KEYS */;
UNLOCK TABLES;

--
-- Table structure for table `notifications_ads`
--

DROP TABLE IF EXISTS `notifications_ads`;
/*!40101 SET @saved_cs_client     = @@character_set_client */;
/*!50503 SET character_set_client = utf8mb4 */;
CREATE TABLE `notifications_ads` (
  `id` int NOT NULL AUTO_INCREMENT,
  `find_id` int DEFAULT NULL,
  `ad_id` int DEFAULT NULL,
  PRIMARY KEY (`id`)
) ENGINE=InnoDB AUTO_INCREMENT=34 DEFAULT CHARSET=utf8mb4 COLLATE=utf8mb4_0900_ai_ci;
/*!40101 SET character_set_client = @saved_cs_client */;

--
-- Dumping data for table `notifications_ads`
--

LOCK TABLES `notifications_ads` WRITE;
/*!40000 ALTER TABLE `notifications_ads` DISABLE KEYS */;
INSERT INTO `notifications_ads` VALUES (1,298,463),(2,298,465),(3,298,471),(4,298,472),(5,298,473),(6,298,475),(7,299,463),(8,299,465),(9,299,471),(10,299,472),(11,299,473),(12,299,475),(13,300,463),(14,300,465),(15,300,471),(16,300,472),(17,300,473),(18,300,475),(19,301,463),(20,301,465),(21,301,471),(22,301,472),(23,301,473),(24,301,475),(32,308,479),(33,377,486);
/*!40000 ALTER TABLE `notifications_ads` ENABLE KEYS */;
UNLOCK TABLES;

--
-- Table structure for table `options`
--

DROP TABLE IF EXISTS `options`;
/*!40101 SET @saved_cs_client     = @@character_set_client */;
/*!50503 SET character_set_client = utf8mb4 */;
CREATE TABLE `options` (
  `option_id` int NOT NULL AUTO_INCREMENT,
  `param_id` int DEFAULT NULL,
  `option_name` varchar(127) DEFAULT NULL,
  PRIMARY KEY (`option_id`)
) ENGINE=InnoDB AUTO_INCREMENT=364 DEFAULT CHARSET=utf8mb4 COLLATE=utf8mb4_0900_ai_ci;
/*!40101 SET character_set_client = @saved_cs_client */;

--
-- Dumping data for table `options`
--

LOCK TABLES `options` WRITE;
/*!40000 ALTER TABLE `options` DISABLE KEYS */;
INSERT INTO `options` VALUES (1,1,'2'),(2,1,'4'),(3,1,'8'),(4,1,'16'),(5,1,'32'),(6,1,'64'),(7,1,'128'),(8,1,'256'),(9,1,'512'),(10,1,'1 '),(11,1,'2 '),(12,2,' '),(13,2,' '),(14,2,''),(15,2,''),(16,2,''),(17,2,''),(18,2,''),(19,2,''),(20,2,''),(21,2,''),(22,2,''),(23,2,''),(24,2,''),(25,2,''),(26,2,''),(27,3,''),(28,3,''),(29,3,''),(30,4,''),(31,4,''),(37,2,''),(38,2,' '),(39,2,' '),(40,2,' '),(41,2,' '),(42,2,' '),(43,2,'  '),(44,2,''),(45,2,''),(46,2,''),(47,2,'  '),(48,2,' '),(49,2,' '),(50,2,' '),(51,2,''),(77,2,'  '),(78,2,' '),(79,2,' '),(80,2,' '),(81,2,' '),(82,2,'-'),(83,2,'- '),(84,2,' '),(85,2,' '),(86,2,'- '),(87,2,' '),(88,2,'  '),(89,2,' '),(90,2,' '),(91,2,' '),(92,2,' '),(93,2,' '),(94,2,' '),(95,2,' '),(96,2,' '),(97,2,' '),(98,2,''),(99,2,' '),(100,2,' '),(101,2,'-'),(102,2,' '),(103,2,' '),(104,2,' '),(105,2,' '),(106,2,'  '),(107,2,' '),(108,2,'- '),(109,2,' '),(110,2,' '),(111,2,'-'),(112,2,' '),(113,2,'  '),(114,2,'  '),(115,2,' '),(116,2,' '),(117,2,' '),(118,2,'  '),(119,2,' '),(120,2,'  '),(121,2,'- '),(122,2,' '),(123,2,'  '),(124,2,' '),(125,2,' '),(126,2,' '),(127,2,'  '),(128,2,' '),(129,2,' '),(130,2,' '),(131,2,'-'),(132,2,' '),(133,2,'  '),(134,2,' '),(135,2,' '),(136,2,' '),(137,2,' '),(138,2,' '),(139,2,'  '),(140,2,'  '),(141,2,' '),(142,2,' '),(143,2,'-'),(144,2,' '),(145,2,' '),(146,2,' '),(147,2,' '),(148,2,'  '),(149,2,' '),(150,2,' '),(151,2,' '),(152,2,'  '),(153,2,'  '),(154,2,' '),(155,4,''),(156,4,''),(157,2,' '),(158,2,'  '),(159,2,' '),(160,2,''),(161,2,'  '),(162,2,' '),(163,2,' '),(164,2,''),(165,2,''),(166,2,''),(167,2,' '),(168,2,'  '),(169,2,' '),(170,2,' '),(171,2,''),(172,2,' '),(173,2,' '),(174,2,''),(175,2,''),(176,2,''),(177,2,' '),(178,2,''),(179,2,' '),(180,2,' '),(181,2,'  '),(182,2,'  '),(183,2,' '),(184,2,''),(185,2,''),(186,2,''),(187,2,'Charcoal Lnk'),(188,2,' '),(189,2,'Arctic Sky'),(190,2,'Gray sierra'),(191,2,''),(192,2,' '),(193,2,'Blue Void'),(194,2,' '),(195,2,' '),(196,2,'Green wood'),(197,2,'Winter mist'),(198,2,'blue haze'),(199,2,' '),(200,2,' '),(201,2,''),(202,2,' '),(203,2,''),(204,2,' '),(205,2,' '),(206,2,' '),(207,2,''),(208,2,' '),(209,2,''),(210,2,'Mario Edition'),(211,2,'  '),(212,2,'/'),(213,2,' '),(214,2,' '),(215,2,''),(216,2,' '),(217,2,'-'),(218,2,' '),(219,2,' - '),(220,2,''),(221,2,''),(222,2,' '),(223,2,'6'),(224,2,' '),(225,2,''),(226,2,' '),(227,11,''),(228,11,', , '),(229,11,'  '),(230,11,''),(231,11,'  '),(232,12,''),(233,12,''),(234,12,' '),(235,12,' '),(236,12,''),(237,12,' '),(238,12,'   '),(239,12,''),(240,12,''),(241,12,''),(242,12,'   '),(243,12,'  '),(244,12,''),(245,12,'  '),(246,12,''),(247,12,''),(248,12,''),(249,12,''),(250,12,''),(251,12,''),(252,12,' '),(253,12,'    '),(254,12,'    '),(255,12,''),(256,12,''),(257,12,' '),(258,12,''),(259,16,'35'),(260,16,'35,5'),(261,16,'36'),(262,16,'36,5'),(263,16,'37'),(264,16,'37,5'),(265,16,'38'),(266,16,'38,5'),(267,16,'39'),(268,16,'39,5'),(269,16,'40'),(270,16,'40,5'),(271,16,'41'),(272,16,'41,5'),(273,16,'42'),(274,16,'42,5'),(275,16,'43'),(276,16,'43,5'),(277,16,'44'),(278,16,'44,5'),(279,16,'45'),(280,16,'45,5'),(281,16,'46'),(282,16,'46,5'),(283,16,'47'),(284,17,'4'),(285,17,'4,5'),(286,17,'5'),(287,17,'5,5'),(288,17,'6'),(289,17,'6,5'),(290,17,'7'),(291,17,'7,5'),(292,17,'8'),(293,17,'8,5'),(294,17,'9'),(295,17,'9,5'),(296,17,'10'),(297,17,'10,5'),(298,17,'11'),(299,17,'11,5'),(300,17,'12'),(301,17,'12,5'),(302,17,'13'),(303,17,'13,5'),(304,17,'14'),(305,17,'14,5'),(306,17,'15'),(307,17,'15,5'),(308,17,'16'),(309,15,'XXS'),(310,15,'XS'),(311,15,'S'),(312,15,'M'),(313,15,'L'),(314,15,'XL'),(315,15,'XXL'),(316,15,'XXXL'),(317,15,'4XL'),(318,15,'5XL'),(319,14,'34'),(320,14,'36'),(321,14,'38'),(322,14,'40'),(323,14,'42'),(324,14,'44'),(325,14,'46'),(326,14,'48'),(327,14,'50'),(328,14,'52'),(329,14,'54'),(330,14,'56'),(331,14,'58'),(332,14,'60'),(333,14,'62'),(334,14,'64'),(335,14,'66'),(336,14,'68'),(337,14,'70'),(338,1,'1,5 '),(339,1,'4 '),(340,18,'Lightning '),(341,18,'USB C'),(342,18,'MicroUSB'),(343,2,' '),(344,2,' '),(345,2,' '),(346,2,'-'),(347,2,'-'),(348,2,' '),(349,2,' '),(350,2,'-'),(351,2,' '),(352,2,'Modernist  Teal'),(353,2,' '),(354,2,'Platinum Grey'),(355,2,'State grey'),(356,19,''),(357,2,'-'),(358,2,' '),(359,2,' '),(360,2,'-'),(361,18,'3,5'),(362,1,'825'),(363,1,'500');
/*!40000 ALTER TABLE `options` ENABLE KEYS */;
UNLOCK TABLES;

--
-- Table structure for table `params`
--

DROP TABLE IF EXISTS `params`;
/*!40101 SET @saved_cs_client     = @@character_set_client */;
/*!50503 SET character_set_client = utf8mb4 */;
CREATE TABLE `params` (
  `param_id` int NOT NULL AUTO_INCREMENT,
  `param_name` varchar(127) DEFAULT NULL,
  `param_type` enum('int','float','list','multilist') DEFAULT 'list',
  `question_text` varchar(511) DEFAULT NULL,
  PRIMARY KEY (`param_id`)
) ENGINE=InnoDB AUTO_INCREMENT=19 DEFAULT CHARSET=utf8mb4 COLLATE=utf8mb4_0900_ai_ci;
/*!40101 SET character_set_client = @saved_cs_client */;

--
-- Dumping data for table `params`
--

LOCK TABLES `params` WRITE;
/*!40000 ALTER TABLE `params` DISABLE KEYS */;
INSERT INTO `params` VALUES (1,'? ','list','  '),(2,' ','list',' '),(3,'? ','list','   '),(4,'? ','multilist','   ?'),(5,'','list','   ?'),(6,'','list',NULL),(7,'','list','  '),(8,'','list',' '),(9,'','list',' '),(10,'','list',' '),(11,'','list',' '),(12,'','list',' '),(13,' ','list','  '),(14,' ','list','  '),(15,' ','list','  '),(16,' ','list','   '),(17,' ','list','   '),(18,' ','list','  ');
/*!40000 ALTER TABLE `params` ENABLE KEYS */;
UNLOCK TABLES;

--
-- Table structure for table `payments`
--

DROP TABLE IF EXISTS `payments`;
/*!40101 SET @saved_cs_client     = @@character_set_client */;
/*!50503 SET character_set_client = utf8mb4 */;
CREATE TABLE `payments` (
  `payment_id` int NOT NULL AUTO_INCREMENT,
  `user_id` bigint DEFAULT NULL,
  `payment_status` enum('succeeded','wait') DEFAULT 'wait',
  `payment_date` datetime DEFAULT CURRENT_TIMESTAMP,
  `payment_amount` int DEFAULT NULL,
  `system_id` varchar(127) DEFAULT NULL,
  PRIMARY KEY (`payment_id`)
) ENGINE=InnoDB AUTO_INCREMENT=12 DEFAULT CHARSET=utf8mb4 COLLATE=utf8mb4_0900_ai_ci;
/*!40101 SET character_set_client = @saved_cs_client */;

--
-- Dumping data for table `payments`
--

LOCK TABLES `payments` WRITE;
/*!40000 ALTER TABLE `payments` DISABLE KEYS */;
INSERT INTO `payments` VALUES (1,5074995601,'succeeded','2022-01-07 19:47:00',1000,'296930fd-000f-5000-a000-1b4157db4efb'),(2,5074995601,'succeeded','2022-01-06 19:48:35',1000,'29693123-000f-5000-9000-1a532c095b5a'),(3,5074995601,'succeeded','2022-01-06 19:50:28',1000,'29693194-000f-5000-a000-10239ab7e8ac'),(4,5074995601,'wait','2022-01-07 06:01:59',80,'2969c0e7-000f-5000-8000-1ac5e764395b'),(5,5074995601,'wait','2022-01-07 09:03:18',60,'2969eb67-000f-5000-8000-15b93b510781'),(6,1849900456,'wait','2022-01-11 20:32:25',20,'296fd2e9-000f-5000-8000-1f9d3f974a5f'),(7,1849900456,'wait','2022-01-13 20:34:00',20,'296fd36e-000f-5000-9000-13da915cd6fc'),(8,1433915196,'succeeded','2022-02-20 13:58:14',100,'29a43286-000f-5000-a000-1d1951eafde3'),(9,1262603427,'wait','2022-03-06 18:58:44',20,'29b6edf5-000f-5000-a000-125e207d44c2'),(10,1262603427,'wait','2022-03-30 16:03:23',40,'29d668db-000f-5000-8000-112746d014ee'),(11,5074995601,'wait','2022-03-30 16:03:34',40,'29d668e6-000f-5000-8000-10cd89ca90d2');
/*!40000 ALTER TABLE `payments` ENABLE KEYS */;
UNLOCK TABLES;

--
-- Table structure for table `users`
--

DROP TABLE IF EXISTS `users`;
/*!40101 SET @saved_cs_client     = @@character_set_client */;
/*!50503 SET character_set_client = utf8mb4 */;
CREATE TABLE `users` (
  `user_id` bigint DEFAULT NULL,
  `create_date` datetime NOT NULL DEFAULT CURRENT_TIMESTAMP,
  `tg_first_name` varchar(255) DEFAULT NULL,
  `tg_last_name` varchar(255) DEFAULT NULL,
  `tg_username` varchar(255) DEFAULT NULL,
  `is_live` tinyint(1) DEFAULT '1',
  `is_block` tinyint(1) DEFAULT '0',
  `region_id` int DEFAULT NULL,
  `city_id` int DEFAULT NULL,
  `latitude` double DEFAULT NULL,
  `longitude` double DEFAULT NULL,
  `balance` double DEFAULT '0',
  `utm_id` int DEFAULT NULL,
  `bonus_value` int DEFAULT '0',
  `is_get_bonus` tinyint(1) DEFAULT '0'
) ENGINE=InnoDB DEFAULT CHARSET=utf8mb4 COLLATE=utf8mb4_0900_ai_ci;
/*!40101 SET character_set_client = @saved_cs_client */;

--
-- Dumping data for table `users`
--

LOCK TABLES `users` WRITE;
/*!40000 ALTER TABLE `users` DISABLE KEYS */;
INSERT INTO `users` VALUES (1262603427,'2021-12-22 05:38:05','',NULL,'kostja_ponomarev',0,0,NULL,1358,57.737882,40.90785,7675,NULL,0,1),(5054793284,'2021-12-23 21:40:07','',NULL,NULL,0,0,NULL,1267,57.737923,40.907979,0,NULL,0,0),(1849900456,'2022-01-11 18:11:26','','',NULL,0,0,NULL,1348,57.737792,40.907829,0,NULL,0,1),(940108284,'2022-01-13 15:33:29','','SkyBots','skybotsru',0,0,NULL,1808,NULL,NULL,0,2,0,1),(5074995601,'2022-01-13 20:55:02','','','kukrin_alex',1,0,NULL,1358,NULL,NULL,9900,2,10000,1),(1433915196,'2022-01-29 09:36:36',' SkyBots',NULL,'tgbot_dev',1,0,NULL,1160,NULL,NULL,100,NULL,0,1),(5189463903,'2022-04-19 02:20:10','Alex',NULL,'magic_proger',1,0,NULL,1672,NULL,NULL,983,NULL,0,1),(1179238926,'2022-04-30 19:57:42','',NULL,'great_arty',1,0,NULL,1634,NULL,NULL,1000,NULL,0,1),(881621368,'2022-05-12 23:49:00','Erni','Colt',NULL,1,0,NULL,NULL,NULL,NULL,0,NULL,0,0),(1044578274,'2022-05-13 18:44:25','','','brawl_passik',1,0,NULL,NULL,NULL,NULL,0,NULL,0,0),(5392743106,'2022-05-15 22:19:14','YourName',NULL,'yourname_uniqid',1,0,NULL,NULL,NULL,NULL,0,NULL,0,0),(5283053901,'2022-05-19 13:58:44','Toksir','Genshin',NULL,1,0,NULL,NULL,NULL,NULL,0,NULL,0,0),(1903214150,'2022-05-20 08:57:00','',NULL,'wurukom',1,0,NULL,NULL,NULL,NULL,0,NULL,0,0),(1441265685,'2022-05-20 18:18:31','',NULL,NULL,1,0,NULL,1271,NULL,NULL,0,NULL,0,1),(5193440034,'2022-05-21 18:42:54','@mobilestereo',NULL,NULL,1,0,NULL,NULL,NULL,NULL,0,NULL,0,0),(192902194,'2022-05-23 19:57:03','Misha',NULL,'DrDieselm',1,0,NULL,NULL,NULL,NULL,0,NULL,0,0),(442833996,'2022-05-24 12:25:45','fedor',NULL,'loadiand',1,0,NULL,2192,NULL,NULL,0,NULL,0,1),(5275433254,'2022-06-03 21:52:36','DR.SMAL',NULL,'Dr_SMAL',1,0,NULL,NULL,NULL,NULL,0,NULL,0,0);
/*!40000 ALTER TABLE `users` ENABLE KEYS */;
UNLOCK TABLES;

--
-- Table structure for table `utm`
--

DROP TABLE IF EXISTS `utm`;
/*!40101 SET @saved_cs_client     = @@character_set_client */;
/*!50503 SET character_set_client = utf8mb4 */;
CREATE TABLE `utm` (
  `utm_id` int NOT NULL AUTO_INCREMENT,
  `date_create` datetime DEFAULT CURRENT_TIMESTAMP,
  `bonus` int DEFAULT '0',
  PRIMARY KEY (`utm_id`)
) ENGINE=InnoDB AUTO_INCREMENT=3 DEFAULT CHARSET=utf8mb4 COLLATE=utf8mb4_0900_ai_ci;
/*!40101 SET character_set_client = @saved_cs_client */;

--
-- Dumping data for table `utm`
--

LOCK TABLES `utm` WRITE;
/*!40000 ALTER TABLE `utm` DISABLE KEYS */;
INSERT INTO `utm` VALUES (2,'2022-01-11 06:01:19',10000);
/*!40000 ALTER TABLE `utm` ENABLE KEYS */;
UNLOCK TABLES;
/*!40103 SET TIME_ZONE=@OLD_TIME_ZONE */;

/*!40101 SET SQL_MODE=@OLD_SQL_MODE */;
/*!40014 SET FOREIGN_KEY_CHECKS=@OLD_FOREIGN_KEY_CHECKS */;
/*!40014 SET UNIQUE_CHECKS=@OLD_UNIQUE_CHECKS */;
/*!40101 SET CHARACTER_SET_CLIENT=@OLD_CHARACTER_SET_CLIENT */;
/*!40101 SET CHARACTER_SET_RESULTS=@OLD_CHARACTER_SET_RESULTS */;
/*!40101 SET COLLATION_CONNECTION=@OLD_COLLATION_CONNECTION */;
/*!40111 SET SQL_NOTES=@OLD_SQL_NOTES */;

-- Dump completed on 2022-06-06  9:31:14
