-- MySQL dump 10.13  Distrib 8.0.20, for Win64 (x86_64)
--
-- Host: localhost    Database: jarvis_bot
-- ------------------------------------------------------
-- Server version	8.0.20

/*!40101 SET @OLD_CHARACTER_SET_CLIENT=@@CHARACTER_SET_CLIENT */;
/*!40101 SET @OLD_CHARACTER_SET_RESULTS=@@CHARACTER_SET_RESULTS */;
/*!40101 SET @OLD_COLLATION_CONNECTION=@@COLLATION_CONNECTION */;
/*!50503 SET NAMES utf8 */;
/*!40103 SET @OLD_TIME_ZONE=@@TIME_ZONE */;
/*!40103 SET TIME_ZONE='+00:00' */;
/*!40014 SET @OLD_UNIQUE_CHECKS=@@UNIQUE_CHECKS, UNIQUE_CHECKS=0 */;
/*!40014 SET @OLD_FOREIGN_KEY_CHECKS=@@FOREIGN_KEY_CHECKS, FOREIGN_KEY_CHECKS=0 */;
/*!40101 SET @OLD_SQL_MODE=@@SQL_MODE, SQL_MODE='NO_AUTO_VALUE_ON_ZERO' */;
/*!40111 SET @OLD_SQL_NOTES=@@SQL_NOTES, SQL_NOTES=0 */;

--
-- Table structure for table `ad_options`
--

DROP TABLE IF EXISTS `ad_options`;
/*!40101 SET @saved_cs_client     = @@character_set_client */;
/*!50503 SET character_set_client = utf8mb4 */;
CREATE TABLE `ad_options` (
  `ad_opt_id` int NOT NULL AUTO_INCREMENT,
  `ad_id` int DEFAULT NULL,
  `option_id` int DEFAULT NULL,
  `param_id` int DEFAULT NULL,
  PRIMARY KEY (`ad_opt_id`)
) ENGINE=InnoDB AUTO_INCREMENT=1685 DEFAULT CHARSET=utf8mb4 COLLATE=utf8mb4_0900_ai_ci;
/*!40101 SET character_set_client = @saved_cs_client */;

--
-- Dumping data for table `ad_options`
--

LOCK TABLES `ad_options` WRITE;
/*!40000 ALTER TABLE `ad_options` DISABLE KEYS */;
INSERT INTO `ad_options` VALUES (928,343,25,1),(929,343,233,2),(937,349,139,1),(938,350,271,1),(939,351,81,1),(941,352,139,1),(942,352,140,2),(949,352,20,15),(950,352,21,15),(953,352,152,3),(956,352,28,9),(957,352,43,8),(961,352,10,7),(962,358,81,1),(963,358,84,2),(964,358,73,3),(965,358,9,7),(966,358,42,8),(967,358,28,9),(968,358,20,15),(969,358,22,15),(975,359,20,15),(976,359,21,15),(979,359,22,15),(983,359,25,1),(984,359,82,2),(987,359,42,8),(988,359,28,9),(991,359,114,3),(994,359,10,7),(995,360,81,1),(996,360,83,2),(997,360,126,3),(998,360,10,7),(999,360,42,8),(1000,360,27,9),(1001,361,271,1),(1002,361,142,2),(1003,361,51,3),(1004,361,11,7),(1005,361,42,8),(1006,361,27,9),(1007,362,81,1),(1008,362,141,2),(1009,362,51,3),(1010,362,11,7),(1011,363,139,1),(1012,363,141,2),(1013,363,50,3),(1016,363,27,9),(1017,363,22,15),(1018,363,21,15),(1019,363,20,15),(1021,363,43,8),(1022,363,10,7),(1023,364,139,1),(1024,364,141,2),(1025,364,49,3),(1029,364,21,15),(1030,364,11,7),(1032,364,28,9),(1033,364,22,15),(1035,365,81,1),(1036,364,42,8),(1037,365,140,2),(1038,365,49,3),(1039,365,9,7),(1040,365,42,8),(1049,367,27,9),(1050,367,22,15),(1056,367,10,7),(1057,367,43,8),(1058,367,83,2),(1059,367,106,3),(1064,367,1,1),(1151,368,81,1),(1218,371,28,9),(1246,372,25,1),(1247,372,234,2),(1248,372,250,3),(1249,372,42,8),(1250,372,28,9),(1251,372,21,15),(1252,372,22,15),(1253,373,139,1),(1254,373,146,2),(1255,373,223,3),(1256,373,43,8),(1257,373,27,9),(1258,373,21,15),(1259,373,22,15),(1272,375,139,1),(1273,375,146,2),(1274,375,223,3),(1275,375,43,8),(1276,375,27,9),(1277,375,21,15),(1299,384,406,17),(1300,384,409,18),(1301,384,427,19),(1302,384,456,21),(1303,384,458,22),(1304,384,461,23),(1305,384,462,23),(1306,386,464,24),(1307,387,463,24),(1308,388,464,24),(1324,393,464,24),(1325,393,477,25),(1345,395,271,1),(1362,395,254,2),(1365,395,280,3),(1366,395,10,7),(1369,395,42,8),(1370,395,27,9),(1371,395,22,15),(1372,395,21,15),(1379,399,464,24),(1380,399,476,25),(1381,399,485,27),(1382,400,1,1),(1383,400,124,3),(1384,400,9,7),(1385,400,43,8),(1386,400,27,9),(1387,400,20,15),(1388,400,22,15),(1440,402,1,1),(1442,402,136,3),(1443,402,493,7),(1444,402,42,8),(1445,402,27,9),(1446,402,22,15),(1450,435,2,1),(1451,435,2,1),(1452,435,3,1),(1454,435,21,2),(1455,435,0,4),(1456,437,2,1),(1463,438,1,1),(1464,438,21,2),(1469,438,0,4),(1477,439,1,1),(1478,439,21,2),(1525,439,30,4),(1526,439,31,4),(1527,439,32,4),(1528,440,1,1),(1529,440,15,2),(1530,440,32,4),(1531,440,27,3),(1532,440,28,3),(1533,442,1,1),(1534,442,15,2),(1535,442,32,4),(1540,442,28,3),(1541,443,1,1),(1543,443,32,4),(1544,443,30,4),(1547,443,27,3),(1550,444,2,1),(1551,443,23,2),(1553,444,23,2),(1554,446,3,1),(1555,446,21,2),(1556,446,32,4),(1557,446,31,4),(1558,446,27,3),(1559,447,1,1),(1560,449,2,1),(1561,451,2,1),(1562,451,16,2),(1566,451,31,4),(1567,451,32,4),(1568,451,28,3),(1569,451,30,4),(1575,452,1,1),(1576,452,17,2),(1577,452,31,4),(1578,452,32,4),(1581,452,27,3),(1586,459,2,1),(1587,460,3,1),(1589,460,15,2),(1590,460,32,4),(1591,460,31,4),(1592,460,30,4),(1593,460,29,3),(1594,462,1,1),(1595,462,17,2),(1596,462,32,4),(1597,462,30,4),(1598,462,31,4),(1599,462,29,3),(1600,463,3,1),(1601,463,14,2),(1602,463,30,4),(1603,463,31,4),(1604,463,32,4),(1605,463,29,3),(1612,465,1,1),(1613,465,14,2),(1614,465,32,4),(1615,465,29,3),(1627,471,1,1),(1628,471,20,2),(1629,471,30,4),(1630,471,31,4),(1631,471,32,4),(1632,471,29,3),(1633,472,2,1),(1634,472,17,2),(1635,472,30,4),(1636,472,31,4),(1637,472,32,4),(1638,472,29,3),(1639,473,4,1),(1640,473,17,2),(1641,473,30,4),(1642,473,31,4),(1643,473,32,4),(1644,473,29,3),(1645,475,1,1),(1646,475,17,2),(1647,475,30,4),(1648,475,31,4),(1649,475,32,4),(1650,475,29,3),(1651,476,1,1),(1652,476,14,2),(1653,476,30,4),(1654,476,31,4),(1655,476,32,4),(1656,476,29,3),(1657,479,3,1),(1658,479,21,2),(1659,479,30,4),(1660,479,31,4),(1661,479,32,4),(1662,479,27,3),(1663,480,2,1),(1664,480,15,2),(1665,480,30,4),(1666,480,31,4),(1667,480,32,4),(1668,480,29,3),(1669,481,3,1),(1670,481,20,2),(1671,481,30,4),(1672,481,31,4),(1673,481,32,4),(1674,481,29,3),(1675,485,3,1),(1676,485,14,2),(1677,485,30,4),(1678,485,31,4),(1679,485,32,4),(1680,485,29,3),(1681,486,1,1),(1682,486,14,2),(1683,486,32,4),(1684,486,29,3);
/*!40000 ALTER TABLE `ad_options` ENABLE KEYS */;
UNLOCK TABLES;

--
-- Table structure for table `ads`
--

DROP TABLE IF EXISTS `ads`;
/*!40101 SET @saved_cs_client     = @@character_set_client */;
/*!50503 SET character_set_client = utf8mb4 */;
CREATE TABLE `ads` (
  `ad_id` int NOT NULL AUTO_INCREMENT,
  `category_id` int DEFAULT NULL,
  `section_id` int DEFAULT NULL,
  `ad_name` varchar(127) DEFAULT NULL,
  `ad_description` varchar(1023) DEFAULT NULL,
  `ad_price` int DEFAULT NULL,
  `user_id` bigint DEFAULT NULL,
  `is_pause` tinyint(1) DEFAULT '0',
  `date_create` datetime DEFAULT CURRENT_TIMESTAMP,
  `date_close` datetime DEFAULT NULL,
  `photo_type` enum('my','our') DEFAULT 'our',
  `place_days_period` int DEFAULT '7',
  `ad_contacts` varchar(127) DEFAULT NULL,
  `tariff_price` int DEFAULT '0',
  `is_paid` tinyint(1) DEFAULT '0',
  `is_warning` tinyint(1) DEFAULT '0',
  `city_id` int DEFAULT NULL,
  `brand_id` int DEFAULT NULL,
  `serial_id` int DEFAULT NULL,
  `model_id` int DEFAULT NULL,
  `last_brand_id` int DEFAULT NULL,
  PRIMARY KEY (`ad_id`)
) ENGINE=InnoDB AUTO_INCREMENT=498 DEFAULT CHARSET=utf8mb4 COLLATE=utf8mb4_0900_ai_ci;
/*!40101 SET character_set_client = @saved_cs_client */;

--
-- Dumping data for table `ads`
--

LOCK TABLES `ads` WRITE;
/*!40000 ALTER TABLE `ads` DISABLE KEYS */;
INSERT INTO `ads` VALUES (463,6,2,NULL,NULL,100000,1262603427,0,'2022-02-23 11:37:33','2022-03-02 11:37:58','our',7,'@kostja_ponomarev',10,1,0,1271,1,NULL,113,113),(465,6,2,NULL,'Мологсншсщрчшн не',1000,1262603427,0,'2022-02-23 17:20:49','2022-03-02 17:21:55','my',7,'@kostja_ponomarev',10,1,0,1271,1,NULL,113,113),(466,6,2,NULL,NULL,NULL,1262603427,0,'2022-02-23 17:37:16',NULL,'our',7,NULL,0,0,0,1271,1,NULL,113,1),(467,6,2,NULL,NULL,NULL,1262603427,0,'2022-02-23 17:41:56',NULL,'our',7,NULL,0,0,0,1271,1,NULL,108,108),(471,6,2,NULL,NULL,1000,1262603427,0,'2022-02-25 08:40:20','2022-03-12 08:40:38','our',15,'@kostja_ponomarev',15,1,0,1358,1,NULL,115,115),(472,6,2,NULL,NULL,1000,1262603427,0,'2022-02-26 20:41:40','2022-03-13 20:41:59','our',15,'@kostja_ponomarev',15,1,0,1358,1,NULL,113,113),(473,6,2,NULL,NULL,1000,1262603427,0,'2022-02-27 13:01:24','2022-03-14 13:01:42','our',15,'@kostja_ponomarev',15,1,0,1358,1,NULL,113,113),(474,6,2,NULL,NULL,NULL,1262603427,0,'2022-02-27 13:06:20',NULL,'our',7,NULL,0,0,0,1358,NULL,NULL,NULL,NULL),(475,6,2,NULL,NULL,10000,1262603427,0,'2022-02-27 13:06:20','2022-03-14 13:06:49','our',15,'@kostja_ponomarev',15,1,0,1358,1,NULL,113,113),(476,6,2,NULL,NULL,1000,1262603427,0,'2022-03-01 23:07:47','2022-03-16 23:08:10','our',15,'@kostja_ponomarev',15,1,0,1358,1,NULL,113,113),(477,6,2,NULL,NULL,NULL,5074995601,0,'2022-03-08 05:58:34',NULL,'our',7,NULL,0,0,0,1794,4,17,184,4),(478,6,2,NULL,NULL,NULL,5074995601,0,'2022-03-08 05:58:45',NULL,'our',7,NULL,0,0,0,1794,3,9,50,3),(479,6,2,NULL,NULL,5000,5074995601,0,'2022-03-08 06:04:14','2022-03-15 06:04:32','our',7,'@kukrin_alex',10,1,0,1794,1,NULL,115,115),(480,6,2,NULL,NULL,1000,1262603427,0,'2022-03-08 11:46:47','2022-03-15 11:47:08','our',7,'@kostja_ponomarev',10,1,0,1358,1,NULL,113,113),(481,6,2,NULL,NULL,1000,1262603427,0,'2022-03-08 11:51:36','2022-03-23 11:52:09','our',15,'@kostja_ponomarev',15,1,0,1358,1,NULL,116,116),(482,6,2,NULL,NULL,NULL,1262603427,0,'2022-03-11 19:58:52',NULL,'our',7,NULL,0,0,0,1358,1,NULL,108,108),(483,6,2,NULL,NULL,NULL,1262603427,0,'2022-03-12 06:29:12',NULL,'our',7,NULL,0,0,0,1358,1,NULL,110,110),(484,6,2,NULL,NULL,NULL,1262603427,0,'2022-03-12 06:29:38',NULL,'our',7,NULL,0,0,0,1358,1,NULL,109,109),(485,6,2,NULL,NULL,1000,1262603427,0,'2022-03-12 06:29:46','2022-03-27 06:30:11','our',15,'@kostja_ponomarev',15,1,0,1358,1,NULL,113,113),(486,6,2,NULL,NULL,1000,1262603427,0,'2022-03-12 06:32:22','2022-03-19 06:32:39','our',7,'@kostja_ponomarev',10,1,0,1358,1,NULL,113,113),(487,14,20,NULL,NULL,NULL,1262603427,0,'2022-03-12 22:24:14',NULL,'our',7,NULL,0,0,0,1358,NULL,NULL,NULL,NULL),(488,6,2,NULL,NULL,NULL,1262603427,0,'2022-03-12 22:24:18',NULL,'our',7,NULL,0,0,0,1358,1,NULL,NULL,1),(489,6,2,NULL,NULL,NULL,1262603427,0,'2022-03-12 22:24:21',NULL,'our',7,NULL,0,0,0,1358,8,NULL,NULL,8),(490,6,2,NULL,NULL,NULL,1262603427,0,'2022-03-12 22:24:25',NULL,'our',7,NULL,0,0,0,1358,3,NULL,NULL,3),(491,6,2,NULL,NULL,NULL,1262603427,0,'2022-03-12 22:24:29',NULL,'our',7,NULL,0,0,0,1358,4,16,174,4),(492,6,2,NULL,NULL,NULL,1262603427,0,'2022-03-12 22:24:57',NULL,'our',7,NULL,0,0,0,1358,3,9,48,3),(493,6,2,NULL,NULL,NULL,1262603427,0,'2022-03-12 22:25:06',NULL,'our',7,NULL,0,0,0,1358,NULL,NULL,NULL,NULL),(494,6,12,NULL,NULL,NULL,1262603427,0,'2022-03-12 22:25:09',NULL,'our',7,NULL,0,0,0,1358,334,338,361,334),(495,6,12,NULL,NULL,NULL,1262603427,0,'2022-03-12 23:06:24',NULL,'our',7,NULL,0,0,0,1358,NULL,NULL,NULL,NULL),(496,6,2,NULL,NULL,NULL,1262603427,0,'2022-03-12 23:06:27',NULL,'our',7,NULL,0,0,0,1358,6,NULL,267,267),(497,6,2,NULL,NULL,NULL,1262603427,0,'2022-03-15 19:36:31',NULL,'our',7,NULL,0,0,0,1358,NULL,NULL,NULL,NULL);
/*!40000 ALTER TABLE `ads` ENABLE KEYS */;
UNLOCK TABLES;

--
-- Table structure for table `ads_photos`
--

DROP TABLE IF EXISTS `ads_photos`;
/*!40101 SET @saved_cs_client     = @@character_set_client */;
/*!50503 SET character_set_client = utf8mb4 */;
CREATE TABLE `ads_photos` (
  `photo_id` int NOT NULL AUTO_INCREMENT,
  `create_datetime` datetime DEFAULT CURRENT_TIMESTAMP,
  `ad_id` int DEFAULT NULL,
  `photo_link` varchar(255) DEFAULT NULL,
  `media_group_id` bigint DEFAULT NULL,
  PRIMARY KEY (`photo_id`)
) ENGINE=InnoDB AUTO_INCREMENT=54 DEFAULT CHARSET=utf8mb4 COLLATE=utf8mb4_0900_ai_ci;
/*!40101 SET character_set_client = @saved_cs_client */;

--
-- Dumping data for table `ads_photos`
--

LOCK TABLES `ads_photos` WRITE;
/*!40000 ALTER TABLE `ads_photos` DISABLE KEYS */;
INSERT INTO `ads_photos` VALUES (18,'2022-01-02 10:13:41',101,'https://telegra.ph/file/4e1bfd096190901f6bd1d.jpg',13128860961073578),(19,'2022-01-02 10:13:41',101,'https://telegra.ph/file/bddb9085461d56151a394.jpg',NULL),(20,'2022-01-02 10:50:17',102,'https://telegra.ph/file/8515e78fa1d8098c4e6de.jpg',13128878534937114),(21,'2022-01-02 10:50:18',102,'https://telegra.ph/file/1e5385355cfef0b679b79.jpg',NULL),(31,'2022-01-04 09:05:12',148,'https://telegra.ph/file/a0ebca82bcac7eada6d88.jpg',13130210494517890),(32,'2022-01-04 09:05:14',148,'https://telegra.ph/file/9e44c376237404059716c.jpg',NULL),(40,'2022-01-20 14:13:31',395,'https://telegra.ph/file/4425d15e1ebef80ceb1e3.jpg',NULL),(47,'2022-02-23 17:21:19',465,'https://telegra.ph/file/17a3fb24032b4e2fc8c8f.jpg',13165008628837890),(48,'2022-02-23 17:21:19',465,'https://telegra.ph/file/69dc3c1834a8229b0326e.jpg',NULL),(49,'2022-02-23 17:21:30',465,'https://telegra.ph/file/b09d9d82f8f7050b03001.jpg',NULL);
/*!40000 ALTER TABLE `ads_photos` ENABLE KEYS */;
UNLOCK TABLES;

--
-- Table structure for table `all_cities`
--

DROP TABLE IF EXISTS `all_cities`;
/*!40101 SET @saved_cs_client     = @@character_set_client */;
/*!50503 SET character_set_client = utf8mb4 */;
CREATE TABLE `all_cities` (
  `city_id` int NOT NULL AUTO_INCREMENT,
  `city_name` varchar(511) DEFAULT NULL,
  `city_area` varchar(511) DEFAULT NULL,
  `city_population` int DEFAULT '0',
  `city_latitude` double DEFAULT '0',
  `city_longitude` double DEFAULT '0',
  `is_city` tinyint(1) DEFAULT '0',
  `timezone` int DEFAULT '3',
  PRIMARY KEY (`city_id`)
) ENGINE=InnoDB AUTO_INCREMENT=29337 DEFAULT CHARSET=utf8mb4 COLLATE=utf8mb4_0900_ai_ci;
/*!40101 SET character_set_client = @saved_cs_client */;

--
-- Dumping data for table `all_cities`
--

LOCK TABLES `all_cities` WRITE;
/*!40000 ALTER TABLE `all_cities` DISABLE KEYS */;
INSERT INTO `all_cities` VALUES (1120,'Мензелинск','Республика Татарстан',16968,55.72,53.1013888888889,1,3),(1121,'Семилуки','Воронежская область',26805,51.6872222222222,39.0272222222222,1,3),(1122,'Черняховск','Калининградская область',36255,54.6308333333333,21.8194444444444,1,2),(1123,'Татарск','Новосибирская область',23523,55.2144444444444,75.9741666666667,1,6),(1124,'Кяхта','Республика Бурятия',20157,50.3466666666667,106.453333333333,1,8),(1125,'Кашира','Московская область',41870,54.8344444444444,38.1511111111111,1,3),(1126,'Красноуфимск','Свердловская область',38988,56.6177777777778,57.7705555555556,1,5),(1127,'Дюртюли','Республика Башкортостан',30969,55.4852777777778,54.8733333333333,1,5),(1128,'Нижняя Салда','Свердловская область',17387,58.0747222222222,60.7025,1,5),(1129,'Лобня','Московская область',74252,56.0119444444444,37.475,1,3),(1130,'Кудымкар','Пермский край',31265,59.0144444444444,54.6641666666667,1,5),(1131,'Кизляр','Республика Дагестан',49229,43.8475,46.7116666666667,1,3),(1132,'Тайшет','Иркутская область',32754,55.9405555555556,98.0030555555556,1,8),(1133,'Судак','Республика Крым',32488,44.8505555555556,34.9761111111111,1,1),(1135,'Бугуруслан','Оренбургская область',48669,53.6522222222222,52.4325,1,5),(1136,'Шадринск','Курганская область',75623,56.0869444444444,63.6297222222222,1,5),(1138,'Краснокамск','Пермский край',53864,58.0783333333333,55.7363888888889,1,5),(1139,'Алексеевка','Белгородская область',38747,50.63,38.6880555555556,1,3),(1140,'Баймак','Республика Башкортостан',20044,52.5913888888889,58.3111111111111,1,5),(1141,'Валуйки','Белгородская область',33433,50.2111111111111,38.1,1,3),(1142,'Ардон','Республика Северная Осетия - Алания',19412,43.1755555555556,44.2955555555556,1,3),(1143,'Нерюнгри','Республика Саха (Якутия)',56888,56.6611111111111,124.718888888889,1,9),(1144,'Калач-на-Дону','Волгоградская область',24092,48.6927777777778,43.5241666666667,1,3),(1145,'Шагонар','Республика Тыва',11063,51.5347222222222,92.92,1,7),(1146,'Дедовск','Московская область',29108,55.86,37.1205555555556,1,3),(1147,'Сатка','Челябинская область',42214,55.0405555555556,59.0288888888889,1,5),(1148,'Абдулино','Оренбургская область',18768,53.6777777777778,53.6472222222222,1,5),(1150,'Канаш','Чувашская республика',45482,55.5069444444444,47.4916666666667,1,3),(1152,'Обнинск','Калужская область',115029,55.1119444444444,36.5866666666667,1,3),(1153,'Шилка','Забайкальский край',13136,51.8494444444444,116.033611111111,1,9),(1154,'Нижняя Тура','Свердловская область',20217,58.6311111111111,59.8522222222222,1,5),(1157,'Сасово','Рязанская область',25747,54.3438888888889,41.9208333333333,1,3),(1158,'Болхов','Орловская область',11037,53.4488888888889,36.0022222222222,1,3),(1159,'Калтан','Кемеровская область',20610,53.5211111111111,87.2772222222222,1,7),(1160,'Калининград','Калининградская область',467289,54.7,20.45,1,2),(1161,'Краснослободск','Волгоградская область',18817,48.7066666666667,44.5630555555556,1,3),(1162,'Коркино','Челябинская область',34967,54.8925,61.3930555555556,1,5),(1163,'Ивдель','Свердловская область',16235,60.6944444444444,60.4244444444444,1,5),(1164,'Осинники','Кемеровская область',42454,53.5986111111111,87.3369444444444,1,7),(1165,'Апшеронск','Краснодарский край',41133,44.4583333333333,39.73,1,3),(1167,'Североуральск','Свердловская область',27062,60.1533333333333,59.9525,1,5),(1168,'Истра','Московская область',35111,55.9141666666667,36.8605555555556,1,3),(1169,'Кирсанов','Тамбовская область',16229,52.6505555555556,42.7286111111111,1,3),(1170,'Кировск','Мурманская область',28832,67.615,33.6636111111111,1,3),(1171,'Белогорск','Амурская область',65809,50.9213888888889,128.473888888889,1,9),(1172,'Колпашево','Томская область',23260,58.3113888888889,82.9027777777778,1,6),(1173,'Питкяранта','Республика Карелия',10705,61.5730555555556,31.4713888888889,1,3),(1174,'Усть-Лабинск','Краснодарский край',41131,45.2166666666667,39.6944444444444,1,3),(1175,'Тамбов','Тамбовская область',291663,52.7297222222222,41.4486111111111,1,3),(1176,'Партизанск','Приморский край',25015,43.1280555555556,133.126388888889,1,10),(1177,'Евпатория','Республика Крым',119788,45.1905555555556,33.3669444444444,1,1),(1178,'Сызрань','Самарская область',168735,53.1558333333333,48.4744444444444,1,3),(1179,'Железногорск-Илимский','Иркутская область',23137,56.5847222222222,104.114166666667,1,8),(1180,'Кызыл','Республика Тыва',116983,51.7191666666667,94.4377777777778,1,7),(1181,'Камень-на-Оби','Алтайский край',40795,53.7913888888889,81.3544444444444,1,7),(1184,'Михайловск','Ставропольский край',82743,45.1297222222222,42.0288888888889,1,3),(1185,'Тында','Амурская область',32920,55.1547222222222,124.729166666667,1,9),(1186,'Ефремов','Тульская область',55361,53.1419444444444,38.1166666666667,1,3),(1188,'Красновишерск','Пермский край',15587,60.4127777777778,57.0833333333333,1,5),(1189,'Углич','Ярославская область',32766,57.5266666666667,38.3263888888889,1,3),(1190,'Дятьково','Брянская область',26483,53.5972222222222,34.3397222222222,1,3),(1191,'Щекино','Тульская область',57683,54.0022222222222,37.5175,1,3),(1192,'Очер','Пермский край',14240,57.8852777777778,54.7161111111111,1,5),(1193,'Асбест','Свердловская область',65338,57.0269444444444,61.4594444444444,1,5),(1194,'Южно-Сахалинск','Сахалинская область',200854,46.9591666666667,142.738055555556,1,11),(1195,'Санкт-Петербург','Санкт-Петербург',405308,59.9391666666667,30.3158333333333,1,3),(1196,'Старый Оскол','Белгородская область',231864,51.2980555555556,37.8333333333333,1,3),(1197,'Петровск-Забайкальский','Забайкальский край',16864,51.275,108.846666666667,1,9),(1198,'Пенза','Пензенская область',522317,53.2,45,1,3),(1200,'Азов','Ростовская область',81335,47.1122222222222,39.4233333333333,1,3),(1202,'Арсеньев','Приморский край',52767,44.1622222222222,133.269722222222,1,10),(1203,'Чайковский','Пермский край',83486,56.7780555555556,54.1477777777778,1,5),(1204,'Тихвин','Ленинградская область',58068,59.6441666666667,33.5422222222222,1,3),(1205,'Невинномысск','Ставропольский край',117868,44.6383333333333,41.9361111111111,1,3),(1206,'Тетюши','Республика Татарстан',11419,54.9366666666667,48.8313888888889,1,3),(1207,'Южа','Ивановская область',12834,56.5836111111111,42.0119444444444,1,3),(1209,'Сергиев Посад','Московская область',111179,56.3161111111111,38.1344444444444,1,3),(1210,'Кузнецк','Пензенская область',81027,53.1125,46.6008333333333,1,3),(1211,'Зеленоградск','Калининградская область',15493,54.96,20.4752777777778,1,2),(1212,'Юрюзань','Челябинская область',11685,54.8547222222222,58.4227777777778,1,5),(1213,'Владимир','Владимирская область',356168,56.1333333333333,40.4166666666667,1,3),(1214,'Заволжск','Ивановская область',10384,57.4916666666667,42.1375,1,3),(1215,'Няндома','Архангельская область',19416,61.6697222222222,40.2044444444444,1,3),(1216,'Остров','Псковская область',20773,57.3452777777778,28.3438888888889,1,3),(1217,'Алейск','Алтайский край',29249,52.4922222222222,82.7794444444445,1,7),(1218,'Ужур','Красноярский край',16093,55.3141666666667,89.8333333333333,1,7),(1220,'Москва','Москва',216709,55.7538888888889,37.6202777777778,1,3),(1221,'Дербент','Республика Дагестан',123720,42.0577777777778,48.2888888888889,1,3),(1222,'Вихоревка','Иркутская область',20955,56.1208333333333,101.170277777778,1,8),(1223,'Кизилюрт','Республика Дагестан',34420,43.2047222222222,46.8669444444444,1,3),(1224,'Барыш','Ульяновская область',15759,53.6533333333333,47.1180555555556,1,3),(1225,'Новочеркасск','Ростовская область',168766,47.4119444444444,40.1041666666667,1,3),(1228,'Галич','Костромская область',17059,58.3811111111111,42.3472222222222,1,3),(1229,'Михайловка','Волгоградская область',58221,50.0708333333333,43.24,1,3),(1231,'Почеп','Брянская область',16539,52.9291666666667,33.4541666666667,1,3),(1232,'Иркутск','Иркутская область',623479,52.2863888888889,104.280555555556,1,8),(1233,'Оренбург','Оренбургская область',561686,51.7683333333333,55.0969444444444,1,5),(1234,'Тосно','Ленинградская область',39101,59.5341666666667,30.8580555555556,1,3),(1235,'Вышний Волочек','Тверская область',46211,57.5683333333333,34.5402777777778,1,3),(1236,'Печора','Республика Коми',38014,65.1483333333333,57.2238888888889,1,3),(1237,'Похвистнево','Самарская область',28044,53.6497222222222,52.1236111111111,1,3),(1238,'Белово','Кемеровская область',61012,54.4222222222222,86.3036111111111,1,7),(1239,'Архангельск','Архангельская область',348343,64.5430555555556,40.5372222222222,1,3),(1240,'Реутов','Московская область',87314,55.7605555555556,37.8552777777778,1,3),(1241,'Ковров','Владимирская область',138552,56.3636111111111,41.3111111111111,1,3),(1243,'Полысаево','Кемеровская область',26012,54.6055555555556,86.2808333333333,1,7),(1244,'Нижнекамск','Республика Татарстан',180050,55.6338888888889,51.8091666666667,1,3),(1245,'Корсаков','Сахалинская область',33645,46.6338888888889,142.780277777778,1,11),(1246,'Белогорск','Республика Крым',60479,45.0572222222222,34.6,1,1),(1247,'Цивильск','Чувашская республика',14718,55.825,47.39,1,3),(1248,'Сарапул','Удмуртская республика',96361,56.4772222222222,53.8191666666667,1,3),(1249,'Уварово','Тамбовская область',23578,51.9769444444444,42.2530555555556,1,3),(1250,'Йошкар-Ола','Республика Марий Эл',268277,56.6344444444444,47.9,1,3),(1251,'Малая Вишера','Новгородская область',10206,58.8458333333333,32.2177777777778,1,3),(1252,'Шахунья','Нижегородская область',19790,57.6763888888889,46.6127777777778,1,3),(1254,'Называевск','Омская область',11249,55.5688888888889,71.3502777777778,1,6),(1255,'Саранск','Республика Мордовия',318578,54.1872222222222,45.1836111111111,1,3),(1256,'Новоаннинский','Волгоградская область',16294,50.5297222222222,42.6666666666667,1,3),(1257,'Змеиногорск','Алтайский край',10321,51.1580555555556,82.1872222222222,1,7),(1258,'Петровск','Саратовская область',28526,52.3138888888889,45.39,1,3),(1259,'Богданович','Свердловская область',29311,56.7763888888889,62.0463888888889,1,5),(1260,'Первомайск','Нижегородская область',14179,54.8675,43.8013888888889,1,3),(1264,'Удачный','Республика Саха (Якутия)',11960,66.4086111111111,112.298888888889,1,9),(1265,'Алагир','Республика Северная Осетия - Алания',36763,43.0416666666667,44.22,1,3),(1266,'Чистополь','Республика Татарстан',61761,55.3722222222222,50.6436111111111,1,3),(1267,'Приволжск','Ивановская область',15824,57.3805555555556,41.2808333333333,1,3),(1268,'Туймазы','Республика Башкортостан',68410,54.6,53.695,1,5),(1269,'Бор','Нижегородская область',57917,56.3563888888889,44.0644444444444,1,3),(1270,'Полярный','Мурманская область',15663,69.1988888888889,33.4508333333333,1,3),(1271,'Кострома','Костромская область',280466,57.7677777777778,40.9263888888889,1,3),(1272,'Железноводск','Ставропольский край',24950,44.1319444444444,43.0305555555556,1,3),(1273,'Костомукша','Республика Карелия',29381,64.5891666666667,30.6016666666667,1,3),(1274,'Подпорожье','Ленинградская область',16866,60.9127777777778,34.1569444444444,1,3),(1275,'Старая Русса','Новгородская область',28464,57.9908333333333,31.3555555555556,1,3),(1276,'Кубинка','Московская область',22964,55.5619444444444,36.7038888888889,1,3),(1278,'Калязин','Тверская область',12770,57.2402777777778,37.855,1,3),(1280,'Пионерский','Калининградская область',11352,54.9516666666667,20.2277777777778,1,2),(1282,'Бородино','Красноярский край',17416,55.9055555555556,94.9022222222222,1,7),(1283,'Боровичи','Новгородская область',50144,58.3883333333333,33.9138888888889,1,3),(1284,'Полевской','Свердловская область',69041,56.4958333333333,60.2366666666667,1,5),(1285,'Бердск','Новосибирская область',104237,54.7583333333333,83.1072222222222,1,6),(1286,'Королев','Московская область',216639,55.9222222222222,37.8544444444444,1,3),(1288,'Льгов','Курская область',18435,51.6869444444444,35.28,1,3),(1290,'Верхний Уфалей','Челябинская область',27879,56.0486111111111,60.2319444444444,1,5),(1291,'Анапа','Краснодарский край',81447,44.895,37.3163888888889,1,3),(1293,'Карасук','Новосибирская область',26673,53.7341666666667,78.0425,1,6),(1294,'Богородицк','Тульская область',30772,53.77,38.1225,1,3),(1295,'Набережные Челны','Республика Татарстан',524444,55.7436111111111,52.3958333333333,1,3),(1296,'Кемь','Республика Карелия',11604,64.9544444444444,34.595,1,3),(1297,'Кингисепп','Ленинградская область',47312,59.3741666666667,28.6113888888889,1,3),(1298,'Новоалтайск','Алтайский край',73769,53.4119444444444,83.9311111111111,1,7),(1299,'Ярославль','Ярославская область',603961,57.6263888888889,39.8933333333333,1,3),(1300,'Майкоп','Республика Адыгея',141970,44.6097222222222,40.1005555555556,1,3),(1301,'Большой Камень','Приморский край',37918,43.1111111111111,132.348055555556,1,10),(1302,'Ермолино','Калужская область',10340,55.1972222222222,36.5952777777778,1,3),(1304,'Маркс','Саратовская область',31174,51.7133333333333,46.74,1,3),(1306,'Бутурлиновка','Воронежская область',24062,50.8352777777778,40.5847222222222,1,3),(1307,'Александров','Владимирская область',59328,56.3977777777778,38.7275,1,3),(1308,'Осташков','Тверская область',15666,57.1458333333333,33.1116666666667,1,3),(1309,'Мурманск','Мурманская область',298096,68.9694444444444,33.0744444444444,1,3),(1311,'Кирс','Кировская область',10697,59.34,52.2413888888889,1,3),(1312,'Кувандык','Оренбургская область',23373,51.4786111111111,57.3611111111111,1,5),(1313,'Жуков','Калужская область',10968,55.0316666666667,36.7463888888889,1,3),(1314,'Шумерля','Чувашская республика',29071,55.5002777777778,46.4247222222222,1,3),(1315,'Ак-Довурак','Республика Тыва',13630,51.1786111111111,90.5986111111111,1,7),(1316,'Яровое','Алтайский край',18052,52.9252777777778,78.5727777777778,1,7),(1319,'Ясный','Оренбургская область',15264,51.0369444444444,59.8744444444444,1,5),(1320,'Гай','Оренбургская область',34205,51.465,58.4436111111111,1,5),(1321,'Спасск-Дальний','Приморский край',41539,44.5977777777778,132.8175,1,10),(1322,'Елизово','Камчатский край',39198,53.1830555555556,158.388333333333,1,11),(1323,'Чебоксары','Чувашская республика',492331,56.1386111111111,47.24,1,3),(1324,'Беслан','Республика Северная Осетия - Алания',37029,43.1938888888889,44.5338888888889,1,3),(1325,'Кимовск','Тульская область',25727,53.9697222222222,38.5380555555556,1,3),(1326,'Кыштым','Челябинская область',37480,55.7061111111111,60.5563888888889,1,5),(1327,'Киржач','Владимирская область',27157,56.1616666666667,38.8719444444444,1,3),(1328,'Котлас','Архангельская область',61821,61.2522222222222,46.6475,1,3),(1329,'Кореновск','Краснодарский край',41770,45.4641666666667,39.4588888888889,1,3),(1330,'Улан-Удэ','Республика Бурятия',430186,51.8344444444444,107.584444444444,1,8),(1331,'Гусев','Калининградская область',28342,54.5919444444444,22.2011111111111,1,2),(1332,'Нижнеудинск','Иркутская область',33971,54.9011111111111,99.0263888888889,1,8),(1333,'Сальск','Ростовская область',58680,46.4752777777778,41.5411111111111,1,3),(1334,'Донской','Тульская область',63071,53.9677777777778,38.3372222222222,1,3),(1336,'Советский','Ханты-Мансийский автономный округ - Югра',28087,61.3697222222222,63.5605555555556,1,5),(1338,'Славянск-на-Кубани','Краснодарский край',63283,45.2605555555556,38.1261111111111,1,3),(1339,'Урус-Мартан','Чеченская республика',61221,43.1275,45.5405555555556,1,3),(1341,'Гуково','Ростовская область',66332,48.0583333333333,39.9402777777778,1,3),(1342,'Магнитогорск','Челябинская область',418241,53.4072222222222,58.9791666666667,1,5),(1344,'Мантурово','Костромская область',17112,58.3286111111111,44.7572222222222,1,3),(1345,'Заинск','Республика Татарстан',42241,55.2988888888889,52.0063888888889,1,3),(1346,'Изобильный','Ставропольский край',38551,45.3686111111111,41.7086111111111,1,3),(1348,'Нерехта','Костромская область',24555,57.4544444444444,40.5725,1,3),(1350,'Лосино-Петровский','Московская область',22550,55.8713888888889,38.2005555555556,1,3),(1351,'Горячий Ключ','Краснодарский край',37639,44.6344444444444,39.1355555555556,1,3),(1352,'Краснокаменск','Забайкальский край',42504,50.0930555555556,118.0325,1,9),(1354,'Буйнакск','Республика Дагестан',65080,42.8213888888889,47.1163888888889,1,3),(1355,'Тихорецк','Краснодарский край',58628,45.8547222222222,40.1258333333333,1,3),(1356,'Рассказово','Тамбовская область',42767,52.6538888888889,41.8741666666667,1,3),(1357,'Камешково','Владимирская область',12711,56.3488888888889,40.9955555555556,1,3),(1358,'Калач','Воронежская область',18429,50.4241666666667,41.0161111111111,1,3),(1359,'Нефтегорск','Самарская область',17916,52.7972222222222,51.1638888888889,1,3),(1360,'Екатеринбург','Свердловская область',1515832,56.8386111111111,60.6055555555556,1,5),(1363,'Грязи','Липецкая область',46608,52.4836111111111,39.9577777777778,1,3),(1364,'Курган','Курганская область',322042,55.4544444444444,65.3219444444444,1,5),(1366,'Петрозаводск','Республика Карелия',277111,61.7891666666667,34.3597222222222,1,3),(1367,'Балаково','Саратовская область',188414,52.0222222222222,47.7827777777778,1,3),(1369,'Балей','Забайкальский край',11641,51.5822222222222,116.638055555556,1,9),(1370,'Озеры','Московская область',25800,54.8538888888889,38.5597222222222,1,3),(1371,'Каргополь','Архангельская область',10037,61.5052777777778,38.9472222222222,1,3),(1372,'Лагань','Республика Калмыкия',12932,45.3930555555556,47.3433333333333,1,3),(1374,'Биробиджан','Еврейская автономная область',74777,48.7947222222222,132.921666666667,1,10),(1375,'Волжск','Республика Марий Эл',54177,55.8622222222222,48.3713888888889,1,3),(1376,'Ярцево','Смоленская область',47709,55.0686111111111,32.6897222222222,1,3),(1377,'Фокино','Брянская область',12818,53.4555555555556,34.4158333333333,1,3),(1378,'Хотьково','Московская область',21505,56.2522222222222,37.9786111111111,1,3),(1379,'Новосибирск','Новосибирская область',1618039,55.0283333333333,82.9233333333333,1,6),(1381,'Лаишево','Республика Татарстан',29751,55.4044444444444,49.55,1,3),(1382,'Ковылкино','Республика Мордовия',18978,54.0391666666667,43.9191666666667,1,3),(1383,'Белев','Тульская область',12927,53.8113888888889,36.13,1,3),(1384,'Зерноград','Ростовская область',18483,46.8494444444444,40.3127777777778,1,3),(1385,'Гудермес','Чеченская республика',53957,43.3519444444444,46.1036111111111,1,3),(1387,'Воронеж','Воронежская область',1054111,51.6616666666667,39.2002777777778,1,3),(1389,'Чкаловск','Нижегородская область',11462,56.6794444444444,43.0680555555556,1,3),(1390,'Новопавловск','Ставропольский край',26221,43.9575,43.6319444444444,1,3),(1392,'Калуга','Калужская область',335017,54.5358333333333,36.2483333333333,1,3),(1394,'Павловск','Воронежская область',24542,50.4533333333333,40.1369444444444,1,3),(1395,'Сураж','Брянская область',10814,53.0141666666667,32.3941666666667,1,3),(1396,'Нариманов','Астраханская область',11118,46.6902777777778,47.8536111111111,1,3),(1397,'Заволжье','Нижегородская область',37620,56.6405555555556,43.3872222222222,1,3),(1398,'Добрянка','Пермский край',33083,58.4697222222222,56.4130555555556,1,5),(1399,'Тюмень','Тюменская область',744554,57.1536111111111,65.5422222222222,1,5),(1400,'Волгодонск','Ростовская область',171471,47.5166666666667,42.1983333333333,1,3),(1401,'Шатура','Московская область',32885,55.5777777777778,39.5444444444444,1,3),(1402,'Алушта','Республика Крым',29275,44.6763888888889,34.41,1,1),(1403,'Венев','Тульская область',14023,54.3541666666667,38.2644444444444,1,3),(1404,'Ялта','Республика Крым',86123,44.4952777777778,34.1663888888889,1,1),(1405,'Видное','Московская область',56752,55.5572222222222,37.7086111111111,1,3),(1407,'Снежинск','Челябинская область',50759,56.0852777777778,60.7325,1,5),(1408,'Морозовск','Ростовская область',25830,48.3511111111111,41.8308333333333,1,3),(1409,'Хадыженск','Краснодарский край',22468,44.4122222222222,39.5319444444444,1,3),(1410,'Мегион','Ханты-Мансийский автономный округ - Югра',48348,61.0319444444444,76.1025,1,5),(1411,'Благовещенск','Амурская область',225810,50.2905555555556,127.527222222222,1,9),(1412,'Сафоново','Смоленская область',45919,55.1069444444444,33.24,1,3),(1413,'Мончегорск','Мурманская область',42581,67.9383333333333,32.9358333333333,1,3),(1415,'Удомля','Тверская область',31031,57.8766666666667,35.005,1,3),(1416,'Черкесск','Карачаево-Черкесская республика',122478,44.2266666666667,42.0466666666667,1,3),(1417,'Пугачев','Саратовская область',40905,52.0158333333333,48.7972222222222,1,3),(1418,'Сокол','Вологодская область',36589,59.4608333333333,40.1,1,3),(1419,'Аксай','Ростовская область',50296,47.2697222222222,39.8625,1,3),(1421,'Кирово-Чепецк','Кировская область',45058,58.5561111111111,50.0316666666667,1,3),(1422,'Ступино','Московская область',66816,54.8869444444444,38.0772222222222,1,3),(1423,'Харабали','Астраханская область',18035,47.4094444444444,47.2519444444444,1,3),(1424,'Агрыз','Республика Татарстан',19844,56.5263888888889,52.9952777777778,1,3),(1425,'Шахты','Ростовская область',235492,47.7086111111111,40.2158333333333,1,3),(1426,'Дагестанские Огни','Республика Дагестан',29401,42.1152777777778,48.1938888888889,1,3),(1427,'Инта','Республика Коми',28831,66.0366666666667,60.1152777777778,1,3),(1428,'Чебаркуль','Челябинская область',39914,54.9777777777778,60.37,1,5),(1429,'Стародуб','Брянская область',18321,52.5852777777778,32.7602777777778,1,3),(1430,'Ельня','Смоленская область',10070,54.5761111111111,33.1794444444444,1,3),(1431,'Фокино','Приморский край',18507,42.9708333333333,132.411111111111,1,10),(1433,'Павловский Посад','Московская область',63711,55.7794444444444,38.6513888888889,1,3),(1434,'Камбарка','Удмуртская республика',10236,56.2652777777778,54.1944444444444,1,3),(1435,'Ленинск','Волгоградская область',14626,48.6936111111111,45.1991666666667,1,3),(1436,'Нижневартовск','Ханты-Мансийский автономный округ - Югра',276503,60.9397222222222,76.5697222222222,1,5),(1438,'Алдан','Республика Саха (Якутия)',19958,58.6030555555556,125.384444444444,1,9),(1439,'Кола','Мурманская область',13706,68.8786111111111,33.0261111111111,1,3),(1442,'Малоярославец','Калужская область',32989,55.0119444444444,36.4625,1,3),(1444,'Жуковский','Московская область',104736,55.5977777777778,38.1194444444444,1,3),(1445,'Азнакаево','Республика Татарстан',34720,54.8597222222222,53.0744444444444,1,3),(1446,'Туринск','Свердловская область',17345,58.0394444444444,63.6980555555556,1,5),(1447,'Рошаль','Московская область',21272,55.6633333333333,39.8655555555556,1,3),(1448,'Великие Луки','Псковская область',95606,56.3427777777778,30.5233333333333,1,3),(1449,'Краснотурьинск','Свердловская область',65378,59.7558333333333,60.2061111111111,1,5),(1450,'Шлиссельбург','Ленинградская область',14725,59.9444444444444,31.0333333333333,1,3),(1451,'Бузулук','Оренбургская область',86050,52.7880555555556,52.2625,1,5),(1452,'Джанкой','Республика Крым',38676,45.7091666666667,34.3883333333333,1,1),(1454,'Ногинск','Московская область',100072,55.855,38.4427777777778,1,3),(1456,'Клинцы','Брянская область',63050,52.7527777777778,32.2338888888889,1,3),(1457,'Суровикино','Волгоградская область',18820,48.6072222222222,42.8502777777778,1,3),(1458,'Печоры','Псковская область',10034,57.8138888888889,27.6091666666667,1,3),(1459,'Выкса','Нижегородская область',54213,55.3205555555556,42.1680555555556,1,3),(1460,'Исилькуль','Омская область',22966,54.9091666666667,71.2672222222222,1,6),(1461,'Железногорск','Курская область',100499,52.3380555555556,35.3516666666667,1,3),(1463,'Троицк','Челябинская область',75231,54.0833333333333,61.5597222222222,1,5),(1464,'Рузаевка','Республика Мордовия',44504,54.0583333333333,44.9544444444444,1,3),(1465,'Боровск','Калужская область',11238,55.2075,36.4836111111111,1,3),(1467,'Вязьма','Смоленская область',56797,55.2058333333333,34.2980555555556,1,3),(1468,'Обь','Новосибирская область',29739,54.9947222222222,82.6938888888889,1,6),(1469,'Александровск','Пермский край',12841,59.1630555555556,57.5847222222222,1,5),(1470,'Цимлянск','Ростовская область',14643,47.6477777777778,42.0930555555556,1,3),(1471,'Елец','Липецкая область',103179,52.6191666666667,38.5,1,3),(1472,'Пересвет','Московская область',14147,56.4161111111111,38.1722222222222,1,3),(1473,'Карабулак','Республика Ингушетия',41469,43.3102777777778,44.9047222222222,1,3),(1474,'Новодвинск','Архангельская область',38082,64.4136111111111,40.8208333333333,1,3),(1475,'Зея','Амурская область',23093,53.7341666666667,127.265833333333,1,9),(1476,'Тайга','Кемеровская область',24948,56.065,85.6311111111111,1,7),(1477,'Ухта','Республика Коми',96141,63.5625,53.6838888888889,1,3),(1479,'Пикалево','Ленинградская область',19981,59.5130555555556,34.1772222222222,1,3),(1480,'Великий Новгород','Новгородская область',222594,58.5213888888889,31.2755555555556,1,3),(1481,'Новотроицк','Оренбургская область',83380,51.1963888888889,58.3016666666667,1,5),(1483,'Кириши','Ленинградская область',50750,59.4505555555556,32.0152777777778,1,3),(1485,'Обоянь','Курская область',13254,51.21,36.2675,1,3),(1486,'Верхняя Салда','Свердловская область',45737,58.0466666666667,60.5561111111111,1,5),(1487,'Батайск','Ростовская область',124705,47.1383333333333,39.7508333333333,1,3),(1489,'Трубчевск','Брянская область',13695,52.5791666666667,33.7661111111111,1,3),(1490,'Учалы','Республика Башкортостан',35222,54.3191666666667,59.3786111111111,1,5),(1491,'Балабаново','Калужская область',27396,55.1775,36.6566666666667,1,3),(1492,'Вязники','Владимирская область',36635,56.2469444444444,42.1588888888889,1,3),(1495,'Губкин','Белгородская область',87083,51.2836111111111,37.5347222222222,1,3),(1496,'Ивантеевка','Московская область',58626,55.97,37.9175,1,3),(1497,'Дудинка','Красноярский край',22175,69.4055555555556,86.1777777777778,1,7),(1498,'Армянск','Республика Крым',24587,46.1058333333333,33.6911111111111,1,1),(1499,'Воскресенск','Московская область',91464,55.3230555555556,38.6733333333333,1,3),(1500,'Надым','Ямало-Ненецкий автономный округ',44600,65.5358333333333,72.5313888888889,1,5),(1501,'Белебей','Республика Башкортостан',59123,54.1033333333333,54.1111111111111,1,5),(1502,'Луга','Ленинградская область',35000,58.7325,29.8491666666667,1,3),(1504,'Клин','Московская область',80585,56.3316666666667,36.7286111111111,1,3),(1505,'Ялуторовск','Тюменская область',40701,56.655,66.3127777777778,1,5),(1506,'Чулым','Новосибирская область',11198,55.0913888888889,80.9633333333333,1,6),(1507,'Красноперекопск','Республика Крым',26349,45.9536111111111,33.7922222222222,1,1),(1508,'Гвардейск','Калининградская область',12722,54.6544444444444,21.0702777777778,1,2),(1509,'Мичуринск','Тамбовская область',91623,52.8938888888889,40.4980555555556,1,3),(1510,'Балаклава','Севастополь',30182,44.505,33.5983333333333,1,1),(1511,'Абаза','Республика Хакасия',15210,52.6516666666667,90.0886111111111,1,7),(1513,'Сорочинск','Оренбургская область',26859,52.4291666666667,53.1511111111111,1,5),(1515,'Фурманов','Ивановская область',34309,57.2525,41.1061111111111,1,3),(1516,'Родники','Ивановская область',24662,57.1072222222222,41.7333333333333,1,3),(1518,'Зверево','Ростовская область',20984,48.0436111111111,40.1263888888889,1,3),(1520,'Беломорск','Республика Карелия',10052,64.5230555555556,34.7666666666667,1,3),(1521,'Кропоткин','Краснодарский край',78631,45.4347222222222,40.5761111111111,1,3),(1522,'Слободской','Кировская область',34761,58.7319444444444,50.1836111111111,1,3),(1523,'Крымск','Краснодарский край',57824,44.9344444444444,37.9855555555556,1,3),(1524,'Звенигово','Республика Марий Эл',11204,55.9738888888889,48.0169444444444,1,3),(1525,'Балашиха','Московская область',215494,55.7963888888889,37.9383333333333,1,3),(1526,'Ленск','Республика Саха (Якутия)',23237,60.7244444444444,114.928333333333,1,9),(1527,'Артем','Приморский край',57765,43.3622222222222,132.181388888889,1,10),(1528,'Межгорье','Республика Башкортостан',15861,54.0580555555556,57.8311111111111,1,5),(1529,'Верхний Тагил','Свердловская область',11283,57.3763888888889,59.9516666666667,1,5),(1532,'Янаул','Республика Башкортостан',25747,56.265,54.9297222222222,1,5),(1533,'Вытегра','Вологодская область',10324,61.0063888888889,36.4494444444444,1,3),(1534,'Чудово','Новгородская область',14394,59.1211111111111,31.6702777777778,1,3),(1535,'Альметьевск','Республика Татарстан',151157,54.9013888888889,52.2972222222222,1,3),(1536,'Нытва','Пермский край',18765,57.9391666666667,55.3286111111111,1,5),(1537,'Лесосибирск','Красноярский край',61139,58.2216666666667,92.5036111111111,1,7),(1538,'Невель','Псковская область',15133,56.0202777777778,29.9238888888889,1,3),(1540,'Верещагино','Пермский край',22194,58.0797222222222,54.6580555555556,1,5),(1541,'Ангарск','Иркутская область',225489,52.5441666666667,103.888055555556,1,8),(1542,'Уржум','Кировская область',10040,57.1097222222222,50.0058333333333,1,3),(1543,'Инза','Ульяновская область',17442,53.8580555555556,46.3572222222222,1,3),(1544,'Волгореченск','Костромская область',15622,57.4394444444444,41.1575,1,3),(1545,'Ростов-на-Дону','Ростовская область',1125299,47.2225,39.7186111111111,1,3),(1546,'Ейск','Краснодарский край',83053,46.7105555555556,38.2777777777778,1,3),(1547,'Каменка','Пензенская область',35166,53.1855555555556,43.9947222222222,1,3),(1548,'Тула','Тульская область',546953,54.1938888888889,37.6158333333333,1,3),(1549,'Гурьевск','Калининградская область',18196,54.7705555555556,20.6038888888889,1,2),(1551,'Сортавала','Республика Карелия',18762,61.7033333333333,30.6916666666667,1,3),(1552,'Волжский','Волгоградская область',326841,48.7977777777778,44.7461111111111,1,3),(1553,'Городец','Нижегородская область',33089,56.6447222222222,43.4722222222222,1,3),(1554,'Нефтекамск','Республика Башкортостан',140111,56.0883333333333,54.2480555555556,1,5),(1555,'Шуя','Ивановская область',58723,56.8519444444444,41.3855555555556,1,3),(1556,'Коряжма','Архангельская область',36224,61.3152777777778,47.1597222222222,1,3),(1558,'Петров Вал','Волгоградская область',12528,50.1380555555556,45.2091666666667,1,3),(1559,'Октябрьск','Самарская область',26512,53.1641666666667,48.6705555555556,1,3),(1560,'Шарыпово','Красноярский край',38561,55.5391666666667,89.1802777777778,1,7),(1562,'Липецк','Липецкая область',509420,52.6041666666667,39.5936111111111,1,3),(1563,'Шелехов','Иркутская область',48460,52.2102777777778,104.0975,1,8),(1564,'Краснодар','Краснодарский край',987828,45.0402777777778,38.9761111111111,1,3),(1565,'Светлогорск','Калининградская область',12812,54.9438888888889,20.1513888888889,1,2),(1566,'Новомосковск','Тульская область',134901,54.0111111111111,38.2908333333333,1,3),(1567,'Гулькевичи','Краснодарский край',34796,45.3583333333333,40.6963888888889,1,3),(1568,'Яхрома','Московская область',13214,56.29,37.4844444444444,1,3),(1570,'Лянтор','Ханты-Мансийский автономный округ - Югра',42511,61.6391666666667,72.1794444444444,1,5),(1571,'Чаплыгин','Липецкая область',11795,53.2405555555556,39.9669444444444,1,3),(1573,'Кинель','Самарская область',35715,53.2211111111111,50.6344444444444,1,3),(1574,'Вяземский','Хабаровский край',12889,47.5352777777778,134.755277777778,1,10),(1576,'Камышлов','Свердловская область',26569,56.8466666666667,62.7119444444444,1,5),(1577,'Стрежевой','Томская область',41230,60.7327777777778,77.6038888888889,1,6),(1578,'Кизел','Пермский край',15572,59.0494444444444,57.6538888888889,1,5),(1581,'Кинешма','Ивановская область',83871,57.4425,42.1688888888889,1,3),(1582,'Гороховец','Владимирская область',12948,56.2016666666667,42.6911111111111,1,3),(1583,'Никольск','Пензенская область',20045,53.7130555555556,46.0827777777778,1,3),(1584,'Рославль','Смоленская область',54738,53.9472222222222,32.8566666666667,1,3),(1585,'Шебекино','Белгородская область',43454,50.4005555555556,36.8877777777778,1,3),(1587,'Навашино','Нижегородская область',14830,55.5438888888889,42.1886111111111,1,3),(1588,'Югорск','Ханты-Мансийский автономный округ - Югра',37422,61.315,63.3319444444444,1,5),(1589,'Артемовский','Свердловская область',30944,57.3383333333333,61.8947222222222,1,5),(1590,'Арск','Республика Татарстан',19324,56.0913888888889,49.8769444444444,1,3),(1591,'Глазов','Удмуртская республика',92381,58.14,52.6463888888889,1,3),(1592,'Зеленокумск','Ставропольский край',35639,44.4033333333333,43.8841666666667,1,3),(1593,'Ишимбай','Республика Башкортостан',87282,53.4180555555556,56.04,1,5),(1596,'Катайск','Курганская область',12398,56.2908333333333,62.58,1,5),(1597,'Долинск','Сахалинская область',11685,47.3261111111111,142.793333333333,1,11),(1598,'Рыбинск','Ярославская область',193341,58.0483333333333,38.8583333333333,1,3),(1599,'Бодайбо','Иркутская область',11931,57.8519444444444,114.198888888889,1,8),(1600,'Сосногорск','Республика Коми',26366,63.5988888888889,53.8763888888889,1,3),(1601,'Феодосия','Республика Крым',101150,45.0319444444444,35.3825,1,1),(1602,'Заринск','Алтайский край',46597,53.7063888888889,84.9316666666667,1,7),(1604,'Могоча','Забайкальский край',14520,53.7361111111111,119.766111111111,1,9),(1605,'Кимры','Тверская область',44743,56.8733333333333,37.3555555555556,1,3),(1606,'Лукоянов','Нижегородская область',12465,55.0327777777778,44.4933333333333,1,3),(1607,'Котельники','Московская область',32338,55.6597222222222,37.8633333333333,1,3),(1608,'Радужный','Владимирская область',18535,55.9961111111111,40.3322222222222,1,3),(1609,'Чапаевск','Самарская область',70643,52.9788888888889,49.7136111111111,1,3),(1610,'Волоколамск','Московская область',23433,56.0358333333333,35.9586111111111,1,3),(1611,'Воркута','Республика Коми',58745,67.4975,64.0608333333333,1,3),(1612,'Керчь','Республика Крым',147668,45.3561111111111,36.4672222222222,1,1),(1613,'Южноуральск','Челябинская область',37801,54.4422222222222,61.2713888888889,1,5),(1614,'Ершов','Саратовская область',19257,51.3511111111111,48.2736111111111,1,3),(1616,'Первоуральск','Свердловская область',124981,56.9052777777778,59.9433333333333,1,5),(1617,'Красный Сулин','Ростовская область',40919,47.8947222222222,40.0580555555556,1,3),(1618,'Куса','Челябинская область',17368,55.3386111111111,59.4386111111111,1,5),(1619,'Тольятти','Самарская область',731544,53.5088888888889,49.4191666666667,1,3),(1620,'Бежецк','Тверская область',20778,57.7855555555556,36.6938888888889,1,3),(1621,'Свирск','Иркутская область',12779,53.0841666666667,103.336388888889,1,8),(1622,'Новозыбков','Брянская область',39725,52.5366666666667,31.9333333333333,1,3),(1623,'Тюкалинск','Омская область',11513,55.8705555555556,72.1955555555556,1,6),(1624,'Сочи','Краснодарский край',348234,43.5855555555556,39.7230555555556,1,3),(1625,'Ясногорск','Тульская область',15592,54.4794444444444,37.6897222222222,1,3),(1626,'Донецк','Ростовская область',48428,48.335,39.9461111111111,1,3),(1627,'Козельск','Калужская область',14447,54.0347222222222,35.7822222222222,1,3),(1628,'Алексин','Тульская область',67165,54.5027777777778,37.0666666666667,1,3),(1629,'Карабаш','Челябинская область',11178,55.4852777777778,60.2361111111111,1,5),(1630,'Лебедянь','Липецкая область',19208,53.0205555555556,39.1313888888889,1,3),(1631,'Кулебаки','Нижегородская область',32076,55.4297222222222,42.5125,1,3),(1632,'Таганрог','Ростовская область',250287,47.2094444444444,38.9352777777778,1,3),(1633,'Лермонтов','Ставропольский край',22741,44.1052777777778,42.9730555555556,1,3),(1634,'Благодарный','Ставропольский край',31720,45.0991666666667,43.4305555555556,1,3),(1635,'Агидель','Республика Башкортостан',14601,55.8997222222222,53.9219444444444,1,5),(1636,'Болотное','Новосибирская область',15771,55.6694444444444,84.3908333333333,1,6),(1637,'Котельнич','Кировская область',23943,58.3033333333333,48.3475,1,3),(1639,'Кисловодск','Ставропольский край',130007,43.9052777777778,42.7166666666667,1,3),(1640,'Серов','Свердловская область',99115,59.6052777777778,60.5736111111111,1,5),(1642,'Сясьстрой','Ленинградская область',12549,60.1419444444444,32.5566666666667,1,3),(1643,'Белорецк','Республика Башкортостан',65801,53.9675,58.41,1,5),(1645,'Сухиничи','Калужская область',14039,54.1016666666667,35.3394444444444,1,3),(1646,'Горняк','Алтайский край',12654,50.9977777777778,81.4641666666667,1,7),(1648,'Искитим','Новосибирская область',56411,54.6425,83.3063888888889,1,6),(1649,'Советск','Калининградская область',40486,55.0811111111111,21.8886111111111,1,2),(1650,'Березовский','Свердловская область',56586,56.9097222222222,60.8180555555556,1,5),(1651,'Белая Калитва','Ростовская область',38780,48.1769444444444,40.8033333333333,1,3),(1652,'Дорогобуж','Смоленская область',10661,54.9138888888889,33.3025,1,3),(1653,'Поворино','Воронежская область',16781,51.1952777777778,42.2472222222222,1,3),(1654,'Ачинск','Красноярский край',109155,56.2694444444444,90.4952777777778,1,7),(1656,'Ворсма','Нижегородская область',10331,55.99,43.2719444444444,1,3),(1657,'Миасс','Челябинская область',151856,55.0455555555556,60.1077777777778,1,5),(1658,'Торопец','Тверская область',12048,56.5011111111111,31.6355555555556,1,3),(1659,'Орск','Оренбургская область',228264,51.2294444444444,58.4752777777778,1,5),(1660,'Воткинск','Удмуртская республика',97345,57.0525,53.9905555555556,1,3),(1661,'Кировск','Ленинградская область',26387,59.8752777777778,30.9813888888889,1,3),(1663,'Сысерть','Свердловская область',20939,56.5005555555556,60.8188888888889,1,5),(1664,'Ноябрьск','Ямало-Ненецкий автономный округ',106135,63.2016666666667,75.4508333333333,1,5),(1665,'Североморск','Мурманская область',35875,69.0763888888889,33.4177777777778,1,3),(1666,'Алапаевск','Свердловская область',42988,57.8475,61.6694444444444,1,5),(1668,'Северск','Томская область',107036,56.6033333333333,84.8808333333333,1,6),(1669,'Ульяновск','Ульяновская область',627870,54.3125,48.3955555555556,1,4),(1671,'Руза','Московская область',13495,55.7013888888889,36.1961111111111,1,3),(1672,'Боготол','Красноярский край',21051,56.21,89.53,1,7),(1673,'Одинцово','Московская область',138930,55.6788888888889,37.2638888888889,1,3),(1674,'Сим','Челябинская область',13170,54.9908333333333,57.69,1,5),(1675,'Люберцы','Московская область',172525,55.6763888888889,37.8980555555556,1,3),(1676,'Пушкино','Московская область',102874,56.0091666666667,37.8527777777778,1,3),(1677,'Невьянск','Свердловская область',24157,57.4911111111111,60.2183333333333,1,5),(1678,'Покров','Владимирская область',17308,55.9166666666667,39.1733333333333,1,3),(1679,'Саянск','Иркутская область',38674,54.1108333333333,102.180277777778,1,8),(1681,'Саки','Республика Крым',24797,45.1255555555556,33.5944444444444,1,1),(1682,'Дальнегорск','Приморский край',34427,44.5538888888889,135.566111111111,1,10),(1683,'Буй','Костромская область',29434,58.4816666666667,41.5330555555556,1,3),(1684,'Покачи','Ханты-Мансийский автономный округ - Югра',17987,61.7422222222222,75.5941666666667,1,5),(1685,'Сухой Лог','Свердловская область',34223,56.9047222222222,62.035,1,5),(1686,'Луховицы','Московская область',29850,54.9652777777778,39.0252777777778,1,3),(1687,'Калининск','Саратовская область',15651,51.4994444444444,44.4711111111111,1,3),(1688,'Красноармейск','Московская область',26294,56.1208333333333,38.1405555555556,1,3),(1689,'Инкерман','Севастополь',10204,44.6144444444444,33.6088888888889,1,1),(1690,'Мариинск','Кемеровская область',41252,56.2091666666667,87.735,1,7),(1692,'Салават','Республика Башкортостан',153181,53.3616666666667,55.9244444444444,1,5),(1693,'Аргун','Чеченская республика',38169,43.2805555555556,45.8791666666667,1,3),(1694,'Волхов','Ленинградская область',44487,59.8183333333333,32.3675,1,3),(1695,'Прокопьевск','Кемеровская область',191839,53.8844444444444,86.75,1,7),(1696,'Магас','Республика Ингушетия',10333,43.1675,44.8091666666667,1,3),(1697,'Домодедово','Московская область',96145,55.4369444444444,37.7675,1,3),(1698,'Заречный','Свердловская область',27608,56.8102777777778,61.3380555555556,1,5),(1699,'Протвино','Московская область',37308,54.8705555555556,37.2183333333333,1,3),(1700,'Неман','Калининградская область',10404,55.0316666666667,22.0325,1,2),(1701,'Данков','Липецкая область',18830,53.2444444444444,39.1416666666667,1,3),(1702,'Кольчугино','Владимирская область',43543,56.2938888888889,39.3761111111111,1,3),(1704,'Жирновск','Волгоградская область',15516,50.9786111111111,44.7788888888889,1,3),(1706,'Горнозаводск','Пермский край',11477,58.3747222222222,58.3308333333333,1,5),(1707,'Новоульяновск','Ульяновская область',13903,54.1447222222222,48.3911111111111,1,3),(1708,'Бакал','Челябинская область',19590,54.9380555555556,58.8091666666667,1,5),(1709,'Верхняя Пышма','Свердловская область',71241,56.9758333333333,60.565,1,5),(1710,'Иваново','Ивановская область',405053,57.0002777777778,40.9738888888889,1,3),(1711,'Куйбышев','Новосибирская область',43859,55.45,78.3083333333333,1,6),(1712,'Кондрово','Калужская область',14836,54.8075,35.9266666666667,1,3),(1713,'Меленки','Владимирская область',14246,55.3386111111111,41.6341666666667,1,3),(1714,'Полярные Зори','Мурманская область',14644,67.3727777777778,32.4975,1,3),(1715,'Хасавюрт','Республика Дагестан',98337,43.2463888888889,46.59,1,3),(1716,'Карталы','Челябинская область',28577,53.0536111111111,60.6477777777778,1,5),(1718,'Лесной','Свердловская область',49111,58.6355555555556,59.7986111111111,1,5),(1719,'Черемхово','Иркутская область',50586,53.1369444444444,103.09,1,8),(1720,'Яранск','Кировская область',16592,57.3041666666667,47.8480555555556,1,3),(1721,'Райчихинск','Амурская область',17098,49.7941666666667,129.411388888889,1,9),(1722,'Строитель','Белгородская область',24322,50.7844444444444,36.4886111111111,1,3),(1723,'Новокубанск','Краснодарский край',35173,45.1038888888889,41.0475,1,3),(1724,'Егорьевск','Московская область',70081,55.3830555555556,39.0358333333333,1,3),(1725,'Карабаново','Владимирская область',14817,56.3133333333333,38.7033333333333,1,3),(1726,'Махачкала','Республика Дагестан',597316,42.9830555555556,47.5047222222222,1,3),(1727,'Можайск','Московская область',31363,55.5066666666667,36.0172222222222,1,3),(1728,'Соликамск','Пермский край',94628,59.6483333333333,56.7711111111111,1,5),(1729,'Таштагол','Кемеровская область',23751,52.7594444444444,87.8477777777778,1,7),(1730,'Лихославль','Тверская область',11790,57.1222222222222,35.4669444444444,1,3),(1731,'Ликино-Дулево','Московская область',31321,55.7077777777778,38.9577777777778,1,3),(1733,'Красноуральск','Свердловская область',23258,58.3486111111111,60.0408333333333,1,5),(1734,'Ипатово','Ставропольский край',24966,45.7183333333333,42.8969444444444,1,3),(1735,'Смоленск','Смоленская область',329853,54.7941666666667,32.055,1,3),(1736,'Тара','Омская область',27965,56.9019444444444,74.3719444444444,1,6),(1738,'Ливны','Орловская область',47179,52.4266666666667,37.6080555555556,1,3),(1739,'Сургут','Ханты-Мансийский автономный округ - Югра',373940,61.2541666666667,73.3961111111111,1,5),(1740,'Вилючинск','Камчатский край',21979,52.9069444444444,158.418333333333,1,11),(1741,'Псков','Псковская область',207571,57.8175,28.3344444444444,1,3),(1742,'Каспийск','Республика Дагестан',114707,42.8916666666667,47.6366666666667,1,3),(1744,'Бронницы','Московская область',22800,55.4255555555556,38.2641666666667,1,3),(1745,'Нижний Ломов','Пензенская область',20662,53.53,43.6736111111111,1,3),(1746,'Ишим','Тюменская область',69003,56.1108333333333,69.4733333333333,1,5),(1747,'Михайлов','Рязанская область',10340,54.2325,39.0236111111111,1,3),(1748,'Курск','Курская область',449556,51.7302777777778,36.1927777777778,1,3),(1749,'Урень','Нижегородская область',12309,57.4611111111111,45.7833333333333,1,3),(1750,'Аша','Челябинская область',29946,54.9905555555556,57.2783333333333,1,5),(1751,'Лесозаводск','Приморский край',35310,45.4780555555556,133.418611111111,1,10),(1752,'Среднеуральск','Свердловская область',23583,56.9919444444444,60.4772222222222,1,5),(1753,'Нефтеюганск','Ханты-Мансийский автономный округ - Югра',127710,61.0997222222222,72.6033333333333,1,5),(1754,'Зарайск','Московская область',24645,54.7569444444444,38.8747222222222,1,3),(1756,'Шумиха','Курганская область',25036,55.2280555555556,63.2902777777778,1,5),(1757,'Красноармейск','Саратовская область',22613,51.0236111111111,45.695,1,3),(1758,'Усть-Кут','Иркутская область',41149,56.7927777777778,105.775555555556,1,8),(1760,'Павлово','Нижегородская область',57028,55.9647222222222,43.0644444444444,1,3),(1761,'Кировград','Свердловская область',20036,57.4325,60.0627777777778,1,5),(1763,'Качканар','Свердловская область',39377,58.705,59.4838888888889,1,5),(1765,'Копейск','Челябинская область',147573,55.1166666666667,61.6180555555556,1,5),(1766,'Гагарин','Смоленская область',31560,55.5533333333333,34.9969444444444,1,3),(1767,'Чернушка','Пермский край',32997,56.5161111111111,56.0763888888889,1,5),(1768,'Сергач','Нижегородская область',19533,55.52,45.4813888888889,1,3),(1769,'Переславль-Залесский','Ярославская область',40283,56.7361111111111,38.8544444444444,1,3),(1770,'Лысково','Нижегородская область',21176,56.0263888888889,45.0358333333333,1,3),(1772,'Златоуст','Челябинская область',167978,55.1713888888889,59.6727777777778,1,5),(1773,'Новошахтинск','Ростовская область',108782,47.7577777777778,39.9363888888889,1,3),(1774,'Киселевск','Кемеровская область',88192,54.0061111111111,86.6366666666667,1,7),(1775,'Дигора','Республика Северная Осетия - Алания',10075,43.1566666666667,44.155,1,3),(1776,'Россошь','Воронежская область',62716,50.1927777777778,39.5763888888889,1,3),(1779,'Нурлат','Республика Татарстан',33460,54.4280555555556,50.805,1,3),(1780,'Симферополь','Республика Крым',352658,44.9483333333333,34.1002777777778,1,1),(1781,'Приозерск','Ленинградская область',18229,61.0366666666667,30.1197222222222,1,3),(1782,'Высоковск','Московская область',10635,56.3202777777778,36.5511111111111,1,3),(1783,'Усть-Илимск','Иркутская область',81081,57.9430555555556,102.741388888889,1,8),(1784,'Томск','Томская область',575352,56.4886111111111,84.9522222222222,1,6),(1786,'Ижевск','Удмуртская республика',648944,56.8497222222222,53.2072222222222,1,3),(1788,'Фрязино','Московская область',55369,55.9580555555556,38.0522222222222,1,3),(1789,'Кушва','Свердловская область',27624,58.2825,59.7647222222222,1,5),(1790,'Кашин','Тверская область',14094,57.3583333333333,37.6133333333333,1,3),(1791,'Усолье-Сибирское','Иркутская область',76846,52.7566666666667,103.638888888889,1,8),(1793,'Дивногорск','Красноярский край',28272,55.9577777777778,92.38,1,7),(1794,'Заозерный','Красноярский край',10681,55.9602777777778,94.7094444444444,1,7),(1795,'Завитинск','Амурская область',10445,50.1063888888889,129.439444444444,1,9),(1797,'Выборг','Ленинградская область',79962,60.7144444444444,28.7572222222222,1,3),(1798,'Избербаш','Республика Дагестан',58690,42.5652777777778,47.8711111111111,1,3),(1800,'Гатчина','Ленинградская область',93710,59.5652777777778,30.1280555555556,1,3),(1801,'Звенигород','Московская область',16395,55.7297222222222,36.8541666666667,1,3),(1802,'Пятигорск','Ставропольский край',145971,44.0397222222222,43.0708333333333,1,3),(1803,'Грязовец','Вологодская область',14800,58.8758333333333,40.2486111111111,1,3),(1804,'Норильск','Красноярский край',175365,69.3491666666667,88.2011111111111,1,7),(1806,'Муравленко','Ямало-Ненецкий автономный округ',32132,63.7952777777778,74.4944444444444,1,5),(1807,'Долгопрудный','Московская область',90956,55.9336111111111,37.5144444444444,1,3),(1808,'Красноярск','Красноярский край',1066934,56.0105555555556,92.8525,1,7),(1809,'Тулун','Иркутская область',41279,54.5572222222222,100.578055555556,1,8),(1811,'Губаха','Пермский край',34586,58.8369444444444,57.5544444444444,1,5),(1812,'Байкальск','Иркутская область',12495,51.5230555555556,104.148611111111,1,8),(1814,'Бирск','Республика Башкортостан',45673,55.4125,55.5405555555556,1,5),(1815,'Амурск','Хабаровский край',39046,50.2344444444444,136.879166666667,1,10),(1816,'Луза','Кировская область',10812,60.6291666666667,47.2611111111111,1,3),(1817,'Судогда','Владимирская область',10527,55.95,40.8563888888889,1,3),(1818,'Гусь-Хрустальный','Владимирская область',55421,55.6197222222222,40.6577777777778,1,3),(1819,'Нижний Новгород','Нижегородская область',1276560,56.3269444444444,44.0061111111111,1,3),(1820,'Пермь','Пермский край',1048011,58.0102777777778,56.2341666666667,1,5),(1821,'Лабытнанги','Ямало-Ненецкий автономный округ',26211,66.6594444444444,66.3883333333333,1,5),(1822,'Элиста','Республика Калмыкия',102618,46.3083333333333,44.2702777777778,1,3),(1823,'Снежногорск','Мурманская область',14688,69.1919444444444,33.2380555555556,1,3),(1825,'Братск','Иркутская область',227467,56.1513888888889,101.634166666667,1,8),(1826,'Данилов','Ярославская область',15187,58.1877777777778,40.1747222222222,1,3),(1827,'Раменское','Московская область',96317,55.5672222222222,38.2258333333333,1,3),(1828,'Николаевск-на-Амуре','Хабаровский край',18159,53.1461111111111,140.711111111111,1,10),(1829,'Урай','Ханты-Мансийский автономный округ - Югра',40292,60.1297222222222,64.8038888888889,1,5),(1830,'Сосновоборск','Красноярский край',33091,56.1202777777778,93.3355555555556,1,7),(1831,'Нязепетровск','Челябинская область',11752,56.0536111111111,59.6097222222222,1,5),(1833,'Гусиноозерск','Республика Бурятия',14992,51.2866666666667,106.523055555556,1,8),(1834,'Ахтубинск','Астраханская область',37889,48.2922222222222,46.1769444444444,1,3),(1836,'Терек','Кабардино-Балкарская республика',19489,43.4838888888889,44.1402777777778,1,3),(1837,'Котельниково','Волгоградская область',20195,47.6316666666667,43.1425,1,3),(1838,'Кодинск','Красноярский край',16348,58.6033333333333,99.1797222222222,1,7),(1839,'Ленинск-Кузнецкий','Кемеровская область',95279,54.6636111111111,86.1622222222222,1,7),(1840,'Чегем','Кабардино-Балкарская республика',18156,43.5672222222222,43.5866666666667,1,3),(1841,'Пыть-Ях','Ханты-Мансийский автономный округ - Югра',39831,60.7586111111111,72.8363888888889,1,5),(1843,'Бийск','Алтайский край',200576,52.5391666666667,85.2138888888889,1,7),(1844,'Владикавказ','Республика Северная Осетия - Алания',321378,43.0205555555556,44.6819444444444,1,3),(1846,'Мирный','Архангельская область',32028,62.7644444444444,40.3361111111111,1,3),(1847,'Лодейное Поле','Ленинградская область',19270,60.7322222222222,33.5522222222222,1,3),(1850,'Новая Ляля','Свердловская область',12234,59.0538888888889,60.5944444444444,1,5),(1853,'Талдом','Московская область',13819,56.7308333333333,37.5275,1,3),(1854,'Якутск','Республика Саха (Якутия)',318768,62.0391666666667,129.735833333333,1,9),(1855,'Плавск','Тульская область',15921,53.7097222222222,37.2863888888889,1,3),(1856,'Катав-Ивановск','Челябинская область',16088,54.7522222222222,58.1983333333333,1,5),(1857,'Мытищи','Московская область',173160,55.9094444444444,37.7338888888889,1,3),(1858,'Богородск','Нижегородская область',33931,56.1019444444444,43.5136111111111,1,3),(1859,'Моршанск','Тамбовская область',38230,53.4436111111111,41.8116666666667,1,3),(1860,'Мыски','Кемеровская область',41379,53.7125,87.8055555555556,1,7),(1861,'Белокуриха','Алтайский край',15160,51.9961111111111,84.9838888888889,1,7),(1862,'Темрюк','Краснодарский край',40755,45.27,37.3852777777778,1,3),(1863,'Унеча','Брянская область',23097,52.8430555555556,32.6780555555556,1,3),(1864,'Лакинск','Владимирская область',14568,56.0180555555556,39.9563888888889,1,3),(1865,'Николаевск','Волгоградская область',13653,50.0258333333333,45.4591666666667,1,3),(1866,'Коломна','Московская область',144589,55.1030555555556,38.7530555555556,1,3),(1867,'Пролетарск','Ростовская область',19504,46.7038888888889,41.7275,1,3),(1869,'Черепаново','Новосибирская область',19489,54.2205555555556,83.3725,1,6),(1870,'Вичуга','Ивановская область',34868,57.2138888888889,41.9177777777778,1,3),(1871,'Дегтярск','Свердловская область',16076,56.6983333333333,60.0866666666667,1,5),(1872,'Красный Кут','Саратовская область',14410,50.9513888888889,46.9680555555556,1,3),(1873,'Старая Купавна','Московская область',21811,55.8108333333333,38.1736111111111,1,3),(1874,'Владивосток','Приморский край',633102,43.1152777777778,131.885277777778,1,10),(1875,'Ессентуки','Ставропольский край',104288,44.0444444444444,42.8588888888889,1,3),(1876,'Пласт','Челябинская область',17648,54.3633333333333,60.8083333333333,1,5),(1877,'Иланский','Красноярский край',16111,56.2375,96.0672222222222,1,7),(1878,'Саяногорск','Республика Хакасия',45628,53.1008333333333,91.4122222222222,1,7),(1879,'Валдай','Новгородская область',14240,57.9802777777778,33.2466666666667,1,3),(1880,'Нововоронеж','Воронежская область',31568,51.3091666666667,39.2163888888889,1,3),(1881,'Дзержинск','Нижегородская область',231797,56.2383333333333,43.4616666666667,1,3),(1882,'Бахчисарай','Республика Крым',91361,44.7513888888889,33.875,1,1),(1884,'Арамиль','Свердловская область',15012,56.6944444444444,60.8444444444444,1,5),(1885,'Новочебоксарск','Чувашская республика',126931,56.1138888888889,47.4869444444444,1,3),(1886,'Грозный','Чеченская республика',301253,43.3177777777778,45.695,1,3),(1887,'Краснозаводск','Московская область',13392,56.4408333333333,38.2319444444444,1,3),(1889,'Сыктывкар','Республика Коми',248842,61.6686111111111,50.8344444444444,1,3),(1890,'Сосенский','Калужская область',11556,54.0566666666667,35.9622222222222,1,3),(1891,'Ирбит','Свердловская область',37444,57.6838888888889,63.0577777777778,1,5),(1892,'Хабаровск','Хабаровский край',617473,48.4725,135.057777777778,1,10),(1895,'Юрьев-Польский','Владимирская область',18610,56.4991666666667,39.6808333333333,1,3),(1897,'Кандалакша','Мурманская область',35750,67.1566666666667,32.4141666666667,1,3),(1898,'Карпинск','Свердловская область',29291,59.7666666666667,60.0011111111111,1,5),(1899,'Заводоуковск','Тюменская область',25832,56.5008333333333,66.5483333333333,1,5),(1900,'Орёл','Орловская область',311625,52.9672222222222,36.0697222222222,1,3),(1901,'Новороссийск','Краснодарский край',235632,44.7236111111111,37.7686111111111,1,3),(1902,'Далматово','Курганская область',12413,56.2619444444444,62.9388888888889,1,5),(1903,'Кондопога','Республика Карелия',30299,62.2055555555556,34.2461111111111,1,3),(1904,'Топки','Кемеровская область',27880,55.2763888888889,85.6152777777778,1,7),(1906,'Уяр','Красноярский край',12665,55.8130555555556,94.3283333333333,1,7),(1907,'Химки','Московская область',207425,55.8888888888889,37.4302777777778,1,3),(1908,'Куртамыш','Курганская область',16509,54.9125,64.4336111111111,1,5),(1909,'Урюпинск','Волгоградская область',39844,50.7944444444444,41.9958333333333,1,3),(1910,'Сердобск','Пензенская область',31475,52.4558333333333,44.2027777777778,1,3),(1912,'Нефтекумск','Ставропольский край',25152,44.7544444444444,44.9866666666667,1,3),(1913,'Котовск','Тамбовская область',29377,52.5930555555556,41.5058333333333,1,3),(1914,'Череповец','Вологодская область',318107,59.1275,37.9069444444444,1,3),(1915,'Дзержинский','Московская область',47163,55.6308333333333,37.8497222222222,1,3),(1917,'Ржев','Тверская область',59422,56.2627777777778,34.3291666666667,1,3),(1918,'Нарткала','Кабардино-Балкарская республика',30704,43.5566666666667,43.8619444444444,1,3),(1919,'Никольское','Ленинградская область',19280,59.7044444444444,30.7875,1,3),(1920,'Благовещенск','Республика Башкортостан',34955,55.0463888888889,55.9483333333333,1,5),(1921,'Медногорск','Оренбургская область',24896,51.4038888888889,57.5833333333333,1,5),(1922,'Геленджик','Краснодарский край',77212,44.5630555555556,38.0791666666667,1,3),(1923,'Можга','Удмуртская республика',49093,56.4427777777778,52.2138888888889,1,3),(1924,'Семикаракорск','Ростовская область',22307,47.5177777777778,40.8113888888889,1,3),(1925,'Рязань','Рязанская область',537622,54.6294444444444,39.7425,1,3),(1926,'Березовский','Кемеровская область',45801,55.6666666666667,86.25,1,7),(1927,'Мелеуз','Республика Башкортостан',58004,52.9588888888889,55.9283333333333,1,5),(1928,'Междуреченск','Кемеровская область',97060,53.6866666666667,88.0702777777778,1,7),(1930,'Тимашевск','Краснодарский край',55360,45.6186111111111,38.9455555555556,1,3),(1931,'Палласовка','Волгоградская область',14167,50.0502777777778,46.8802777777778,1,3),(1932,'Пестово','Новгородская область',15656,58.5952777777778,35.8005555555556,1,3),(1933,'Оленегорск','Мурманская область',21039,68.1419444444444,33.2669444444444,1,3),(1934,'Чита','Забайкальский край',349005,52.0338888888889,113.499444444444,1,9),(1935,'Электроугли','Московская область',20136,55.7163888888889,38.2208333333333,1,3),(1936,'Емва','Республика Коми',13174,62.5983333333333,50.8863888888889,1,3),(1937,'Еманжелинск','Челябинская область',29077,54.7522222222222,61.3172222222222,1,5),(1939,'Омск','Омская область',1178391,54.9922222222222,73.3683333333333,1,6),(1940,'Тогучин','Новосибирская область',21107,55.2380555555556,84.4027777777778,1,6),(1941,'Поронайск','Сахалинская область',15388,49.2202777777778,143.089444444444,1,11),(1942,'Минеральные Воды','Ставропольский край',75974,44.2088888888889,43.1383333333333,1,3),(1943,'Майский','Кабардино-Балкарская республика',27074,43.6283333333333,44.0516666666667,1,3),(1944,'Моздок','Республика Северная Осетия - Алания',40042,43.7472222222222,44.6569444444444,1,3),(1945,'Заречный','Пензенская область',65194,53.1961111111111,45.1691666666667,1,3),(1946,'Озерск','Челябинская область',79265,55.7630555555556,60.7075,1,5),(1948,'Карачаевск','Карачаево-Черкесская республика',21040,43.7730555555556,41.9144444444444,1,3),(1949,'Новомичуринск','Рязанская область',16852,54.0377777777778,39.7466666666667,1,3),(1950,'Прохладный','Кабардино-Балкарская республика',57857,43.7588888888889,44.0102777777778,1,3),(1951,'Козьмодемьянск','Республика Марий Эл',20216,56.3333333333333,46.5466666666667,1,3),(1952,'Светлоград','Ставропольский край',37819,45.3286111111111,42.8566666666667,1,3),(1953,'Анжеро-Судженск','Кемеровская область',74950,56.0830555555556,86.0183333333333,1,7),(1954,'Димитровград','Ульяновская область',114229,54.2188888888889,49.6038888888889,1,4),(1955,'Подольск','Московская область',187961,55.4311111111111,37.5447222222222,1,3),(1956,'Кумертау','Республика Башкортостан',60206,52.7566666666667,55.7969444444444,1,5),(1957,'Скопин','Рязанская область',27348,53.8236111111111,39.5494444444444,1,3),(1958,'Борисоглебск','Воронежская область',60878,51.3677777777778,42.075,1,3),(1959,'Отрадное','Ленинградская область',25421,59.7725,30.7988888888889,1,3),(1960,'Котово','Волгоградская область',21990,50.3219444444444,44.8013888888889,1,3),(1961,'Усинск','Республика Коми',37658,65.9938888888889,57.5569444444444,1,3),(1962,'Десногорск','Смоленская область',30923,54.1463888888889,33.2833333333333,1,3),(1963,'Новоалександровск','Ставропольский край',26894,45.4933333333333,41.2152777777778,1,3),(1964,'Находка','Приморский край',148280,42.8241666666667,132.892777777778,1,10),(1965,'Буденновск','Ставропольский край',63338,44.7816666666667,44.165,1,3),(1967,'Саратов','Саратовская область',840785,51.5330555555556,46.0341666666667,1,3),(1968,'Ревда','Свердловская область',62395,56.8,59.9086111111111,1,5),(1969,'Славгород','Алтайский край',29506,52.9994444444444,78.6458333333333,1,7),(1972,'Медвежьегорск','Республика Карелия',14520,62.915,34.4730555555556,1,3),(1974,'Знаменск','Астраханская область',26934,48.5866666666667,45.7369444444444,1,3),(1975,'Шимановск','Амурская область',18542,51.9994444444444,127.676111111111,1,9),(1976,'Миллерово','Ростовская область',35650,48.9216666666667,40.3966666666667,1,3),(1977,'Камызяк','Астраханская область',16077,46.1105555555556,48.0733333333333,1,3),(1978,'Киреевск','Тульская область',26217,53.9319444444444,37.9222222222222,1,3),(1980,'Кунгур','Пермский край',66157,57.4283333333333,56.9438888888889,1,5),(1981,'Бикин','Хабаровский край',15946,46.8186111111111,134.255,1,10),(1982,'Тутаев','Ярославская область',46068,57.8688888888889,39.5308333333333,1,3),(1983,'Тверь','Тверская область',420850,56.8586111111111,35.9208333333333,1,3),(1984,'Шали','Чеченская республика',54168,43.1488888888889,45.9011111111111,1,3),(1985,'Тарко-Сале','Ямало-Ненецкий автономный округ',21665,64.9119444444444,77.7611111111111,1,5),(1986,'Лыткарино','Московская область',55237,55.5777777777778,37.9033333333333,1,3),(1987,'Заполярный','Мурманская область',17396,69.4261111111111,30.8202777777778,1,3),(1988,'Абакан','Республика Хакасия',185161,53.7211111111111,91.4425,1,7),(1989,'Тырныауз','Кабардино-Балкарская республика',20566,43.3980555555556,42.9213888888889,1,3),(1990,'Всеволожск','Ленинградская область',74263,60.0191666666667,30.6455555555556,1,3),(1991,'Канск','Красноярский край',94226,56.205,95.705,1,7),(1992,'Петухово','Курганская область',18340,55.065,67.8875,1,5),(1994,'Новый Уренгой','Ямало-Ненецкий автономный округ',116938,66.0838888888889,76.6811111111111,1,5),(1995,'Хвалынск','Саратовская область',12293,52.495,48.1047222222222,1,3),(1996,'Черноголовка','Московская область',20983,56.01,38.3791666666667,1,3),(1997,'Вельск','Архангельская область',22311,61.0658333333333,42.1033333333333,1,3),(1998,'Курганинск','Краснодарский край',48439,44.8877777777778,40.5913888888889,1,3),(1999,'Константиновск','Ростовская область',17391,47.5772222222222,41.0966666666667,1,3),(2001,'Советская Гавань','Хабаровский край',23816,48.9663888888889,140.285,1,10),(2002,'Рыбное','Рязанская область',19265,54.7291666666667,39.4936111111111,1,3),(2003,'Усмань','Липецкая область',19653,52.0433333333333,39.7361111111111,1,3),(2004,'Саров','Нижегородская область',94417,54.9227777777778,43.3447222222222,1,3),(2005,'Дальнереченск','Приморский край',37537,45.9308333333333,133.731666666667,1,10),(2006,'Дубовка','Волгоградская область',13805,49.0555555555556,44.8269444444444,1,3),(2007,'Заозерск','Мурманская область',10019,69.4002777777778,32.45,1,3),(2008,'Вятские Поляны','Кировская область',33719,56.2286111111111,51.0613888888889,1,3),(2009,'Усть-Джегута','Карачаево-Черкесская республика',30438,44.0838888888889,41.9711111111111,1,3),(2010,'Купино','Новосибирская область',13708,54.3661111111111,77.2972222222222,1,6),(2011,'Тобольск','Тюменская область',103019,58.2016666666667,68.2538888888889,1,5),(2012,'Рыльск','Курская область',16014,51.5680555555556,34.6802777777778,1,3),(2013,'Ртищево','Саратовская область',38640,52.2586111111111,43.7880555555556,1,3),(2014,'Нальчик','Кабардино-Балкарская республика',239300,43.4852777777778,43.6069444444444,1,3),(2015,'Рубцовск','Алтайский край',134183,51.5011111111111,81.2077777777778,1,7),(2016,'Щелкино','Республика Крым',10620,45.4236111111111,35.8186111111111,1,1),(2017,'Алатырь','Чувашская республика',34785,54.8419444444444,46.5877777777778,1,3),(2018,'Фролово','Волгоградская область',43326,49.7688888888889,43.6483333333333,1,3),(2019,'Арзамас','Нижегородская область',105065,55.3877777777778,43.8155555555556,1,3),(2020,'Бавлы','Республика Татарстан',22178,54.4063888888889,53.2458333333333,1,3),(2022,'Белгород','Белгородская область',378390,50.5975,36.5888888888889,1,3),(2023,'Ожерелье','Московская область',10469,54.7925,38.2658333333333,1,3),(2024,'Дмитров','Московская область',61305,56.345,37.5183333333333,1,3),(2026,'Вольск','Саратовская область',55976,52.0458333333333,47.3872222222222,1,3),(2027,'Дубна','Московская область',70663,56.7438888888889,37.1730555555556,1,3),(2028,'Аткарск','Саратовская область',24649,51.8736111111111,45.0002777777778,1,3),(2030,'Уссурийск','Приморский край',138766,43.7972222222222,131.951666666667,1,10),(2031,'Нарьян-Мар','Ненецкий автономный округ',24921,67.6380555555556,53.0069444444444,1,3),(2032,'Ростов','Ярославская область',30923,57.1858333333333,39.4144444444444,1,3),(2034,'Бобров','Воронежская область',20238,51.0902777777778,40.0319444444444,1,3),(2035,'Трехгорный','Челябинская область',32355,54.8177777777778,58.4463888888889,1,5),(2036,'Белая Холуница','Кировская область',11199,58.8436111111111,50.8527777777778,1,3),(2037,'Абинск','Краснодарский край',38119,44.8680555555556,38.1616666666667,1,3),(2039,'Сосновка','Кировская область',10255,56.2533333333333,51.2833333333333,1,3),(2040,'Светогорск','Ленинградская область',15721,61.1111111111111,28.8727777777778,1,3),(2042,'Сегежа','Республика Карелия',27108,63.7436111111111,34.3125,1,3),(2043,'Ханты-Мансийск','Ханты-Мансийский автономный округ - Югра',99385,61.0025,69.0183333333333,1,5),(2044,'Апатиты','Мурманская область',56730,67.5677777777778,33.4066666666667,1,3),(2047,'Касимов','Рязанская область',30696,54.9372222222222,41.3913888888889,1,3),(2049,'Белореченск','Краснодарский край',52044,44.7611111111111,39.8711111111111,1,3),(2050,'Новоузенск','Саратовская область',15469,50.4663888888889,48.1322222222222,1,3),(2051,'Богучар','Воронежская область',11192,49.9352777777778,40.5591666666667,1,3),(2052,'Тейково','Ивановская область',32791,56.85,40.5330555555556,1,3),(2053,'Губкинский','Ямало-Ненецкий автономный округ',28564,64.4325,76.5005555555556,1,5),(2054,'Каменск-Шахтинский','Ростовская область',89657,48.3205555555556,40.2688888888889,1,3),(2057,'Каменск-Уральский','Свердловская область',169120,56.4138888888889,61.9188888888889,1,5),(2059,'Ставрополь','Ставропольский край',425853,45.0444444444444,41.9691666666667,1,3),(2060,'Калачинск','Омская область',22781,55.0516666666667,74.5783333333333,1,6),(2062,'Октябрьский','Республика Башкортостан',113827,54.4813888888889,53.4655555555556,1,5),(2064,'Бугульма','Республика Татарстан',85950,54.5363888888889,52.7894444444444,1,3),(2065,'Щигры','Курская область',15117,51.8761111111111,36.9119444444444,1,3),(2067,'Радужный','Ханты-Мансийский автономный округ - Югра',43726,62.1341666666667,77.4583333333333,1,5),(2068,'Омутнинск','Кировская область',23023,58.6697222222222,52.1894444444444,1,3),(2069,'Тавда','Свердловская область',33957,58.0433333333333,65.2741666666667,1,5),(2070,'Казань','Республика Татарстан',1205651,55.7986111111111,49.1063888888889,1,3),(2072,'Кораблино','Рязанская область',11272,53.9247222222222,40.0227777777778,1,3),(2073,'Севастополь','Севастополь',385777,44.6166666666667,33.5255555555556,1,1),(2075,'Кемерово','Кемеровская область',558973,55.3541666666667,86.0897222222222,1,7),(2076,'Струнино','Владимирская область',13281,56.375,38.5841666666667,1,3),(2077,'Назарово','Красноярский край',52817,56.0125,90.4177777777778,1,7),(2078,'Аркадак','Саратовская область',11687,51.9388888888889,43.4997222222222,1,3),(2080,'Закаменск','Республика Бурятия',11180,50.3727777777778,103.286666666667,1,8),(2082,'Оха','Сахалинская область',20391,53.5844444444444,142.947222222222,1,11),(2084,'Енисейск','Красноярский край',18666,58.4486111111111,92.1652777777778,1,7),(2085,'Оса','Пермский край',20981,57.2888888888889,55.4691666666667,1,5),(2086,'Жердевка','Тамбовская область',13998,51.8422222222222,41.4616666666667,1,3),(2087,'Борзя','Забайкальский край',23169,50.3875,116.523611111111,1,9),(2088,'Когалым','Ханты-Мансийский автономный округ - Югра',66864,62.2638888888889,74.4827777777778,1,5),(2089,'Советск','Кировская область',15425,57.5875,48.9594444444444,1,3),(2090,'Челябинск','Челябинская область',1134643,55.1597222222222,61.4025,1,5),(2091,'Муром','Владимирская область',109809,55.5791666666667,42.0525,1,3),(2092,'Шарья','Костромская область',38844,58.3697222222222,45.5180555555556,1,3),(2093,'Ряжск','Рязанская область',21623,53.7088888888889,40.0627777777778,1,3),(2094,'Менделеевск','Республика Татарстан',22131,55.8952777777778,52.3144444444444,1,3),(2095,'Лабинск','Краснодарский край',59842,44.6352777777778,40.7244444444444,1,3),(2096,'Электрогорск','Московская область',22480,55.8830555555556,38.7858333333333,1,3),(2097,'Нижний Тагил','Свердловская область',356288,57.9075,59.9722222222222,1,5),(2100,'Северобайкальск','Республика Бурятия',23365,55.6361111111111,109.335555555556,1,8),(2102,'Балашов','Саратовская область',79516,51.5547222222222,43.1463888888889,1,3),(2103,'Узловая','Тульская область',50508,53.9786111111111,38.1608333333333,1,3),(2104,'Сибай','Республика Башкортостан',62324,52.7205555555556,58.6663888888889,1,5),(2105,'Лысьва','Пермский край',62592,58.1002777777778,57.8091666666667,1,5),(2108,'Новый Оскол','Белгородская область',18932,50.7605555555556,37.8647222222222,1,3),(2109,'Буинск','Республика Татарстан',44596,54.9641666666667,48.2902777777778,1,3),(2111,'Красногорск','Московская область',116896,55.8319444444444,37.3294444444444,1,3),(2112,'Соль-Илецк','Оренбургская область',25975,51.1619444444444,54.9802777777778,1,5),(2113,'Куровское','Московская область',21819,55.5791666666667,38.9208333333333,1,3),(2115,'Собинка','Владимирская область',18059,55.9938888888889,40.0180555555556,1,3),(2116,'Мценск','Орловская область',37136,53.2788888888889,36.575,1,3),(2117,'Конаково','Тверская область',38645,56.7133333333333,36.7794444444444,1,3),(2118,'Черногорск','Республика Хакасия',75195,53.8269444444444,91.3061111111111,1,7),(2119,'Горно-Алтайск','Республика Алтай',63845,51.9580555555556,85.9602777777778,1,7),(2120,'Киров','Кировская область',501247,58.6036111111111,49.6638888888889,1,3),(2121,'Свободный','Амурская область',53404,51.3758333333333,128.134166666667,1,9),(2122,'Петушки','Владимирская область',13382,55.9308333333333,39.46,1,3),(2123,'Электросталь','Московская область',155196,55.7844444444444,38.4447222222222,1,3),(2124,'Стерлитамак','Республика Башкортостан',280233,53.6302777777778,55.9316666666667,1,5),(2125,'Давлеканово','Республика Башкортостан',23662,54.2227777777778,55.0313888888889,1,5),(2126,'Бабаево','Вологодская область',11493,59.3891666666667,35.9377777777778,1,3),(2127,'Торжок','Тверская область',45371,57.0413888888889,34.9602777777778,1,3),(2128,'Светлый','Калининградская область',22152,54.6775,20.1358333333333,1,2),(2129,'Балахна','Нижегородская область',49126,56.5044444444444,43.6019444444444,1,3),(2131,'Петропавловск-Камчатский','Камчатский край',181181,53.0369444444444,158.655833333333,1,11),(2132,'Ковдор','Мурманская область',16892,67.5627777777778,30.4738888888889,1,3),(2134,'Березники','Пермский край',145115,59.4080555555556,56.8038888888889,1,5),(2135,'Великий Устюг','Вологодская область',31475,60.7602777777778,46.3055555555556,1,3),(2136,'Опочка','Псковская область',10307,56.7141666666667,28.66,1,3),(2137,'Семенов','Нижегородская область',26856,56.7913888888889,44.4838888888889,1,3),(2138,'Салехард','Ямало-Ненецкий автономный округ',50064,66.5308333333333,66.6138888888889,1,5),(2139,'Касли','Челябинская область',16263,55.8869444444444,60.7422222222222,1,5),(2140,'Барабинск','Новосибирская область',28786,55.3502777777778,78.3419444444445,1,6),(2141,'Киренск','Иркутская область',11046,57.7758333333333,108.110833333333,1,8),(2142,'Отрадный','Самарская область',47083,53.3761111111111,51.3488888888889,1,3),(2144,'Жигулевск','Самарская область',52455,53.4011111111111,49.4944444444444,1,3),(2145,'Анадырь','Чукотский автономный округ',14654,64.7347222222222,177.514722222222,1,11),(2146,'Курчатов','Курская область',38240,51.6605555555556,35.6572222222222,1,3),(2147,'Наро-Фоминск','Московская область',64665,55.3861111111111,36.7344444444444,1,3),(2148,'Барнаул','Алтайский край',633432,53.3480555555556,83.78,1,7),(2149,'Новокузнецк','Кемеровская область',551919,53.7575,87.1361111111111,1,7),(2150,'Ивангород','Ленинградская область',10539,59.3766666666667,28.2230555555556,1,3),(2151,'Лангепас','Ханты-Мансийский автономный округ - Югра',45804,61.2536111111111,75.1808333333333,1,5),(2152,'Волгоград','Волгоградская область',1030400,48.7105555555556,44.5166666666667,1,3),(2153,'Георгиевск','Ставропольский край',70803,44.1486111111111,43.4738888888889,1,3),(2154,'Краснознаменск','Московская область',36103,55.5977777777778,37.0394444444444,1,3),(2155,'Эртиль','Воронежская область',10207,51.8358333333333,40.7991666666667,1,3),(2156,'Лиски','Воронежская область',53634,50.9869444444444,39.4977777777778,1,3),(2157,'Коммунар','Ленинградская область',22522,59.6216666666667,30.3936111111111,1,3),(2158,'Зуевка','Кировская область',10926,58.4033333333333,51.1333333333333,1,3),(2159,'Бокситогорск','Ленинградская область',15277,59.4736111111111,33.8477777777778,1,3),(2160,'Зеленодольск','Республика Татарстан',160804,55.8466666666667,48.5011111111111,1,3),(2161,'Жуковка','Брянская область',16671,53.5352777777778,33.7277777777778,1,3),(2163,'Сокольники','Тульская область',10100,54.0688888888889,38.4786111111111,1,3),(2164,'Армавир','Краснодарский край',183082,45.0011111111111,41.1325,1,3),(2166,'Сельцо','Брянская область',16352,53.3738888888889,34.1058333333333,1,3),(2168,'Сорск','Республика Хакасия',10372,54.0002777777778,90.2594444444444,1,7),(2169,'Баксан','Кабардино-Балкарская республика',38192,43.6819444444444,43.5344444444444,1,3),(2170,'Володарск','Нижегородская область',10040,56.2169444444444,43.1597222222222,1,3),(2171,'Вологда','Вологодская область',311166,59.2188888888889,39.8933333333333,1,3),(2172,'Чусовой','Пермский край',45378,58.2975,57.8194444444444,1,5),(2173,'Суворов','Тульская область',17360,54.1227777777778,36.5,1,3),(2174,'Онега','Архангельская область',18830,63.9069444444444,38.1002777777778,1,3),(2175,'Новоуральск','Свердловская область',87992,57.2472222222222,60.0955555555556,1,5),(2176,'Минусинск','Красноярский край',71170,53.7105555555556,91.6872222222222,1,7),(2177,'Щелково','Московская область',110411,55.9197222222222,37.9883333333333,1,3),(2178,'Северодвинск','Архангельская область',182291,64.5625,39.8180555555556,1,3),(2179,'Малгобек','Республика Ингушетия',38200,43.5058333333333,44.5833333333333,1,3),(2180,'Лениногорск','Республика Татарстан',85786,54.5966666666667,52.4433333333333,1,3),(2182,'Реж','Свердловская область',37553,57.3716666666667,61.3833333333333,1,5),(2183,'Гурьевск','Кемеровская область',22872,54.2858333333333,85.9475,1,7),(2184,'Солнечногорск','Московская область',52944,56.1852777777778,36.9786111111111,1,3),(2185,'Самара','Самарская область',1156608,53.1955555555556,50.1016666666667,1,3),(2186,'Туапсе','Краснодарский край',61938,44.0986111111111,39.0719444444444,1,3),(2187,'Энгельс','Саратовская область',224508,51.4855555555556,46.1266666666667,1,3),(2188,'Мирный','Республика Саха (Якутия)',35381,62.5425,113.984166666667,1,9),(2189,'Сланцы','Ленинградская область',32337,59.1177777777778,28.0880555555556,1,3),(2190,'Вилюйск','Республика Саха (Якутия)',11213,63.75,121.616666666667,1,9),(2191,'Назрань','Республика Ингушетия',74925,43.2255555555556,44.7711111111111,1,3),(2192,'Брянск','Брянская область',404793,53.2427777777778,34.3666666666667,1,3),(2193,'Кстово','Нижегородская область',67439,56.1505555555556,44.2066666666667,1,3),(2194,'Киров','Калужская область',30311,54.0791666666667,34.3077777777778,1,3),(2195,'Приморско-Ахтарск','Краснодарский край',32180,46.0516666666667,38.1705555555556,1,3),(2196,'Волосово','Ленинградская область',11909,59.4472222222222,29.4847222222222,1,3),(2197,'Дрезна','Московская область',11820,55.7413888888889,38.8425,1,3),(2199,'Слюдянка','Иркутская область',18190,51.6563888888889,103.718611111111,1,8),(2200,'Окуловка','Новгородская область',10217,58.3908333333333,33.2902777777778,1,3),(2201,'Апрелевка','Московская область',18349,55.5452777777778,37.0733333333333,1,3),(2202,'Острогожск','Воронежская область',32317,50.8602777777778,39.0822222222222,1,3),(2204,'Елабуга','Республика Татарстан',71991,55.7566666666667,52.0544444444444,1,3),(2205,'Бологое','Тверская область',21425,57.8855555555556,34.0538888888889,1,3),(2206,'Карачев','Брянская область',17466,53.1216666666667,34.9827777777778,1,3),(2207,'Нягань','Ханты-Мансийский автономный округ - Югра',62508,62.1455555555556,65.3944444444444,1,5),(2209,'Гаврилов-Ям','Ярославская область',17468,57.3033333333333,39.8491666666667,1,3),(2210,'Холмск','Сахалинская область',27479,47.0408333333333,142.041666666667,1,11),(2212,'Голицыно','Московская область',17593,55.6144444444444,36.9833333333333,1,3),(2213,'Нелидово','Тверская область',18883,56.2233333333333,32.7766666666667,1,3),(2214,'Серпухов','Московская область',127041,54.9136111111111,37.4166666666667,1,3),(2215,'Талица','Свердловская область',15941,57.0122222222222,63.7322222222222,1,5),(2216,'Адыгейск','Республика Адыгея',12745,44.8783333333333,39.1902777777778,1,3),(2217,'Магадан','Магаданская область',91781,59.5605555555556,150.798888888889,1,11),(2218,'Комсомольск-на-Амуре','Хабаровский край',246607,50.55,137.008055555556,1,10),(2219,'Новокуйбышевск','Самарская область',100940,53.0994444444444,49.9477777777778,1,3),(2220,'Орехово-Зуево','Московская область',120670,55.8091666666667,38.9783333333333,1,3),(2221,'Людиново','Калужская область',37734,53.87,34.4386111111111,1,3),(2222,'Климовск','Московская область',56186,55.375,37.5388888888889,1,3),(2223,'Юрга','Кемеровская область',81078,55.7136111111111,84.9338888888889,1,7),(2225,'Южно-Сухокумск','Республика Дагестан',10174,44.6602777777778,45.65,1,3),(2226,'Балтийск','Калининградская область',33151,54.6441666666667,19.8922222222222,1,2),(2227,'Камышин','Волгоградская область',115070,50.0836111111111,45.4072222222222,1,3),(2228,'Усть-Катав','Челябинская область',22536,54.9302777777778,58.1747222222222,1,5),(2230,'Чехов','Московская область',60720,55.1497222222222,37.4669444444444,1,3),(2231,'Асино','Томская область',24141,56.9908333333333,86.1763888888889,1,6),(2232,'Мамадыш','Республика Татарстан',15528,55.715,51.4127777777778,1,3),(2233,'Зима','Иркутская область',30818,53.9102777777778,102.043333333333,1,8),(2384,'Новоорск','Оренбургская область',11280,51.3816666666667,58.9861111111111,0,5),(2407,'Кинель-Черкассы','Самарская область',16306,53.4677777777778,51.5030555555556,0,3),(2466,'Чертково','Ростовская область',10476,49.3819444444444,40.1538888888889,0,3),(2977,'Белый Яр','Республика Хакасия',10311,53.5969444444444,91.3830555555556,0,7),(3547,'Старонижестеблиевская','Краснодарский край',10230,45.3794444444444,38.4394444444444,0,3),(3579,'Вырица','Ленинградская область',12187,59.4155555555556,30.3330555555556,0,3),(4300,'Ленинский','Астраханская область',148717,46.3944444444444,48.1066666666667,0,3),(4491,'Нижнесортымский','Ханты-Мансийский автономный округ - Югра',11824,62.4427777777778,71.7652777777778,0,5),(4646,'Маркова','Иркутская область',29141,52.2111111111111,104.207777777778,0,8),(4832,'Афипский','Краснодарский край',22155,44.9033333333333,38.8411111111111,0,3),(5331,'Калинино','Краснодарский край',22559,45.0902777777778,39.0172222222222,0,3),(5649,'Кавказская','Краснодарский край',11148,45.4436111111111,40.6725,0,3),(6165,'Краснообск','Новосибирская область',26241,54.92,82.9911111111111,0,6),(6479,'Петровская','Краснодарский край',12032,45.4302777777778,37.9608333333333,0,3),(6597,'Таврическое','Омская область',12669,54.5844444444444,73.6380555555556,0,6),(6694,'Раевская','Краснодарский край',13270,44.8363888888889,37.5497222222222,0,3),(6899,'Солнечный','Ханты-Мансийский автономный округ - Югра',12850,61.2777777777778,73.1866666666667,0,5),(8079,'Редкино','Тверская область',11317,56.6616666666667,36.2963888888889,0,3),(8714,'Чалтырь','Ростовская область',18595,47.2827777777778,39.4991666666667,0,3),(8727,'Трусовский','Астраханская область',115208,46.3516666666667,47.9955555555556,0,3),(8762,'Богучаны','Красноярский край',11232,58.38,97.4452777777778,0,7),(9031,'Кривянская','Ростовская область',10493,47.3952777777778,40.1675,0,3),(9141,'Кузьмоловский','Ленинградская область',11546,60.1086111111111,30.4908333333333,0,3),(9144,'Удельная','Московская область',15021,55.6361111111111,38.0447222222222,0,3),(9689,'Белая Глина','Краснодарский край',16753,46.0736111111111,40.8713888888889,0,3),(9776,'Большеречье','Омская область',10516,56.0983333333333,74.6227777777778,0,6),(10153,'Каа-Хем','Республика Тыва',18762,51.6972222222222,94.5594444444444,0,7),(10462,'Северская','Краснодарский край',24895,44.8538888888889,38.6819444444444,0,3),(10757,'Айхал','Республика Саха (Якутия)',13855,65.9427777777778,111.495277777778,0,9),(11098,'Лазаревское','Краснодарский край',42843,43.9141666666667,39.3352777777778,0,3),(11452,'Гамурзиевский округ','Республика Ингушетия',12175,43.2333333333333,44.8002777777778,0,3),(12033,'Коченево','Новосибирская область',17180,55.0188888888889,82.2061111111111,0,6),(12041,'Энем','Республика Адыгея',19388,44.9263888888889,38.9108333333333,0,3),(12484,'Томилино','Московская область',30605,55.6630555555556,37.95,0,3),(12808,'Дубовое','Белгородская область',10753,50.5372222222222,36.5658333333333,0,3),(13362,'Кольцово','Свердловская область',14735,56.7622222222222,60.8163888888889,0,5),(13768,'Троицкое','Республика Ингушетия',17884,43.3066666666667,44.9891666666667,0,3),(13866,'Любинский','Омская область',10435,55.1541666666667,72.6969444444444,0,6),(13989,'Уруссу','Республика Татарстан',10561,54.6027777777778,53.4608333333333,0,3),(14114,'Кольцово','Новосибирская область',17450,54.9294444444444,83.1677777777778,0,6),(14370,'Суходол','Самарская область',13442,53.8991666666667,51.2152777777778,0,3),(14435,'Новотитаровская','Краснодарский край',28800,45.2425,38.9791666666667,0,3),(15081,'Троицкий','Свердловская область',10522,57.0602777777778,63.7419444444444,0,5),(15763,'Борисовка','Белгородская область',13727,50.5969444444444,36.0122222222222,0,3),(15925,'Ладожская','Краснодарский край',14162,45.3077777777778,39.9322222222222,0,3),(16710,'Месягутово','Республика Башкортостан',12313,55.5172222222222,58.2444444444444,0,5),(17066,'Правдинский','Московская область',10587,56.0644444444444,37.8622222222222,0,3),(17182,'Старые-Атаги','Чеченская республика',12494,43.1227777777778,45.7433333333333,0,3),(17307,'Колывань','Новосибирская область',12285,55.3088888888889,82.7386111111111,0,6),(18051,'Намцы','Республика Саха (Якутия)',10154,62.7186111111111,129.665,0,9),(18987,'Арзгир','Ставропольский край',14100,45.3697222222222,44.2211111111111,0,3),(19545,'Яшкино','Кемеровская область',13489,55.8738888888889,85.4347222222222,0,7),(19850,'Гигант','Ростовская область',10478,46.5061111111111,41.3386111111111,0,3),(19956,'Гелдаган','Чеченская республика',13876,43.2141666666667,46.0394444444444,0,3),(20185,'Строитель','Тамбовская область',19265,52.6511111111111,41.4311111111111,0,3),(20338,'Карымское','Забайкальский край',16937,51.6255555555556,114.338888888889,0,9),(20409,'Чегем-Второй','Кабардино-Балкарская республика',11465,43.5925,43.5966666666667,0,3),(20848,'Шексна','Вологодская область',15230,59.2066666666667,38.5013888888889,0,3),(20870,'Пионерское','Республика Крым',12266,44.8758333333333,34.2088888888889,0,1),(21464,'Горячеводский','Ставропольский край',36761,44.0236111111111,43.0972222222222,0,3),(21634,'Учкекен','Карачаево-Черкесская республика',17059,43.9388888888889,42.5155555555556,0,3),(21647,'Тбилисская','Краснодарский край',25090,45.3644444444444,40.2016666666667,0,3),(21751,'Цоци-Юрт','Чеченская республика',20629,43.2383333333333,45.9986111111111,0,3),(22046,'Волчиха','Алтайский край',10873,52.0197222222222,80.365,0,7),(22767,'Кукмор','Республика Татарстан',17428,56.1861111111111,50.8969444444444,0,3),(22820,'Залесный','Республика Татарстан',10993,55.8480555555556,48.8969444444444,0,3),(22936,'Елизаветинская','Краснодарский край',35424,45.0483333333333,38.8,0,3),(23046,'Мурино','Ленинградская область',48822,60.0452777777778,30.45,0,3),(23154,'Навля','Брянская область',14301,52.83,34.5066666666667,0,3),(23987,'Дивное','Ставропольский край',13400,45.9069444444444,43.3483333333333,0,3),(24344,'Тарки','Республика Дагестан',15609,42.9444444444444,47.4958333333333,0,3),(24441,'Карабудахкент','Республика Дагестан',18533,42.71,47.5652777777778,0,3),(25055,'Разумное','Белгородская область',18319,50.5336111111111,36.6894444444444,0,3),(25266,'Ноглики','Сахалинская область',10151,51.7902777777778,143.129444444444,0,11),(25716,'Ленина','Краснодарский край',11581,45.0175,39.2105555555556,0,3),(25724,'Ханская','Республика Адыгея',11752,44.6747222222222,39.9611111111111,0,3),(25882,'Целина','Ростовская область',12002,46.5336111111111,41.0322222222222,0,3),(26309,'Пангоды','Ямало-Ненецкий автономный округ',10737,65.8580555555556,74.4905555555556,0,5),(27229,'Червленная','Чеченская республика',10866,43.5027777777778,45.8855555555556,0,3),(27341,'Приволжский','Саратовская область',34875,51.4069444444444,46.0466666666667,0,3),(27984,'Троицкое','Республика Калмыкия',12605,46.4158333333333,44.2611111111111,0,3),(28179,'Покровка','Приморский край',10080,43.9508333333333,131.635555555556,0,10),(28966,'Давыдово','Московская область',10918,55.6075,38.8580555555556,0,3),(28967,'Андреевка','Московская область',10008,55.9811111111111,37.1311111111111,0,3),(28968,'Алтайское','Алтайский край',14249,51.9522222222222,85.3380555555556,0,7),(28969,'Новопокровская','Краснодарский край',19434,45.9538888888889,40.7069444444444,0,3),(28970,'Верхнеднепровский','Смоленская область',12953,54.9813888888889,33.345,0,3),(28971,'Исламей','Кабардино-Балкарская республика',11903,43.6719444444444,43.455,0,3),(28972,'Малые Дербышки','Республика Татарстан',41780,55.8619444444444,49.1991666666667,0,3),(28973,'Первомайский','Тамбовская область',11346,53.2497222222222,40.2855555555556,0,3),(28974,'Белиджи','Республика Дагестан',11151,41.875,48.3905555555556,0,3),(28975,'Новомихайловский','Краснодарский край',10926,44.2533333333333,38.8447222222222,0,3),(28976,'Ильский','Краснодарский край',25981,44.8433333333333,38.5686111111111,0,3),(28977,'Лучегорск','Приморский край',18931,46.445,134.296666666667,0,10),(28978,'Селенгинск','Республика Бурятия',12270,52.0047222222222,106.8625,0,8),(28979,'Новая Усмань','Воронежская область',35062,51.6438888888889,39.4127777777778,0,3),(28980,'Приютово','Республика Башкортостан',19653,53.8952777777778,53.9369444444444,0,5),(28981,'Майма','Республика Алтай',19163,52.0036111111111,85.8961111111111,0,7),(28982,'Лебяжье','Курганская область',13547,55.2719444444444,66.495,0,5),(28983,'Павловская','Краснодарский край',29280,46.1305555555556,39.7908333333333,0,3),(28984,'Александровское','Ставропольский край',26500,44.7125,42.9963888888889,0,3),(28985,'Леваши','Республика Дагестан',11944,42.4316666666667,47.3230555555556,0,3),(28986,'Безенчук','Самарская область',22093,52.9819444444444,49.4272222222222,0,3),(28987,'Калининская','Краснодарский край',14155,45.4855555555556,38.6597222222222,0,3),(28988,'Гойты','Чеченская республика',18816,43.1633333333333,45.6311111111111,0,3),(28989,'Курчалой','Чеченская республика',26115,43.2019444444444,46.0877777777778,0,3),(28990,'Гиагинское','Республика Адыгея',15437,44.8761111111111,40.0519444444444,0,3),(28991,'Товарково','Калужская область',13972,54.6775,35.9330555555556,0,3),(28992,'Мурмаши','Мурманская область',11184,68.815,32.8122222222222,0,3),(28993,'Сертолово','Ленинградская область',47457,60.1447222222222,30.2094444444444,0,3),(28994,'Илек','Оренбургская область',11049,51.5272222222222,53.3894444444444,0,5),(28995,'Талнах','Красноярский край',47307,69.4891666666667,88.4066666666667,0,7),(28996,'Советский','Республика Башкортостан',177865,54.7369444444444,55.9861111111111,0,5),(28997,'Тучково','Московская область',17381,55.6008333333333,36.4716666666667,0,3),(28998,'Платнировская','Краснодарский край',13399,45.3913888888889,39.3916666666667,0,3),(28999,'Ачхой-Мартан','Чеченская республика',24212,43.1872222222222,45.2863888888889,0,3),(29000,'Энергетиков','Забайкальский край',10668,52.0672222222222,113.355833333333,0,9),(29001,'Междуреченский','Ханты-Мансийский автономный округ - Югра',11631,59.5902777777778,65.9091666666667,0,5),(29002,'Егорлыкская','Ростовская область',15303,46.5652777777778,40.6608333333333,0,3),(29003,'Чегдомын','Хабаровский край',11750,51.1372222222222,133.033611111111,0,10),(29004,'Коноша','Архангельская область',10739,60.9736111111111,40.2566666666667,0,3),(29005,'Ишеевка','Ульяновская область',10885,54.43,48.2569444444444,0,3),(29006,'Красногвардейское','Ставропольский край',15100,45.845,41.5144444444444,0,3),(29007,'Нестеровское','Республика Ингушетия',23492,43.2383333333333,45.0480555555556,0,3),(29008,'Маслянино','Новосибирская область',12924,54.3463888888889,84.1822222222222,0,6),(29009,'Бабаюрт','Республика Дагестан',16149,43.6011111111111,46.7791666666667,0,3),(29010,'Бакалы','Республика Башкортостан',11036,55.1797222222222,53.7955555555556,0,5),(29011,'Елань','Волгоградская область',13651,50.95,43.7347222222222,0,3),(29012,'Джалиль','Республика Татарстан',13817,55.0219444444444,52.7388888888889,0,3),(29013,'Экажево','Республика Ингушетия',18651,43.1908333333333,44.8272222222222,0,3),(29014,'Иглино','Республика Башкортостан',33373,54.8413888888889,56.4411111111111,0,5),(29015,'Дыгулыбгей','Кабардино-Балкарская республика',20553,43.6605555555556,43.54,0,3),(29016,'Тоцкое Второе','Оренбургская область',14264,52.5444444444444,52.8252777777778,0,5),(29017,'Псебай','Краснодарский край',10487,44.1161111111111,40.7986111111111,0,3),(29018,'Серноводское','Чеченская республика',12048,43.3094444444444,45.1625,0,3),(29019,'Суворовская','Ставропольский край',18000,44.1975,42.65,0,3),(29020,'Новоминская','Краснодарский край',10864,46.3194444444444,38.9580555555556,0,3),(29021,'Усть-Абакан','Республика Хакасия',15494,53.8411111111111,91.3719444444444,0,7),(29022,'Курсавка','Ставропольский край',11600,44.4533333333333,42.4930555555556,0,3),(29023,'Красный Яр','Астраханская область',12746,46.5341666666667,48.3491666666667,0,3),(29024,'Кировский','Республика Башкортостан',156820,54.6866666666667,55.9808333333333,0,5),(29025,'Кулешовка','Ростовская область',14742,47.0772222222222,39.5586111111111,0,3),(29026,'Нартан','Кабардино-Балкарская республика',13085,43.5055555555556,43.7016666666667,0,3),(29027,'Багаевская','Ростовская область',13877,47.3119444444444,40.3836111111111,0,3),(29028,'Красногвардейское','Республика Крым',11134,45.4947222222222,34.2944444444444,0,1),(29029,'Выльгорт','Республика Коми',12854,61.6222222222222,50.7527777777778,0,3),(29030,'Стародеревянковская','Краснодарский край',13285,46.1272222222222,38.9677777777778,0,3),(29031,'Демский','Республика Башкортостан',70365,54.6988888888889,55.9169444444444,0,5),(29032,'Нововеличковская','Краснодарский край',10445,45.2769444444444,38.835,0,3),(29033,'Чурилово','Челябинская область',20380,55.2025,61.5655555555556,0,5),(29034,'Краснокумское','Ставропольский край',17600,44.1747222222222,43.4966666666667,0,3),(29035,'Володарский','Астраханская область',10088,46.4044444444444,48.5430555555556,0,3),(29036,'Усть-Ордынский','Иркутская область',15013,52.805,104.753611111111,0,8),(29037,'Зеленчукская','Карачаево-Черкесская республика',17880,43.8588888888889,41.5902777777778,0,3),(29038,'Бугры','Ленинградская область',11944,60.0686111111111,30.3972222222222,0,3),(29039,'Атамановка','Забайкальский край',10555,51.9294444444444,113.637222222222,0,9),(29040,'Ахты','Республика Дагестан',13400,41.4591666666667,47.7494444444444,0,3),(29041,'Герменчук','Чеченская республика',12284,43.19,45.92,0,3),(29042,'Излучинск','Ханты-Мансийский автономный округ - Югра',20162,60.9505555555556,76.8772222222222,0,5),(29043,'Первомайский','Челябинская область',10904,54.8663888888889,61.1702777777778,0,5),(29044,'Сиверский','Ленинградская область',12327,59.3522222222222,30.0713888888889,0,3),(29045,'Черлак','Омская область',10472,54.1538888888889,74.8055555555556,0,6),(29046,'Ботлих','Республика Дагестан',11602,42.6663888888889,46.2197222222222,0,3),(29047,'Камень-Рыболов','Приморский край',13084,44.7258333333333,132.028888888889,0,10),(29048,'Гайдук','Краснодарский край',10334,44.7836111111111,37.6991666666667,0,3),(29049,'Кандры','Республика Башкортостан',10678,54.5527777777778,54.1080555555556,0,5),(29050,'Павловск','Алтайский край',15272,53.3283333333333,82.9708333333333,0,7),(29051,'Степное','Саратовская область',11745,51.3777777777778,46.8441666666667,0,3),(29052,'Таловая','Воронежская область',11214,51.1194444444444,40.7252777777778,0,3),(29053,'Динская','Краснодарский край',40252,45.2133333333333,39.2291666666667,0,3),(29054,'Касумкент','Республика Дагестан',11795,41.6772222222222,48.1525,0,3),(29055,'Зональная Станция','Томская область',10301,56.4269444444444,85.0227777777778,0,6),(29056,'Дагомыс','Краснодарский край',20201,43.6602777777778,39.6575,0,3),(29057,'Вычегодский','Архангельская область',12387,61.2486111111111,46.8838888888889,0,3),(29058,'Мостовской','Краснодарский край',23373,44.4080555555556,40.7938888888889,0,3),(29059,'Игра','Удмуртская республика',20054,57.5466666666667,53.0991666666667,0,3),(29060,'Красково','Московская область',21250,55.6588888888889,37.9883333333333,0,3),(29061,'Калининский','Республика Башкортостан',199883,54.7641666666667,56.1608333333333,0,5),(29062,'Мокшан','Пензенская область',11212,53.4391666666667,44.6052777777778,0,3),(29063,'Боровский','Тюменская область',17026,57.0438888888889,65.7219444444444,0,5),(29064,'Промышленная','Кемеровская область',17472,54.9163888888889,85.6377777777778,0,7),(29065,'Александрийская','Ставропольский край',11600,44.2213888888889,43.3513888888889,0,3),(29066,'Балезино','Удмуртская республика',14716,57.9763888888889,53.0075,0,3),(29067,'Никель','Мурманская область',13103,69.4105555555556,30.2111111111111,0,3),(29068,'Надежда','Ставропольский край',10800,45.0516666666667,42.1063888888889,0,3),(29069,'Старовеличковская','Краснодарский край',14037,45.4294444444444,38.7308333333333,0,3),(29070,'Роза','Челябинская область',12647,54.9155555555556,61.4575,0,5),(29071,'Альбурикент','Республика Дагестан',12705,42.9730555555556,47.4691666666667,0,3),(29072,'Текстильщиков','Забайкальский край',48184,52.0725,113.384444444444,0,9),(29073,'Буздяк','Республика Башкортостан',11393,54.5705555555556,54.5338888888889,0,5),(29074,'Аллерой','Чеченская республика',13151,43.2152777777778,46.2836111111111,0,3),(29075,'Увельский','Челябинская область',11081,54.4411111111111,61.3605555555556,0,5),(29076,'Эльхотово','Республика Северная Осетия - Алания',12471,43.3413888888889,44.2052777777778,0,3),(29077,'Рефтинский','Свердловская область',16416,57.0913888888889,61.6744444444444,0,5),(29078,'Селятино','Московская область',12629,55.5169444444444,36.9691666666667,0,3),(29079,'Новое Девяткино','Ленинградская область',19603,60.0997222222222,30.8030555555556,0,3),(29080,'Донское','Ставропольский край',14600,45.4547222222222,41.9755555555556,0,3),(29081,'Михайловское','Алтайский край',11321,51.8188888888889,79.7108333333333,0,7),(29082,'Кочубеевское','Ставропольский край',25900,44.6908333333333,41.8241666666667,0,3),(29083,'Старощербиновская','Краснодарский край',17083,46.6297222222222,38.6672222222222,0,3),(29084,'Выселки','Краснодарский край',19987,45.5780555555556,39.6569444444444,0,3),(29085,'Москаленки','Омская область',10165,54.9386111111111,71.9275,0,6),(29086,'Прасковея','Ставропольский край',11000,44.7447222222222,44.2025,0,3),(29087,'Солнечнодольск','Ставропольский край',11669,45.2977777777778,41.4919444444444,0,3),(29088,'Высокая Гора','Республика Татарстан',10569,55.9122222222222,49.3127777777778,0,3),(29089,'Арти','Свердловская область',10694,56.4216666666667,58.5127777777778,0,5),(29090,'Краснооктябрьское','Республика Адыгея',11599,44.5763888888889,40.0805555555556,0,3),(29091,'Уренгой','Ямало-Ненецкий автономный округ',10082,65.9619444444444,78.3727777777778,0,5),(29092,'Софрино','Московская область',15771,56.1394444444444,37.9280555555556,0,3),(29093,'Алексеевка','Самарская область',11238,53.2508333333333,50.4905555555556,0,3),(29094,'Кавалерово','Приморский край',14209,44.2688888888889,135.053333333333,0,10),(29095,'Свободы','Ставропольский край',17863,44.0247222222222,43.0513888888889,0,3),(29096,'Полазна','Пермский край',13021,58.2908333333333,56.4130555555556,0,5),(29097,'Насыр-Кортский округ','Республика Ингушетия',24404,43.2083333333333,44.76,0,3),(29098,'Кантышево','Республика Ингушетия',17989,43.2277777777778,44.65,0,3),(29099,'Некрасовский','Московская область',10292,56.0866666666667,37.4975,0,3),(29100,'Алексеевское','Республика Татарстан',12757,55.3052777777778,50.1141666666667,0,3),(29101,'Заюково','Кабардино-Балкарская республика',11662,43.6194444444444,43.3477777777778,0,3),(29102,'Еланский','Свердловская область',10038,56.8452777777778,62.4933333333333,0,5),(29103,'Васюринская','Краснодарский край',14353,45.1180555555556,39.4216666666667,0,3),(29104,'Мга','Ленинградская область',10176,59.7525,31.0558333333333,0,3),(29105,'Рощинский','Самарская область',11206,53.0511111111111,50.495,0,3),(29106,'Ессентукская','Ставропольский край',21100,44.0266666666667,42.8763888888889,0,3),(29107,'Буланаш','Свердловская область',12504,57.2769444444444,61.9933333333333,0,5),(29108,'Ровеньки','Белгородская область',11770,49.9291666666667,38.8661111111111,0,3),(29109,'Супсех','Краснодарский край',11863,44.8588888888889,37.3586111111111,0,3),(29110,'Шаховская','Московская область',10728,56.0313888888889,35.5102777777778,0,3),(29111,'Ленинградская','Краснодарский край',36393,46.3194444444444,39.3877777777778,0,3),(29112,'Сунжа','Республика Северная Осетия - Алания',12065,43.06,44.8161111111111,0,3),(29113,'Аксай','Республика Дагестан',11588,43.3702777777778,46.4452777777778,0,3),(29114,'Трудовое','Приморский край',17261,43.305,132.075833333333,0,10),(29115,'Каменоломни','Ростовская область',11673,47.6661111111111,40.2016666666667,0,3),(29116,'Ленинский','Республика Башкортостан',82201,54.7641666666667,55.8930555555556,0,5),(29117,'Агинское','Забайкальский край',17898,51.1030555555556,114.533055555556,0,9),(29118,'Инской','Кемеровская область',11988,54.4333333333333,86.4283333333333,0,7),(29119,'Винзили','Тюменская область',14974,56.9508333333333,65.7652777777778,0,5),(29120,'Придорожный','Самарская область',13405,53.0858333333333,50.1586111111111,0,3),(29121,'Пойковский','Ханты-Мансийский автономный округ - Югра',26494,60.9983333333333,71.9008333333333,0,5),(29122,'Кировский','Астраханская область',118380,46.3494444444444,48.0638888888889,0,3),(29123,'Курская','Ставропольский край',11800,44.0425,44.4625,0,3),(29124,'Светлый','Саратовская область',12153,51.675,45.6252777777778,0,3),(29125,'Власиха','Алтайский край',11054,53.2975,83.5847222222222,0,7),(29126,'Першино','Челябинская область',27256,55.2344444444444,61.3977777777778,0,5),(29127,'Кайеркан','Красноярский край',22338,69.3522222222222,87.7533333333333,0,7),(29128,'Починки','Нижегородская область',11640,54.6977777777778,44.8619444444444,0,3),(29129,'Кугеси','Чувашская республика',13280,56.0313888888889,47.2986111111111,0,3),(29130,'Новый Кяхулай','Республика Дагестан',10146,42.9363888888889,47.5194444444444,0,3),(29131,'Знаменка','Орловская область',11238,52.8938888888889,35.9797222222222,0,3),(29132,'Октябрьская','Краснодарский край',12148,46.2813888888889,39.7941666666667,0,3),(29133,'Ойсхара','Чеченская республика',12062,43.2669444444444,46.2533333333333,0,3),(29134,'Большие Вяземы','Московская область',12650,55.6261111111111,36.9972222222222,0,3),(29135,'Заозерный','Курганская область',78456,55.4416666666667,65.3444444444444,0,5),(29136,'Ленинкент','Республика Дагестан',16354,42.9702777777778,47.3536111111111,0,3),(29137,'Самарское','Ростовская область',10869,46.9377777777778,39.6875,0,3),(29138,'3-й','Курганская область',11284,55.46,65.2622222222222,0,5),(29139,'Старотитаровская','Краснодарский край',12893,45.2158333333333,37.1441666666667,0,3),(29140,'Новомышастовская','Краснодарский край',10788,45.1941666666667,38.5866666666667,0,3),(29141,'Белоярский','Свердловская область',11915,56.7572222222222,61.4186111111111,0,5),(29142,'Ульяновка','Ленинградская область',12005,59.6411111111111,30.7766666666667,0,3),(29143,'Голышманово','Тюменская область',17158,56.3958333333333,68.3752777777778,0,5),(29144,'Советский','Астраханская область',150394,46.3083333333333,48.0172222222222,0,3),(29145,'Им Свердлова','Ленинградская область',11009,59.8097222222222,30.6133333333333,0,3),(29146,'Сагопши','Республика Ингушетия',12158,43.4822222222222,44.5897222222222,0,3),(29147,'Славянка','Приморский край',11241,42.865,131.385555555556,0,10),(29148,'Полтавская','Краснодарский край',26520,45.3652777777778,38.2108333333333,0,3),(29149,'Орловский','Ростовская область',18870,46.8730555555556,42.0555555555556,0,3),(29150,'Кушнаренково','Республика Башкортостан',11158,55.1069444444444,55.3419444444444,0,5),(29151,'Северный','Белгородская область',11455,50.6547222222222,36.5525,0,3),(29152,'Засечное','Пензенская область',18700,53.1002777777778,45.0888888888889,0,3),(29153,'Воротынск','Калужская область',10372,54.4716666666667,36.0466666666667,0,3),(29154,'Юдино','Республика Татарстан',17400,55.8211111111111,48.8975,0,3),(29155,'Завьялово','Удмуртская республика',10673,56.7863888888889,53.3741666666667,0,3),(29156,'Курагино','Красноярский край',13743,53.8886111111111,92.6677777777778,0,7),(29157,'Запрудня','Московская область',12855,56.5608333333333,37.4336111111111,0,3),(29158,'Матвеев Курган','Ростовская область',14674,47.5683333333333,38.8669444444444,0,3),(29159,'Анна','Воронежская область',16073,51.4894444444444,40.4241666666667,0,3),(29160,'Поспелиха','Алтайский край',11778,51.9875,81.8294444444444,0,7),(29161,'Гвардейское','Республика Крым',12589,45.1158333333333,34.0141666666667,0,1),(29162,'Незлобная','Ставропольский край',19500,44.1169444444444,43.4086111111111,0,3),(29163,'Российский','Краснодарский край',12433,45.1141666666667,39.0294444444444,0,3),(29164,'Орджоникидзевская','Республика Ингушетия',66047,43.3197222222222,45.0497222222222,0,3),(29165,'Белый Яр','Ханты-Мансийский автономный округ - Югра',18620,61.2658333333333,73.2516666666667,0,5),(29166,'Линево','Новосибирская область',18051,54.4569444444444,83.3816666666667,0,6),(29167,'Криводановка','Новосибирская область',11718,55.0816666666667,82.6619444444444,0,6),(29168,'Кантемировка','Воронежская область',10947,49.7019444444444,39.8541666666667,0,3),(29169,'Шерловая Гора','Забайкальский край',13733,50.5241666666667,116.318888888889,0,9),(29170,'Октябрьское','Республика Крым',10218,45.2922222222222,34.1319444444444,0,1),(29171,'Михнево','Московская область',11267,55.1211111111111,37.9588888888889,0,3),(29172,'Шипуново','Алтайский край',12563,52.22,82.2583333333333,0,7),(29173,'Новоспасское','Ульяновская область',10643,53.1480555555556,47.7513888888889,0,3),(29174,'ЗАТО Сибирский','Алтайский край',11993,53.5572222222222,83.8391666666667,0,7),(29175,'Старокорсунская','Краснодарский край',15215,45.0530555555556,39.3038888888889,0,3),(29176,'Васильево','Республика Татарстан',14033,55.8366666666667,48.7055555555556,0,3),(29177,'Озерный','Тверская область',10724,57.8694444444444,33.6927777777778,0,3),(29178,'Бачатский','Кемеровская область',13925,54.2844444444444,86.1036111111111,0,7),(29179,'Ракитное','Белгородская область',11145,50.8341666666667,35.8327777777778,0,3),(29180,'Монино','Московская область',22821,55.8391666666667,38.1944444444444,0,3),(29181,'Березовка','Красноярский край',20887,56.0355555555556,93.1205555555556,0,7),(29182,'Алхан-Кала','Чеченская республика',12176,43.2602777777778,45.5411111111111,0,3),(29183,'Песчанокопское','Ростовская область',10031,46.1813888888889,41.0772222222222,0,3),(29184,'Львовский','Московская область',10855,55.3130555555556,37.5227777777778,0,3),(29185,'Кудрово','Ленинградская область',31577,59.9075,30.5119444444444,0,3),(29186,'Чишмы','Республика Башкортостан',22408,54.5894444444444,55.3802777777778,0,5),(29187,'Октябрьский','Московская область',13165,55.6111111111111,37.9736111111111,0,3),(29188,'Медведовская','Краснодарский край',17928,45.4525,39.0166666666667,0,3),(29189,'Знаменское','Чеченская республика',11876,43.6777777777778,45.125,0,3),(29190,'Новый Городок','Кемеровская область',14748,54.3036111111111,86.2936111111111,0,7),(29191,'Могойтуй','Забайкальский край',10182,51.2816666666667,114.929722222222,0,9),(29192,'Иловля','Волгоградская область',11533,49.3013888888889,43.9827777777778,0,3),(29193,'Симферопольский','Республика Крым',154313,44.9841666666667,34.0366666666667,0,1),(29194,'Ванино','Хабаровский край',15314,49.0897222222222,140.255277777778,0,10),(29195,'Красногорский','Челябинская область',12575,54.6055555555556,61.2294444444444,0,5),(29196,'Южный','Алтайский край',20540,53.2513888888889,83.6947222222222,0,7),(29197,'Богандинский','Тюменская область',10334,56.8927777777778,65.8913888888889,0,5),(29198,'Новый Хушет','Республика Дагестан',13530,42.8994444444444,47.5613888888889,0,3),(29199,'Горный','Забайкальский край',10891,51.5797222222222,113.045833333333,0,9),(29200,'Подстепки','Самарская область',11438,53.5138888888889,49.1338888888889,0,3),(29201,'Орджоникидзевский','Республика Башкортостан',168860,54.8805555555556,56.1113888888889,0,5),(29202,'Нижнее Казанище','Республика Дагестан',14159,42.7611111111111,47.1616666666667,0,3),(29203,'Крыловская','Краснодарский край',12725,46.3208333333333,39.955,0,3),(29204,'Забайкальск','Забайкальский край',13032,49.6505555555556,117.329166666667,0,9),(29205,'Ахтырский','Краснодарский край',20116,44.8502777777778,38.2997222222222,0,3),(29206,'Благовещенка','Алтайский край',11445,52.8338888888889,79.8686111111111,0,7),(29207,'Климово','Брянская область',12848,52.3794444444444,32.1972222222222,0,3),(29208,'Чернышевск','Забайкальский край',13112,52.5247222222222,117.017222222222,0,9),(29209,'Гаспра','Республика Крым',10310,44.4305555555556,34.1091666666667,0,1),(29210,'Кизляр','Республика Северная Осетия - Алания',11439,43.7022222222222,44.5955555555556,0,3),(29211,'Мамедкала','Республика Дагестан',10388,42.1708333333333,48.1244444444444,0,3),(29212,'Волоконовка','Белгородская область',11480,50.4841666666667,37.8519444444444,0,3),(29213,'Приморский','Республика Крым',12560,45.1119444444444,35.4783333333333,0,1),(29214,'Чугуевка','Приморский край',11135,44.1647222222222,133.865555555556,0,10),(29215,'Тальменка','Алтайский край',19174,53.8172222222222,83.5691666666667,0,7),(29216,'Комсомольский','Республика Мордовия',12525,54.4405555555556,45.8280555555556,0,3),(29217,'Кадуй','Вологодская область',11194,59.1983333333333,37.1502777777778,0,3),(29218,'Власиха','Московская область',26359,55.6863888888889,37.1916666666667,0,3),(29219,'Гикало','Чеченская республика',10212,43.2244444444444,45.7319444444444,0,3),(29220,'Грибановский','Воронежская область',14743,51.4513888888889,41.9619444444444,0,3),(29221,'Майртуп','Чеченская республика',13589,43.2038888888889,46.1311111111111,0,3),(29222,'Сернур','Республика Марий Эл',10581,56.9338888888889,49.1486111111111,0,3),(29223,'Ясногорск','Забайкальский край',11888,50.8738888888889,115.691944444444,0,9),(29224,'Акбулак','Оренбургская область',15050,51.0013888888889,55.6161111111111,0,5),(29225,'Бессоновка','Пензенская область',13914,53.3102777777778,45.0394444444444,0,3),(29226,'Федоровский','Ханты-Мансийский автономный округ - Югра',24305,61.6097222222222,73.7197222222222,0,5),(29227,'Жатай','Республика Саха (Якутия)',10135,62.1658333333333,129.8375,0,9),(29228,'Смышляевка','Самарская область',11167,53.2486111111111,50.4036111111111,0,3),(29229,'Анастасиевская','Краснодарский край',11236,45.2158333333333,37.8905555555556,0,3),(29230,'Успенское','Краснодарский край',13647,44.8308333333333,41.3925,0,3),(29231,'Нарышкино','Орловская область',10481,52.9658333333333,35.7255555555556,0,3),(29232,'Камские Поляны','Республика Татарстан',16474,55.4286111111111,51.4136111111111,0,3),(29233,'Холмская','Краснодарский край',18541,44.8480555555556,38.3891666666667,0,3),(29234,'Шилово','Рязанская область',14531,54.3227777777778,40.8777777777778,0,3),(29235,'Староминская','Краснодарский край',31701,46.5330555555556,39.0536111111111,0,3),(29236,'Сузун','Новосибирская область',15389,53.7891666666667,82.3161111111111,0,6),(29237,'Усть-Кинельский','Самарская область',11301,53.2702777777778,50.5683333333333,0,3),(29238,'Варениковская','Краснодарский край',15027,45.12,37.6383333333333,0,3),(29239,'Белоярский','Ханты-Мансийский автономный округ - Югра',20011,63.7163888888889,66.6669444444444,0,5),(29240,'Пластуновская','Краснодарский край',12184,45.2947222222222,39.2655555555556,0,3),(29241,'Чекмагуш','Республика Башкортостан',11458,55.1397222222222,54.6516666666667,0,5),(29242,'Малаховка','Московская область',24004,55.6425,38.0094444444444,0,3),(29243,'Мескер-Юрт','Чеченская республика',12077,43.2483333333333,45.9127777777778,0,3),(29244,'Черноморское','Республика Крым',11267,45.5019444444444,32.7027777777778,0,1),(29245,'Каневская','Краснодарский край',45899,46.0791666666667,38.9630555555556,0,3),(29246,'З.Я.Б.','Республика Татарстан',77364,55.7436111111111,52.3958333333333,0,3),(29247,'Нерастанное','Московская область',26435,55.0708333333333,37.6716666666667,0,3),(29248,'Кировское','Республика Крым',50974,45.2233333333333,35.2052777777778,0,1),(29249,'Красногвардейское','Республика Адыгея',10994,45.1441666666667,39.59,0,3),(29250,'Марьянская','Краснодарский край',11887,45.1044444444444,38.6394444444444,0,3),(29251,'Самашки','Чеченская республика',12597,43.2911111111111,45.3013888888889,0,3),(29252,'Городище','Волгоградская область',23054,48.8097222222222,44.4761111111111,0,3),(29253,'Советский','Республика Крым',10324,45.3402777777778,34.9288888888889,0,1),(29254,'Новосемейкино','Самарская область',10079,53.3766666666667,50.3461111111111,0,3),(29255,'Солнечный','Хабаровский край',11577,50.7233333333333,136.641944444444,0,10),(29256,'Чунский','Иркутская область',13854,56.0913888888889,99.6502777777778,0,8),(29257,'Грамотеино','Кемеровская область',12172,54.5163888888889,86.3733333333333,0,7),(29258,'Воргашор','Республика Коми',10954,67.5877777777778,63.7969444444444,0,3),(29259,'Иноземцево','Ставропольский край',27912,44.0972222222222,43.0894444444444,0,3),(29260,'Плиево','Республика Ингушетия',15616,43.2852777777778,44.8352777777778,0,3),(29261,'Цемдолина','Краснодарский край',20573,44.7511111111111,37.7141666666667,0,3),(29262,'Пограничный','Приморский край',10221,44.4080555555556,131.379166666667,0,10),(29263,'Им Морозова','Ленинградская область',10569,59.9744444444444,31.035,0,3),(29264,'Хомутово','Иркутская область',12679,52.4630555555556,104.371666666667,0,8),(29265,'Хасанья','Кабардино-Балкарская республика',10904,43.4333333333333,43.5761111111111,0,3),(29266,'Средняя Ахтуба','Волгоградская область',14477,48.7108333333333,44.8716666666667,0,3),(29267,'Медведево','Республика Марий Эл',18923,56.6333333333333,47.8033333333333,0,3),(29268,'Раевский','Республика Башкортостан',16564,54.065,54.9327777777778,0,5),(29269,'Эльбан','Хабаровский край',11015,50.0972222222222,136.498888888889,0,10),(29270,'Семендер','Республика Дагестан',10216,42.9911111111111,47.4022222222222,0,3),(29271,'Кез','Удмуртская республика',10694,57.8963888888889,53.7138888888889,0,3),(29272,'Усть-Донецкий','Ростовская область',11310,47.6430555555556,40.8719444444444,0,3),(29273,'Яя','Кемеровская область',10128,56.2058333333333,86.4513888888889,0,7),(29274,'Покровское','Ростовская область',12920,47.4025,38.9094444444444,0,3),(29275,'Стройкерамика','Самарская область',10963,53.2711111111111,50.4005555555556,0,3),(29276,'Зимовники','Ростовская область',17566,47.1452777777778,42.4677777777778,0,3),(29277,'Плесецк','Архангельская область',10630,62.7105555555556,40.2905555555556,0,3),(29278,'Ильинский','Московская область',10279,55.6202777777778,38.1055555555556,0,3),(29279,'Новосергиевка','Оренбургская область',13795,52.0725,53.6447222222222,0,5),(29280,'Ува','Удмуртская республика',20128,56.9827777777778,52.1883333333333,0,3),(29281,'Катар-Юрт','Чеченская республика',14556,43.1716666666667,45.3691666666667,0,3),(29282,'Ленинаул','Республика Дагестан',10298,43.095,46.5736111111111,0,3),(29283,'Советский','Республика Марий Эл',10466,56.7591666666667,48.4727777777778,0,3),(29284,'Ногир','Республика Северная Осетия - Алания',11845,43.0811111111111,44.6361111111111,0,3),(29285,'Чернянка','Белгородская область',15842,50.9391666666667,37.8063888888889,0,3),(29286,'Пущино','Московская область',20332,54.8325,37.6211111111111,0,3),(29287,'Шалушка','Кабардино-Балкарская республика',10990,43.53,43.5625,0,3),(29288,'Гехи','Чеченская республика',14234,43.1713888888889,45.4611111111111,0,3),(29289,'Старая','Ленинградская область',16588,59.9294444444444,30.6322222222222,0,3),(29290,'Тульский','Республика Адыгея',10979,44.5158333333333,40.1761111111111,0,3),(29291,'Шамхал','Республика Дагестан',13707,43.0580555555556,47.3405555555556,0,3),(29292,'Яблоновский','Республика Адыгея',34098,44.9891666666667,38.9425,0,3),(29293,'Октябрьское','Республика Северная Осетия - Алания',10147,43.0566666666667,44.7480555555556,0,3),(29294,'Анапская','Краснодарский край',20408,44.8980555555556,37.3875,0,3),(29295,'Клетня','Брянская область',12351,53.3888888888889,33.2166666666667,0,3),(29296,'Быково','Московская область',10391,55.6316666666667,38.0905555555556,0,3),(29297,'Шелковская','Чеченская республика',13293,43.5083333333333,46.3413888888889,0,3),(29298,'Барсуки','Республика Ингушетия',11370,43.2588888888889,44.8094444444444,0,3),(29299,'Каякент','Республика Дагестан',11240,42.3861111111111,47.9052777777778,0,3),(29300,'Ассиновская','Чеченская республика',10992,43.2386111111111,45.1713888888889,0,3),(29301,'Чурапча','Республика Саха (Якутия)',10101,61.9983333333333,132.4275,0,9),(29302,'Переволоцкий','Оренбургская область',10089,51.8755555555556,54.1905555555556,0,5),(29303,'Старомышастовская','Краснодарский край',11625,45.3402777777778,39.0769444444444,0,3),(29304,'Белоозерский','Московская область',17842,55.4638888888889,38.4463888888889,0,3),(29305,'Бачи-Юрт','Чеченская республика',19350,43.2211111111111,46.195,0,3),(29306,'Сурхахи','Республика Ингушетия',12512,43.1905555555556,44.8988888888889,0,3),(29307,'Брюховецкая','Краснодарский край',20034,45.8019444444444,38.9972222222222,0,3),(29308,'Саракташ','Оренбургская область',17578,51.7830555555556,56.3652777777778,0,5),(29309,'Поселье','Республика Бурятия',11062,51.8102777777778,107.539722222222,0,8),(29310,'Автуры','Чеченская республика',17810,43.165,46.0019444444444,0,3),(29311,'Лысогорская','Ставропольский край',11200,44.105,43.2747222222222,0,3),(29312,'Фряново','Московская область',11243,56.1291666666667,38.4330555555556,0,3),(29313,'Чердаклы','Ульяновская область',11402,54.36,48.8488888888889,0,3),(29314,'Тельмана','Ленинградская область',10824,59.7255555555556,30.6122222222222,0,3),(29315,'Кохма','Ивановская область',30500,56.9325,41.0933333333333,0,3),(29316,'Казанская','Краснодарский край',10254,45.4108333333333,40.4352777777778,0,3),(29317,'Первомайский','Забайкальский край',11398,51.6691666666667,115.638333333333,0,9),(29318,'Аргаяш','Челябинская область',10293,55.4891666666667,60.8755555555556,0,5),(29319,'Витязево','Краснодарский край',10040,45.0025,37.2838888888889,0,3),(29320,'Отрадная','Краснодарский край',22968,44.3933333333333,41.5155555555556,0,3),(29321,'Кулунда','Алтайский край',16016,52.5661111111111,78.9369444444444,0,7),(29322,'Рощино','Ленинградская область',13439,60.2575,29.5952777777778,0,3),(29323,'Емельяново','Красноярский край',12055,56.1672222222222,92.6883333333333,0,7),(29324,'Калининец','Московская область',21774,55.56,36.9819444444444,0,3),(29325,'Алхан-Юрт','Чеченская республика',12316,43.2208333333333,45.5680555555556,0,3),(29326,'Кондратово','Пермский край',11459,57.9838888888889,56.1072222222222,0,5),(29327,'Шушенское','Красноярский край',17513,53.3291666666667,91.9505555555556,0,7),(29328,'Нахабино','Московская область',36456,55.8483333333333,37.1872222222222,0,3),(29329,'Кущевская','Краснодарский край',27558,46.5569444444444,39.6222222222222,0,3),(29330,'Чигири','Амурская область',11104,50.3391666666667,127.507777777778,0,9),(29331,'Заводской','Республика Северная Осетия - Алания',16209,43.0988888888889,44.6508333333333,0,3),(29332,'Светлый Яр','Волгоградская область',11582,48.4702777777778,44.785,0,3),(29333,'Черниговка','Приморский край',10677,44.3355555555556,132.585,0,10),(29334,'Гиагинская','Республика Адыгея',13872,44.8761111111111,40.0594444444444,0,3),(29335,'Гостагаевская','Краснодарский край',12566,45.0225,37.5041666666667,0,3),(29336,'Астрахань','Астраханская область',500000,48.0352121589231,46.0352121589231,1,4);
/*!40000 ALTER TABLE `all_cities` ENABLE KEYS */;
UNLOCK TABLES;

--
-- Table structure for table `answers_messages`
--

DROP TABLE IF EXISTS `answers_messages`;
/*!40101 SET @saved_cs_client     = @@character_set_client */;
/*!50503 SET character_set_client = utf8mb4 */;
CREATE TABLE `answers_messages` (
  `message_id` int NOT NULL AUTO_INCREMENT,
  `client_message_id` int DEFAULT NULL,
  `manager_message_id` int DEFAULT NULL,
  `post_id` int DEFAULT NULL,
  `message_datetime` datetime DEFAULT CURRENT_TIMESTAMP,
  `manager_id` int DEFAULT NULL,
  `client_id` bigint DEFAULT NULL,
  PRIMARY KEY (`message_id`)
) ENGINE=InnoDB AUTO_INCREMENT=280 DEFAULT CHARSET=utf8mb4 COLLATE=utf8mb4_0900_ai_ci;
/*!40101 SET character_set_client = @saved_cs_client */;

--
-- Dumping data for table `answers_messages`
--

LOCK TABLES `answers_messages` WRITE;
/*!40000 ALTER TABLE `answers_messages` DISABLE KEYS */;
INSERT INTO `answers_messages` VALUES (7,2036,NULL,3,'2022-01-29 11:04:36',NULL,5074995601),(8,2038,NULL,3,'2022-01-29 11:05:01',NULL,5074995601),(9,2042,NULL,3,'2022-01-29 11:05:38',NULL,5074995601),(11,2048,NULL,4,'2022-01-29 11:06:47',NULL,5074995601),(14,2053,NULL,6,'2022-01-29 11:10:01',NULL,5074995601),(15,NULL,2055,6,'2022-01-29 11:10:08',NULL,5074995601),(16,NULL,2057,6,'2022-01-29 11:11:17',NULL,5074995601),(17,2058,NULL,6,'2022-01-29 11:11:58',NULL,5074995601),(18,NULL,NULL,13,'2021-12-04 07:26:30',NULL,940108284),(19,NULL,NULL,13,'2021-12-04 07:26:43',NULL,940108284),(20,22,NULL,13,'2021-12-04 07:40:16',NULL,940108284),(21,NULL,2061,6,'2022-01-29 11:13:09',NULL,5074995601),(23,NULL,23,13,'2021-12-04 07:44:19',NULL,940108284),(24,NULL,25,13,'2021-12-04 07:50:23',NULL,940108284),(26,25,NULL,13,'2021-12-04 07:50:35',NULL,940108284),(28,NULL,28,13,'2021-12-04 07:55:16',NULL,940108284),(29,28,NULL,13,'2021-12-04 07:55:20',NULL,940108284),(30,29,NULL,13,'2021-12-04 07:55:54',NULL,940108284),(31,NULL,31,13,'2021-12-04 07:56:02',NULL,940108284),(32,NULL,32,13,'2021-12-04 08:04:00',NULL,940108284),(33,NULL,33,13,'2021-12-04 08:04:09',NULL,940108284),(34,NULL,34,13,'2021-12-04 08:04:15',NULL,940108284),(36,34,NULL,13,'2021-12-04 08:04:47',NULL,940108284),(37,NULL,37,13,'2021-12-04 08:04:53',NULL,940108284),(38,37,NULL,13,'2021-12-04 08:06:34',NULL,940108284),(40,38,NULL,13,'2021-12-04 08:07:13',NULL,940108284),(41,NULL,41,13,'2021-12-04 08:07:18',NULL,940108284),(43,44,NULL,14,'2021-12-04 08:09:56',NULL,1179238926),(44,NULL,44,14,'2021-12-04 08:10:01',NULL,1179238926),(45,NULL,45,14,'2021-12-04 08:10:42',NULL,1179238926),(46,NULL,48,14,'2021-12-04 08:12:26',NULL,1179238926),(47,49,NULL,14,'2021-12-04 08:12:30',NULL,1179238926),(48,50,NULL,14,'2021-12-04 08:12:38',NULL,1179238926),(49,NULL,51,14,'2021-12-04 08:12:50',NULL,1179238926),(50,NULL,52,14,'2021-12-04 08:13:01',NULL,1179238926),(51,NULL,53,14,'2021-12-04 08:13:51',NULL,1179238926),(52,54,NULL,14,'2021-12-04 08:14:01',NULL,1179238926),(53,55,NULL,14,'2021-12-04 08:14:04',NULL,1179238926),(55,58,NULL,15,'2021-12-04 08:16:35',NULL,757480368),(56,NULL,59,15,'2021-12-04 08:16:52',NULL,757480368),(57,NULL,60,15,'2021-12-04 08:17:09',NULL,757480368),(63,NULL,61,14,'2021-12-04 08:18:51',NULL,1179238926),(65,62,NULL,15,'2021-12-04 08:19:58',NULL,757480368),(66,63,NULL,15,'2021-12-04 08:20:07',NULL,757480368),(67,NULL,64,15,'2021-12-04 08:20:17',NULL,757480368),(68,65,NULL,15,'2021-12-04 08:20:30',NULL,757480368),(69,NULL,66,15,'2021-12-04 08:21:28',NULL,757480368),(70,NULL,67,15,'2021-12-04 08:22:13',NULL,757480368),(71,NULL,68,15,'2021-12-04 08:22:44',NULL,757480368),(72,NULL,69,15,'2021-12-04 08:22:54',NULL,757480368),(73,NULL,70,15,'2021-12-04 08:23:14',NULL,757480368),(74,NULL,71,15,'2021-12-04 08:23:35',NULL,757480368),(75,NULL,72,15,'2021-12-04 08:26:22',NULL,757480368),(76,NULL,73,15,'2021-12-04 08:26:25',NULL,757480368),(77,NULL,74,14,'2021-12-04 08:26:38',NULL,1179238926),(78,75,NULL,14,'2021-12-04 08:28:18',NULL,1179238926),(79,76,NULL,14,'2021-12-04 08:28:52',NULL,1179238926),(80,77,NULL,14,'2021-12-04 08:29:53',NULL,1179238926),(82,78,NULL,16,'2021-12-04 08:30:54',NULL,1179238926),(83,79,NULL,16,'2021-12-04 08:30:57',NULL,1179238926),(85,81,NULL,17,'2021-12-04 08:32:14',NULL,1179238926),(86,80,NULL,17,'2021-12-04 08:32:15',NULL,1179238926),(87,82,NULL,17,'2021-12-04 08:32:21',NULL,1179238926),(88,83,NULL,17,'2021-12-04 08:32:22',NULL,1179238926),(92,84,NULL,20,'2021-12-04 08:34:37',NULL,1179238926),(94,85,NULL,21,'2021-12-04 08:35:42',NULL,1179238926),(95,86,NULL,21,'2021-12-04 08:35:49',NULL,1179238926),(96,87,NULL,21,'2021-12-04 08:35:51',NULL,1179238926),(97,89,NULL,22,'2021-12-04 08:36:05',NULL,940108284),(99,88,NULL,22,'2021-12-04 08:36:05',NULL,940108284),(100,90,NULL,22,'2021-12-04 08:36:09',NULL,940108284),(102,91,NULL,23,'2021-12-04 08:39:07',NULL,1179238926),(104,92,NULL,24,'2021-12-04 08:40:08',NULL,1179238926),(105,93,NULL,24,'2021-12-04 08:40:14',NULL,1179238926),(106,94,NULL,15,'2021-12-04 08:42:08',NULL,757480368),(107,NULL,95,15,'2021-12-04 08:42:25',NULL,757480368),(109,98,NULL,25,'2021-12-04 11:53:58',NULL,940108284),(110,99,NULL,25,'2021-12-04 11:54:19',NULL,940108284),(112,102,NULL,26,'2021-12-04 17:01:14',NULL,939871965),(113,NULL,103,26,'2021-12-04 17:01:48',NULL,939871965),(114,104,NULL,26,'2021-12-04 17:01:57',NULL,939871965),(115,105,NULL,26,'2021-12-04 17:02:11',NULL,939871965),(116,NULL,106,26,'2021-12-04 17:02:20',NULL,939871965),(117,NULL,107,26,'2021-12-04 17:02:46',NULL,939871965),(118,NULL,108,26,'2021-12-04 17:02:52',NULL,939871965),(119,NULL,109,26,'2021-12-04 17:03:02',NULL,939871965),(120,NULL,110,26,'2021-12-04 17:03:11',NULL,939871965),(122,113,NULL,27,'2021-12-06 13:11:46',NULL,940108284),(123,114,NULL,27,'2021-12-06 13:12:06',NULL,940108284),(124,115,NULL,27,'2021-12-06 13:12:15',NULL,940108284),(125,NULL,116,27,'2021-12-06 13:13:24',NULL,940108284),(128,119,NULL,28,'2021-12-06 15:59:44',NULL,1564660886),(130,122,NULL,29,'2021-12-06 16:01:05',NULL,1578911531),(131,NULL,123,28,'2021-12-06 16:01:33',NULL,1564660886),(132,NULL,124,29,'2021-12-06 16:02:15',NULL,1578911531),(133,125,NULL,29,'2021-12-06 16:03:02',NULL,1578911531),(134,126,NULL,29,'2021-12-06 16:03:53',NULL,1578911531),(135,127,NULL,29,'2021-12-06 16:05:46',NULL,1578911531),(137,130,NULL,30,'2021-12-06 19:34:57',NULL,1564660886),(138,NULL,131,30,'2021-12-06 19:35:09',NULL,1564660886),(140,NULL,132,27,'2021-12-06 20:13:36',NULL,940108284),(142,135,NULL,31,'2021-12-06 20:17:11',NULL,1262603427),(143,NULL,136,31,'2021-12-06 20:17:17',NULL,1262603427),(144,NULL,137,31,'2021-12-06 20:17:29',NULL,1262603427),(145,138,NULL,31,'2021-12-06 20:17:32',NULL,1262603427),(147,139,NULL,32,'2021-12-06 23:26:13',NULL,1262603427),(149,140,NULL,33,'2021-12-07 00:42:19',NULL,940108284),(151,152,NULL,34,'2021-12-07 05:07:26',NULL,128885673),(155,NULL,227,33,'2021-12-07 05:27:59',NULL,940108284),(156,NULL,241,33,'2021-12-07 05:31:37',NULL,940108284),(157,NULL,242,33,'2021-12-07 05:32:38',NULL,940108284),(158,NULL,243,33,'2021-12-07 05:33:32',NULL,940108284),(159,NULL,244,33,'2021-12-07 05:33:56',NULL,940108284),(160,NULL,245,33,'2021-12-07 05:34:00',NULL,940108284),(162,246,NULL,35,'2021-12-07 06:06:41',NULL,940108284),(163,NULL,247,35,'2021-12-07 06:06:58',NULL,940108284),(164,NULL,248,35,'2021-12-07 06:07:06',NULL,940108284),(165,256,NULL,35,'2021-12-07 06:07:40',NULL,940108284),(167,NULL,266,35,'2021-12-07 20:58:40',NULL,940108284),(169,269,NULL,36,'2021-12-09 13:06:11',NULL,73202486),(170,NULL,270,36,'2021-12-09 13:07:42',NULL,73202486),(172,271,NULL,37,'2021-12-11 10:22:19',NULL,940108284),(174,273,NULL,38,'2021-12-11 10:24:36',NULL,940108284),(175,274,NULL,38,'2021-12-11 10:25:09',NULL,940108284),(176,275,NULL,38,'2021-12-11 10:26:38',NULL,940108284),(177,276,NULL,38,'2021-12-11 10:28:08',NULL,940108284),(178,277,NULL,38,'2021-12-11 10:29:15',NULL,940108284),(179,278,NULL,38,'2021-12-11 10:30:14',NULL,940108284),(180,280,NULL,38,'2021-12-11 10:31:26',NULL,940108284),(181,280,NULL,38,'2021-12-11 10:31:26',NULL,940108284),(182,281,NULL,38,'2021-12-11 10:33:17',NULL,940108284),(183,281,NULL,38,'2021-12-11 10:33:17',NULL,940108284),(184,NULL,282,38,'2021-12-11 10:34:06',NULL,940108284),(185,NULL,283,38,'2021-12-11 10:34:20',NULL,940108284),(187,NULL,285,38,'2021-12-11 10:36:32',NULL,940108284),(188,286,NULL,38,'2021-12-11 10:36:58',NULL,940108284),(189,287,NULL,38,'2021-12-11 10:37:37',NULL,940108284),(190,NULL,288,38,'2021-12-11 10:38:25',NULL,940108284),(191,NULL,289,38,'2021-12-11 10:38:37',NULL,940108284),(193,NULL,290,38,'2021-12-11 10:57:56',NULL,940108284),(195,380,NULL,40,'2021-12-14 15:03:59',NULL,940108284),(196,NULL,381,40,'2021-12-14 15:04:57',NULL,940108284),(198,392,NULL,41,'2021-12-26 15:57:37',NULL,320766220),(279,278,NULL,38,'2021-12-11 10:30:14',NULL,940108284);
/*!40000 ALTER TABLE `answers_messages` ENABLE KEYS */;
UNLOCK TABLES;

--
-- Table structure for table `answers_posts`
--

DROP TABLE IF EXISTS `answers_posts`;
/*!40101 SET @saved_cs_client     = @@character_set_client */;
/*!50503 SET character_set_client = utf8mb4 */;
CREATE TABLE `answers_posts` (
  `post_id` int NOT NULL AUTO_INCREMENT,
  `post_datetime` datetime DEFAULT CURRENT_TIMESTAMP,
  `chat_message_id` int DEFAULT NULL,
  `client_id` bigint DEFAULT NULL,
  PRIMARY KEY (`post_id`)
) ENGINE=InnoDB AUTO_INCREMENT=42 DEFAULT CHARSET=utf8mb4 COLLATE=utf8mb4_0900_ai_ci;
/*!40101 SET character_set_client = @saved_cs_client */;

--
-- Dumping data for table `answers_posts`
--

LOCK TABLES `answers_posts` WRITE;
/*!40000 ALTER TABLE `answers_posts` DISABLE KEYS */;
INSERT INTO `answers_posts` VALUES (6,'2022-01-29 11:09:58',13,5074995601);
/*!40000 ALTER TABLE `answers_posts` ENABLE KEYS */;
UNLOCK TABLES;

--
-- Table structure for table `brand_params`
--

DROP TABLE IF EXISTS `brand_params`;
/*!40101 SET @saved_cs_client     = @@character_set_client */;
/*!50503 SET character_set_client = utf8mb4 */;
CREATE TABLE `brand_params` (
  `brand_param_id` int NOT NULL AUTO_INCREMENT,
  `category_id` int DEFAULT NULL,
  `brand_id` int DEFAULT NULL,
  `param_id` int DEFAULT NULL,
  `option_id` int DEFAULT '0',
  `param_position` int DEFAULT NULL,
  PRIMARY KEY (`brand_param_id`),
  KEY `first_index` (`category_id`,`brand_id`,`param_position`),
  KEY `second_index` (`option_id`)
) ENGINE=InnoDB AUTO_INCREMENT=45 DEFAULT CHARSET=utf8mb4 COLLATE=utf8mb4_0900_ai_ci COMMENT='если option_id = 0, то используем все опции данного параметра';
/*!40101 SET character_set_client = @saved_cs_client */;

--
-- Dumping data for table `brand_params`
--

LOCK TABLES `brand_params` WRITE;
/*!40000 ALTER TABLE `brand_params` DISABLE KEYS */;
INSERT INTO `brand_params` VALUES (1,2,113,1,1,1),(2,2,113,1,2,1),(3,2,113,1,3,1),(4,2,113,1,4,1),(5,2,114,1,1,1),(6,2,114,1,2,1),(7,2,114,1,3,1),(8,2,114,1,4,1),(9,2,115,1,1,1),(10,2,115,1,2,1),(11,2,115,1,3,1),(12,2,115,1,4,1),(13,2,116,1,1,1),(14,2,116,1,2,1),(15,2,116,1,3,1),(16,2,116,1,4,1),(17,2,113,2,14,3),(18,2,113,2,15,3),(19,2,113,2,16,3),(20,2,113,2,17,3),(21,2,114,2,17,3),(22,2,114,2,18,3),(23,2,114,2,19,3),(24,2,114,2,20,3),(25,2,115,2,20,3),(26,2,115,2,21,3),(27,2,115,2,22,3),(28,2,115,2,23,3),(29,2,116,2,18,3),(30,2,116,2,19,3),(31,2,116,2,20,3),(32,2,116,2,20,3),(33,2,113,6,0,2),(34,2,114,6,0,2),(35,2,115,6,0,2),(36,2,116,6,0,2),(37,2,113,4,0,4),(38,2,114,4,0,4),(39,2,115,4,0,4),(40,2,116,4,0,4),(41,2,113,3,0,5),(42,2,114,3,0,5),(43,2,115,3,0,5),(44,2,116,3,0,5);
/*!40000 ALTER TABLE `brand_params` ENABLE KEYS */;
UNLOCK TABLES;

--
-- Table structure for table `brands`
--

DROP TABLE IF EXISTS `brands`;
/*!40101 SET @saved_cs_client     = @@character_set_client */;
/*!50503 SET character_set_client = utf8mb4 */;
CREATE TABLE `brands` (
  `brand_id` int NOT NULL AUTO_INCREMENT,
  `category_id` int DEFAULT NULL,
  `brand_name` varchar(127) DEFAULT NULL,
  `parent_id` int DEFAULT NULL,
  `is_serial` tinyint(1) DEFAULT '0',
  `is_model` tinyint(1) DEFAULT '0',
  PRIMARY KEY (`brand_id`)
) ENGINE=InnoDB AUTO_INCREMENT=418 DEFAULT CHARSET=utf8mb4 COLLATE=utf8mb4_0900_ai_ci;
/*!40101 SET character_set_client = @saved_cs_client */;

--
-- Dumping data for table `brands`
--

LOCK TABLES `brands` WRITE;
/*!40000 ALTER TABLE `brands` DISABLE KEYS */;
INSERT INTO `brands` VALUES (1,2,'Apple',NULL,0,0),(2,2,'OnePlus',NULL,0,0),(3,2,'Xiaomi',NULL,0,0),(4,2,'Samsung',NULL,0,0),(5,2,'Oppo',NULL,0,0),(6,2,'Honor',NULL,0,0),(7,2,'Huawei',NULL,0,0),(8,2,'Nokia',NULL,0,0),(9,2,'Redmi',3,1,0),(10,2,'Redmi Note',3,1,0),(11,2,'Poco',3,1,0),(12,2,'Max',3,1,0),(13,2,'Mi',3,1,0),(14,2,'Galaxy M',4,1,0),(15,2,'Galaxy A',4,1,0),(16,2,'Galaxy F',4,1,0),(17,2,'Galaxy S',4,1,0),(18,2,'Galaxy  Note',4,1,0),(19,2,'Galaxy  Fold',4,1,0),(20,2,'Galaxy  Xcover',4,1,0),(21,2,'Galaxy S duos',4,1,0),(22,2,'Nord',2,1,0),(23,2,'Серия 3',2,1,0),(24,2,'Серия 5',2,1,0),(25,2,'Серия 7',2,1,0),(26,2,'Серия 8',2,1,0),(27,2,'Серия 9',2,1,0),(28,2,'A',5,1,0),(29,2,'F',5,1,0),(30,2,'Reno',5,1,0),(31,2,'Y',7,1,0),(32,2,'Nova',7,1,0),(33,2,'P smart',7,1,0),(34,2,'Mate',7,1,0),(35,2,'P',7,1,0),(36,2,'1-4',8,1,0),(37,2,'5-7',8,1,0),(38,2,'8-9',8,1,0),(39,2,'Кнопочный',8,1,0),(40,2,'Lumia',8,1,0),(41,2,'C-series',8,1,0),(42,2,'8xxx',8,1,0),(43,2,'9',9,0,1),(44,2,'9T',9,0,1),(45,2,'9C',9,0,1),(46,2,'9A',9,0,1),(47,2,'6 PRO',9,0,1),(48,2,'8',9,0,1),(49,2,'7A',9,0,1),(50,2,'9A',9,0,1),(51,2,'9',9,0,1),(52,2,'6A',9,0,1),(53,2,'6',9,0,1),(54,2,'7A',9,0,1),(55,2,'8A',9,0,1),(56,2,'6',9,0,1),(57,2,'7',9,0,1),(58,2,'S2',9,0,1),(59,2,'GO',9,0,1),(60,2,'10',10,0,1),(61,2,'10 Pro',10,0,1),(62,2,'8 Pro',10,0,1),(63,2,'9 Pro',10,0,1),(64,2,'9 T',10,0,1),(65,2,'9',10,0,1),(66,2,'9S',10,0,1),(67,2,'10S',10,0,1),(68,2,'5',10,0,1),(69,2,'10 5G',10,0,1),(70,2,'10 Lite',10,0,1),(71,2,'7',10,0,1),(72,2,'8T',10,0,1),(73,2,'8',10,0,1),(74,2,'7 Pro',10,0,1),(75,2,'6 Pro',10,0,1),(76,2,'10 X',10,0,1),(77,2,'10 Pro CN',10,0,1),(78,2,'11 Lite',13,0,1),(79,2,'10T Pro',13,0,1),(80,2,'10T',13,0,1),(81,2,'11',13,0,1),(82,2,'11 Lite 5G',13,0,1),(83,2,'10T Lite',13,0,1),(84,2,'11i',13,0,1),(85,2,'11 Lite',13,0,1),(86,2,'10 Lite',13,0,1),(87,2,'10',13,0,1),(88,2,'8 Lite',13,0,1),(89,2,'9',13,0,1),(90,2,'Note 10 Pro',13,0,1),(91,2,'9T',13,0,1),(92,2,'Note 10',13,0,1),(93,2,'A2 Lite',13,0,1),(94,2,'A3',13,0,1),(95,2,'9 Lite',13,0,1),(96,2,'9 SE',13,0,1),(97,2,'Note',13,0,1),(98,2,'K30S',13,0,1),(99,2,'Max 3',12,0,1),(100,2,'X3 Pro',11,0,1),(101,2,'X3 NFC',11,0,1),(102,2,'F3',11,0,1),(103,2,'M3',11,0,1),(104,2,'M3 Pro 5G',11,0,1),(105,2,'M3 Pro',11,0,1),(106,2,'X3',11,0,1),(107,2,'F2 Pro',11,0,1),(108,2,'4',1,0,1),(109,2,'4s',1,0,1),(110,2,'5',1,0,1),(111,2,'5c',1,0,1),(112,2,'5s',1,0,1),(113,2,'6',1,0,1),(114,2,'6 plus',1,0,1),(115,2,'6s',1,0,1),(116,2,'6s plus',1,0,1),(117,2,'se',1,0,1),(118,2,'7',1,0,1),(119,2,'7 plus',1,0,1),(120,2,'8',1,0,1),(121,2,'8 plus',1,0,1),(122,2,'X',1,0,1),(123,2,'Xs Max',1,0,1),(124,2,'Xr',1,0,1),(125,2,'11 Pro',1,0,1),(126,2,'11 Pro Max',1,0,1),(127,2,'11',1,0,1),(128,2,'12 mini',1,0,1),(129,2,'12',1,0,1),(130,2,'12 Pro',1,0,1),(131,2,'12 Pro Max',1,0,1),(132,2,'M31',14,0,1),(133,2,'M21',14,0,1),(134,2,'M51',14,0,1),(135,2,'M31 s',14,0,1),(136,2,'M32',14,0,1),(137,2,'M12',14,0,1),(138,2,'M11',14,0,1),(139,2,'M12',14,0,1),(140,2,'M32',14,0,1),(141,2,'M01',14,0,1),(142,2,'M20',14,0,1),(143,2,'M62',14,0,1),(144,2,'M22',14,0,1),(145,2,'M21',14,0,1),(146,2,'A9',15,0,1),(147,2,'A8s',15,0,1),(148,2,'A52',15,0,1),(149,2,'A32',15,0,1),(150,2,'A51',15,0,1),(151,2,'A72',15,0,1),(152,2,'A31',15,0,1),(153,2,'A41',15,0,1),(154,2,'A12',15,0,1),(155,2,'A71',15,0,1),(156,2,'A02',15,0,1),(157,2,'A01',15,0,1),(158,2,'A21s',15,0,1),(159,2,'A01 core',15,0,1),(160,2,'A02s',15,0,1),(161,2,'A22',15,0,1),(162,2,'A10',15,0,1),(163,2,'A11',15,0,1),(164,2,'A20',15,0,1),(165,2,'A50',15,0,1),(166,2,'A20s',15,0,1),(167,2,'A30',15,0,1),(168,2,'A40',15,0,1),(169,2,'A22 4G',15,0,1),(170,2,'A30s',15,0,1),(171,2,'A22 5G',15,0,1),(172,2,'A80',15,0,1),(173,2,'A22 5G',15,0,1),(174,2,'F52',16,0,1),(175,2,'S21',17,0,1),(176,2,'S20 FE',17,0,1),(177,2,'S20 Plus',17,0,1),(178,2,'S10',17,0,1),(179,2,'S10 Plus',17,0,1),(180,2,'S21',17,0,1),(181,2,'S21 Ultra',17,0,1),(182,2,'S20',17,0,1),(183,2,'S21 Plus',17,0,1),(184,2,'S8',17,0,1),(185,2,'S9 Plus',17,0,1),(186,2,'S9',17,0,1),(187,2,'S20 Ultra',17,0,1),(188,2,'S8 Plus',17,0,1),(189,2,'S10e',17,0,1),(190,2,'S10 Lite',17,0,1),(191,2,'S20 Plus 5G',17,0,1),(192,2,'S20 F',17,0,1),(193,2,'S9 Plus',17,0,1),(194,2,'S21 FE 5G',17,0,1),(195,2,'9',18,0,1),(196,2,'20 Ultra',18,0,1),(197,2,'8',18,0,1),(198,2,'20',18,0,1),(199,2,'10 Plus',18,0,1),(200,2,'10 Lite',18,0,1),(201,2,'10',18,0,1),(202,2,'3 Neo',18,0,1),(203,2,'Z Flip',19,0,1),(204,2,'Z Fold2',19,0,1),(205,2,'Fold',19,0,1),(206,2,'4s',20,0,1),(207,2,'4',20,0,1),(208,2,'550',20,0,1),(209,2,'GT-C3322',21,0,1),(210,2,'GT-E1202',21,0,1),(211,2,'GT-E2232',21,0,1),(212,2,'GT-E1182',21,0,1),(213,2,'N10 5G',22,0,1),(214,2,'N100',22,0,1),(215,2,'Nord',22,0,1),(216,2,'CE 5G',22,0,1),(217,2,'N200 5G',22,0,1),(218,2,'Nord2',22,0,1),(219,2,'3',23,0,1),(220,2,'5',24,0,1),(221,2,'5Т',24,0,1),(222,2,'7Т',25,0,1),(223,2,'7Т Pro 5G',25,0,1),(224,2,'8 Pro',26,0,1),(225,2,'8T',26,0,1),(226,2,'8',26,0,1),(227,2,'9',27,0,1),(228,2,'9 Pro',27,0,1),(229,2,'9R',27,0,1),(230,2,'53',28,0,1),(231,2,'74',28,0,1),(232,2,'15',28,0,1),(233,2,'52',28,0,1),(234,2,'15s',28,0,1),(235,2,'54',28,0,1),(236,2,'5 2020',28,0,1),(237,2,'12',28,0,1),(238,2,'72',28,0,1),(239,2,'1k',28,0,1),(240,2,'9 2020',28,0,1),(241,2,'31',28,0,1),(242,2,'91',28,0,1),(243,2,'5s',28,0,1),(244,2,'93s 5G',28,0,1),(245,2,'16',28,0,1),(246,2,'19',29,0,1),(247,2,'5',29,0,1),(248,2,'5',30,0,1),(249,2,'5 Lite',30,0,1),(250,2,'4 Lite',30,0,1),(251,2,'2 Z',30,0,1),(252,2,'3 Pro 5G',30,0,1),(253,2,'3',30,0,1),(254,2,'2',30,0,1),(255,2,'4',30,0,1),(256,2,'4 Pro',30,0,1),(257,2,'4 Pro 5G',30,0,1),(258,2,'5 5G',30,0,1),(259,2,'6 Pro Lus',30,0,1),(260,2,'10X Lite',6,0,1),(261,2,'10i',6,0,1),(262,2,'20',6,0,1),(263,2,'9X',6,0,1),(264,2,'30i',6,0,1),(265,2,'30S',6,0,1),(266,2,'30 Pro Plus',6,0,1),(267,2,'9S',6,0,1),(268,2,'30',6,0,1),(269,2,'9A',6,0,1),(270,2,'20 Lite',6,0,1),(271,2,'8p',31,0,1),(272,2,'5p',31,0,1),(273,2,'6p',31,0,1),(274,2,'7',31,0,1),(275,2,'6',31,0,1),(276,2,'5 lite',31,0,1),(277,2,'5',31,0,1),(278,2,'6s',31,0,1),(279,2,'7 pro',31,0,1),(280,2,'5 prime',31,0,1),(281,2,'5T',32,0,1),(282,2,'3',32,0,1),(283,2,'2s',32,0,1),(284,2,'Lite',32,0,1),(285,2,'2021',33,0,1),(286,2,'Z',33,0,1),(287,2,'2019',33,0,1),(288,2,'Plus',33,0,1),(289,2,'40 Pro',34,0,1),(290,2,'30 Pro',34,0,1),(291,2,'Xs',34,0,1),(292,2,'20 Pro',34,0,1),(293,2,'S',34,0,1),(294,2,'40 Pro',35,0,1),(295,2,'40 Lite',35,0,1),(296,2,'30 lite',35,0,1),(297,2,'40 Lite E',35,0,1),(298,2,'30 Pro',35,0,1),(299,2,'40',35,0,1),(300,2,'30',35,0,1),(301,2,'40 Pro Plus',35,0,1),(302,2,'20 Pro',35,0,1),(303,2,'30 lite New Edition',35,0,1),(304,2,'20 lite',35,0,1),(305,2,'3.4',36,0,1),(306,2,'4.2',36,0,1),(307,2,'2.4',36,0,1),(308,2,'1.3',36,0,1),(309,2,'1.4',36,0,1),(310,2,'2.3',36,0,1),(311,2,'3',36,0,1),(312,2,'1 Plus',36,0,1),(313,2,'2.2',36,0,1),(314,2,'3.2',36,0,1),(315,2,'5.4',37,0,1),(316,2,'5.3',37,0,1),(317,2,'7.2',37,0,1),(318,2,'6',37,0,1),(319,2,'6.1',37,0,1),(320,2,'8.3',38,0,1),(321,2,'X2 Dual',38,0,1),(322,2,'930',40,0,1),(323,2,'1020',40,0,1),(324,2,'1520',40,0,1),(325,2,'20',41,0,1),(326,2,'5',41,0,1),(327,2,'02-01',41,0,1),(328,2,'03-01',41,0,1),(329,2,'5 5MP',41,0,1),(330,2,'30',41,0,1),(331,2,'8800',42,0,1),(332,2,'8800 Sirocco',42,0,1),(333,2,'8600 Luna',42,0,1),(334,12,'Apple',NULL,NULL,NULL),(335,12,'iPad mini',334,1,0),(336,12,'iPad Air',334,1,0),(337,12,'iPad Pro',334,1,0),(338,12,'Ipad',334,1,0),(339,12,'1',335,0,1),(340,12,'2',335,0,1),(341,12,'3',335,0,1),(342,12,'4',335,0,1),(343,12,'5',335,0,1),(344,12,'1',336,0,1),(345,12,'2',336,0,1),(346,12,'3',336,0,1),(347,12,'4',336,0,1),(348,12,'12.9 (2015)',337,0,1),(349,12,'9.7 (2016)',337,0,1),(350,12,'10.5 (2017)',337,0,1),(351,12,'12.9 (2017)',337,0,1),(352,12,'11 (2018)',337,0,1),(353,12,'12.9 (2018)',337,0,1),(354,12,'12.9 (2020)',337,0,1),(355,12,'11 (2020)',337,0,1),(356,12,'1',338,0,1),(357,12,'2',338,0,1),(358,12,'3',338,0,1),(359,12,'4',338,0,1),(360,12,'5',338,0,1),(361,12,'6',338,0,1),(362,12,'7',338,0,1),(363,12,'8',338,0,1),(364,12,'Samsung',NULL,0,0),(365,12,'Galaxy Tab S',364,1,0),(366,12,'Galaxy Tab A',364,1,0),(367,12,'Galaxy Tab E',364,1,0),(368,12,'Galaxy Tab Active',364,1,0),(369,12,'6 Lite 10.4 ',365,0,1),(370,12,'7 Plus 12.4',365,0,1),(371,12,'7 11.0',365,0,1),(372,12,'5e 10.5',365,0,1),(373,12,'7 FE 12.4',365,0,1),(374,12,'3 9.7',365,0,1),(375,12,'4 10.5',365,0,1),(376,12,'7 10.4',366,0,1),(377,12,'8.0',366,0,1),(378,12,'7 LIte',366,0,1),(379,12,'10.01 (2019)',366,0,1),(380,12,'10.1 (2016)',366,0,1),(381,12,'10.5',366,0,1),(382,12,'8.0 kids',366,0,1),(383,12,'8.0 (2017)',366,0,1),(384,12,'7.0 (2016)',366,0,1),(385,12,'9.6 2015',367,0,1),(386,12,'E',368,0,1),(387,12,'Pro',368,0,1),(388,12,'Huawei',NULL,0,0),(389,12,'Mate',388,1,0),(390,12,'T5',388,1,0),(391,12,'T3',388,1,0),(392,12,'M3',388,1,0),(393,12,'M2',388,1,0),(394,12,'M5',388,1,0),(395,12,'M6',388,1,0),(396,12,'10.4',389,0,1),(397,12,'Pro',389,0,1),(398,12,'T10',389,0,1),(399,12,'T10s',389,0,1),(400,12,'T8',389,0,1),(401,12,'11',389,0,1),(402,12,'10.08 2021',389,0,1),(403,12,'12.6',389,0,1),(404,12,'10',389,0,1),(405,13,'Apple',NULL,0,0),(406,13,'Sony',NULL,0,0),(407,13,'Xiaomi',NULL,0,0),(408,13,'Samsung',NULL,0,0),(409,13,'JBL',NULL,0,0),(410,13,'HyperX',NULL,0,0),(411,13,'Huawei',NULL,0,0),(412,13,'3.5',405,1,0),(413,13,'Lightning',405,1,0),(414,13,'AirPods 1',405,1,0),(415,13,'AirPods 2',405,1,0),(416,13,'AirPods 3',405,1,0),(417,13,'AirPods Pro',405,1,0);
/*!40000 ALTER TABLE `brands` ENABLE KEYS */;
UNLOCK TABLES;

--
-- Table structure for table `categories`
--

DROP TABLE IF EXISTS `categories`;
/*!40101 SET @saved_cs_client     = @@character_set_client */;
/*!50503 SET character_set_client = utf8mb4 */;
CREATE TABLE `categories` (
  `category_id` int NOT NULL AUTO_INCREMENT,
  `category_name` varchar(256) DEFAULT NULL,
  `parent_id` int DEFAULT NULL,
  `photo` varchar(255) DEFAULT NULL,
  `tariff_first_price` int DEFAULT '10',
  `tariff_second_price` int DEFAULT '15',
  `tariff_notify_first` int DEFAULT '10',
  `tariff_notify_second` int DEFAULT '15',
  PRIMARY KEY (`category_id`)
) ENGINE=InnoDB AUTO_INCREMENT=22 DEFAULT CHARSET=utf8mb4 COLLATE=utf8mb4_0900_ai_ci;
/*!40101 SET character_set_client = @saved_cs_client */;

--
-- Dumping data for table `categories`
--

LOCK TABLES `categories` WRITE;
/*!40000 ALTER TABLE `categories` DISABLE KEYS */;
INSERT INTO `categories` VALUES (2,'Телефоны',6,'',10,15,10,15),(6,'Электроника',NULL,NULL,10,15,10,15),(12,'Планшеты',6,NULL,10,15,10,15),(13,'Наушники',6,NULL,10,15,10,15),(14,'Одежда',NULL,NULL,10,15,10,15),(15,'Чехлы',6,NULL,10,15,10,15),(16,'Ноутбуки',6,NULL,10,15,10,15),(17,'Приставки',6,NULL,10,15,10,15),(18,'Роутер',6,NULL,10,15,10,15),(19,'Умные часы',6,NULL,10,15,10,15),(20,'Мужская',14,NULL,10,15,10,15),(21,'Женская ',14,NULL,10,15,10,15);
/*!40000 ALTER TABLE `categories` ENABLE KEYS */;
UNLOCK TABLES;

--
-- Table structure for table `category_params`
--

DROP TABLE IF EXISTS `category_params`;
/*!40101 SET @saved_cs_client     = @@character_set_client */;
/*!50503 SET character_set_client = utf8mb4 */;
CREATE TABLE `category_params` (
  `param_id` int NOT NULL AUTO_INCREMENT,
  `param_type` enum('int','float','list','multilist') DEFAULT NULL,
  `category_id` int DEFAULT NULL,
  `is_required` tinyint(1) DEFAULT '0',
  `in_find` tinyint(1) DEFAULT '0',
  `param_name` varchar(127) DEFAULT NULL,
  `param_question` varchar(127) DEFAULT NULL,
  `is_tariff_step` tinyint(1) DEFAULT '0',
  `parent_id` int DEFAULT NULL,
  PRIMARY KEY (`param_id`)
) ENGINE=InnoDB AUTO_INCREMENT=29 DEFAULT CHARSET=utf8mb4 COLLATE=utf8mb4_0900_ai_ci;
/*!40101 SET character_set_client = @saved_cs_client */;

--
-- Dumping data for table `category_params`
--

LOCK TABLES `category_params` WRITE;
/*!40000 ALTER TABLE `category_params` DISABLE KEYS */;
INSERT INTO `category_params` VALUES (1,'list',2,1,1,'Марка','Выберите марку телефона',0,NULL),(2,'list',2,1,1,'Серия','Выберите серию',0,1),(3,'list',2,1,1,'Модель','Выберите модель телефона',0,2),(4,'list',5,1,1,'Коробка передач','Выберите коробку передач',0,NULL),(5,'int',5,1,1,'Мощность','Выберите мощность двигателя',0,4),(6,'list',5,1,1,'Привод','Выберите привод',0,5),(7,'list',2,1,1,'Память','Выберите память',1,3),(8,'list',2,1,1,'Цвет','Выберите цвет телефона',0,7),(9,'list',2,1,1,'Состояние','Какое состояние у телефона?',0,8),(10,'list',10,1,1,'Вид одежды','Выберите вид одежды',0,NULL),(12,'list',10,1,1,'Причастность к бренду','Какой бренд у одежды?',0,10),(13,'list',11,1,1,'Вид одежды','Какой вид у одежды?',0,NULL),(14,'list',11,1,1,'Причастность к бренду','Какой бренд у одежды?',0,13),(15,'multilist',2,1,1,'Комплектация','Выберите комплектацию',0,9),(17,'list',12,1,1,'Марка','Выберите марку планшета',0,NULL),(18,'list',12,1,1,'Серия','Выберите серию',0,17),(19,'list',12,1,1,'Модель','Выберите модель планшета',0,18),(20,'list',12,1,1,'Память','Выберите память',1,19),(21,'list',12,1,1,'Цвет','Выберите цвет планшета',0,20),(22,'list',12,1,1,'Состояние','Какое состояние у планшета?',0,21),(23,'multilist',12,1,1,'Комплектация','Выберите комплектацию',0,22),(24,'list',13,1,1,'Тип','Выберите тип наушников',0,NULL),(25,'list',13,1,1,'Марка','Выберите марку наушников',0,24),(26,'list',13,1,1,'Серия','Выберите серию наушников',0,25),(27,'list',13,1,1,'Цвет','Выберите цвет наушников',1,26);
/*!40000 ALTER TABLE `category_params` ENABLE KEYS */;
UNLOCK TABLES;

--
-- Table structure for table `category_price_limits`
--

DROP TABLE IF EXISTS `category_price_limits`;
/*!40101 SET @saved_cs_client     = @@character_set_client */;
/*!50503 SET character_set_client = utf8mb4 */;
CREATE TABLE `category_price_limits` (
  `price_limit_id` int NOT NULL AUTO_INCREMENT,
  `category_id` int DEFAULT NULL,
  `start_price` int DEFAULT NULL,
  `finish_price` int DEFAULT NULL,
  PRIMARY KEY (`price_limit_id`)
) ENGINE=InnoDB AUTO_INCREMENT=14 DEFAULT CHARSET=utf8mb4 COLLATE=utf8mb4_0900_ai_ci;
/*!40101 SET character_set_client = @saved_cs_client */;

--
-- Dumping data for table `category_price_limits`
--

LOCK TABLES `category_price_limits` WRITE;
/*!40000 ALTER TABLE `category_price_limits` DISABLE KEYS */;
INSERT INTO `category_price_limits` VALUES (1,2,0,2000),(2,2,2000,5000),(3,2,5000,10000),(4,2,10000,20000),(5,2,20000,40000),(6,2,40000,60000),(7,2,60000,0),(8,12,0,5000),(9,12,5000,7000),(10,12,7000,12000),(11,12,12000,20000),(12,12,20000,40000),(13,12,40000,0);
/*!40000 ALTER TABLE `category_price_limits` ENABLE KEYS */;
UNLOCK TABLES;

--
-- Table structure for table `dark_facts`
--

DROP TABLE IF EXISTS `dark_facts`;
/*!40101 SET @saved_cs_client     = @@character_set_client */;
/*!50503 SET character_set_client = utf8mb4 */;
CREATE TABLE `dark_facts` (
  `fact_id` int NOT NULL AUTO_INCREMENT,
  `fact_text` varchar(2048) DEFAULT NULL,
  `fact_photo` varchar(512) DEFAULT NULL,
  PRIMARY KEY (`fact_id`)
) ENGINE=InnoDB DEFAULT CHARSET=utf8mb4 COLLATE=utf8mb4_0900_ai_ci;
/*!40101 SET character_set_client = @saved_cs_client */;

--
-- Dumping data for table `dark_facts`
--

LOCK TABLES `dark_facts` WRITE;
/*!40000 ALTER TABLE `dark_facts` DISABLE KEYS */;
/*!40000 ALTER TABLE `dark_facts` ENABLE KEYS */;
UNLOCK TABLES;

--
-- Table structure for table `favourites_ads`
--

DROP TABLE IF EXISTS `favourites_ads`;
/*!40101 SET @saved_cs_client     = @@character_set_client */;
/*!50503 SET character_set_client = utf8mb4 */;
CREATE TABLE `favourites_ads` (
  `favourite_id` int NOT NULL AUTO_INCREMENT,
  `user_id` bigint DEFAULT NULL,
  `ad_id` int DEFAULT NULL,
  PRIMARY KEY (`favourite_id`)
) ENGINE=InnoDB AUTO_INCREMENT=11 DEFAULT CHARSET=utf8mb4 COLLATE=utf8mb4_0900_ai_ci;
/*!40101 SET character_set_client = @saved_cs_client */;

--
-- Dumping data for table `favourites_ads`
--

LOCK TABLES `favourites_ads` WRITE;
/*!40000 ALTER TABLE `favourites_ads` DISABLE KEYS */;
INSERT INTO `favourites_ads` VALUES (6,5074995601,395),(10,1262603427,486);
/*!40000 ALTER TABLE `favourites_ads` ENABLE KEYS */;
UNLOCK TABLES;

--
-- Table structure for table `find_brands`
--

DROP TABLE IF EXISTS `find_brands`;
/*!40101 SET @saved_cs_client     = @@character_set_client */;
/*!50503 SET character_set_client = utf8mb4 */;
CREATE TABLE `find_brands` (
  `id` int NOT NULL AUTO_INCREMENT,
  `find_id` int DEFAULT NULL,
  `brand_id` int DEFAULT NULL,
  PRIMARY KEY (`id`)
) ENGINE=InnoDB AUTO_INCREMENT=125 DEFAULT CHARSET=utf8mb4 COLLATE=utf8mb4_0900_ai_ci;
/*!40101 SET character_set_client = @saved_cs_client */;

--
-- Dumping data for table `find_brands`
--

LOCK TABLES `find_brands` WRITE;
/*!40000 ALTER TABLE `find_brands` DISABLE KEYS */;
INSERT INTO `find_brands` VALUES (13,242,115),(14,242,117),(15,242,116),(16,242,123),(17,242,125),(18,242,129),(19,243,67),(20,243,66),(21,243,68),(22,243,69),(23,251,115),(24,251,113),(25,251,114),(26,255,112),(27,255,113),(28,255,115),(29,257,115),(30,257,113),(31,257,111),(32,258,108),(33,258,110),(34,258,113),(35,259,74),(36,259,64),(37,259,65),(38,259,67),(39,265,113),(40,265,114),(41,265,115),(42,266,114),(43,266,113),(51,269,108),(52,273,110),(53,277,108),(54,277,110),(55,293,108),(56,294,112),(57,294,114),(58,294,116),(60,304,110),(61,309,112),(62,309,115),(64,312,110),(65,313,110),(66,313,111),(67,313,113),(68,315,130),(69,315,131),(70,315,113),(71,318,213),(72,321,47),(73,321,48),(74,325,110),(75,325,112),(76,326,47),(77,330,110),(78,330,111),(79,330,113),(80,332,113),(81,332,115),(82,342,182),(83,342,181),(84,343,50),(85,343,49),(86,343,47),(87,345,50),(88,345,47),(89,345,49),(90,345,46),(91,345,56),(96,347,113),(97,347,115),(98,347,114),(99,347,112),(100,347,116),(101,352,219),(102,365,266),(103,365,267),(104,365,269),(105,368,341),(106,368,342),(107,372,110),(108,372,111),(109,372,113),(110,374,113),(111,375,110),(112,375,111),(113,375,112),(115,375,117),(116,376,45),(117,376,48),(118,377,112),(119,377,111),(120,377,113),(121,377,115),(122,378,110),(123,380,342),(124,382,363);
/*!40000 ALTER TABLE `find_brands` ENABLE KEYS */;
UNLOCK TABLES;

--
-- Table structure for table `find_options`
--

DROP TABLE IF EXISTS `find_options`;
/*!40101 SET @saved_cs_client     = @@character_set_client */;
/*!50503 SET character_set_client = utf8mb4 */;
CREATE TABLE `find_options` (
  `find_opt_id` int NOT NULL AUTO_INCREMENT,
  `find_id` int DEFAULT NULL,
  `option_id` int DEFAULT NULL,
  `param_id` int DEFAULT NULL,
  `option_value` varchar(63) DEFAULT NULL,
  PRIMARY KEY (`find_opt_id`)
) ENGINE=InnoDB AUTO_INCREMENT=924 DEFAULT CHARSET=utf8mb4 COLLATE=utf8mb4_0900_ai_ci;
/*!40101 SET character_set_client = @saved_cs_client */;

--
-- Dumping data for table `find_options`
--

LOCK TABLES `find_options` WRITE;
/*!40000 ALTER TABLE `find_options` DISABLE KEYS */;
INSERT INTO `find_options` VALUES (549,176,24,1,NULL),(551,177,25,1,NULL),(552,177,2,2,NULL),(553,179,24,1,NULL),(554,179,5,2,NULL),(555,180,25,1,NULL),(557,180,5,2,NULL),(558,180,8,6,NULL),(562,181,22,14,NULL),(563,181,21,14,NULL),(564,181,5,2,NULL),(565,181,28,8,NULL),(566,181,20,14,NULL),(567,181,43,7,NULL),(568,181,11,6,NULL),(569,181,1,1,NULL),(570,182,24,1,NULL),(572,183,4,2,NULL),(573,183,11,6,NULL),(574,184,24,1,NULL),(576,185,42,7,NULL),(577,185,10,6,NULL),(578,185,28,8,NULL),(579,185,24,1,NULL),(580,186,81,1,NULL),(581,187,139,1,NULL),(582,187,41,8,NULL),(583,187,11,7,NULL),(584,188,139,1,NULL),(585,189,81,1,NULL),(587,190,81,1,NULL),(592,191,143,2,NULL),(593,191,197,3,NULL),(595,191,42,8,NULL),(596,191,27,9,NULL),(597,191,22,15,NULL),(598,191,20,15,NULL),(599,191,21,15,NULL),(600,191,11,7,NULL),(601,192,271,1,NULL),(602,192,22,15,NULL),(603,192,86,3,NULL),(604,193,139,1,NULL),(605,194,25,1,NULL),(606,195,464,24,NULL),(607,196,287,1,NULL),(609,197,463,24,NULL),(610,198,287,1,NULL),(618,199,271,1,NULL),(624,200,43,8,NULL),(625,200,11,7,NULL),(626,200,342,2,NULL),(627,200,271,1,NULL),(628,200,21,15,NULL),(629,200,22,15,NULL),(630,200,20,15,NULL),(634,201,425,19,NULL),(635,201,432,18,NULL),(636,201,430,17,NULL),(637,201,458,22,NULL),(638,201,460,23,NULL),(639,201,462,23,NULL),(643,202,376,17,NULL),(644,203,271,1,NULL),(645,203,21,15,NULL),(646,204,406,17,NULL),(647,205,406,17,NULL),(648,207,406,17,NULL),(650,208,376,17,NULL),(654,210,430,17,NULL),(662,211,376,17,NULL),(663,212,376,17,NULL),(664,213,1,1,NULL),(665,215,1,1,NULL),(666,215,52,3,NULL),(667,215,340,2,NULL),(668,216,1,1,NULL),(669,217,1,1,NULL),(670,217,304,2,NULL),(671,218,25,1,NULL),(672,219,1,1,NULL),(673,219,230,2,NULL),(675,220,25,1,NULL),(681,220,233,2,NULL),(682,220,247,3,NULL),(683,221,1,1,NULL),(684,221,122,3,NULL),(686,222,25,1,NULL),(687,222,230,2,NULL),(691,223,25,1,NULL),(692,223,231,2,NULL),(693,223,242,3,NULL),(703,223,26,9,NULL),(704,223,43,8,NULL),(725,223,20,15,NULL),(726,223,21,15,NULL),(727,223,22,15,NULL),(728,224,81,1,NULL),(729,224,0,8,NULL),(730,224,20,15,NULL),(731,224,21,15,NULL),(732,224,22,15,NULL),(733,224,84,2,NULL),(734,224,83,2,NULL),(735,225,1,1,NULL),(737,225,117,3,NULL),(738,225,125,3,NULL),(739,225,129,3,NULL),(740,225,132,3,NULL),(741,225,134,3,NULL),(742,225,41,8,NULL),(743,225,43,8,NULL),(744,225,42,8,NULL),(745,225,28,9,NULL),(746,225,27,9,NULL),(747,225,22,15,NULL),(748,225,20,15,NULL),(749,225,126,3,NULL),(750,225,128,3,NULL),(751,225,130,3,NULL),(752,225,122,3,NULL),(793,239,14,2,NULL),(794,239,15,2,NULL),(795,239,16,2,NULL),(796,239,17,2,NULL),(797,239,32,4,NULL),(798,239,29,3,NULL),(799,242,23,2,NULL),(803,251,29,3,NULL),(804,251,27,3,NULL),(861,251,14,2,NULL),(862,251,15,2,NULL),(863,251,16,2,NULL),(864,251,17,2,NULL),(865,251,18,2,NULL),(866,251,19,2,NULL),(867,251,20,2,NULL),(868,251,21,2,NULL),(869,251,22,2,NULL),(870,251,23,2,NULL),(881,251,32,4,NULL),(882,251,30,4,NULL),(883,251,31,4,NULL),(884,255,32,4,NULL),(885,255,30,4,NULL),(886,255,31,4,NULL),(887,255,27,3,NULL),(888,255,28,3,NULL),(889,255,29,3,NULL),(890,257,14,2,NULL),(891,257,15,2,NULL),(892,257,16,2,NULL),(893,257,17,2,NULL),(894,257,20,2,NULL),(895,257,21,2,NULL),(896,257,22,2,NULL),(897,257,23,2,NULL),(898,257,32,4,NULL),(899,257,30,4,NULL),(900,257,31,4,NULL),(901,258,16,2,NULL),(902,258,17,2,NULL),(903,258,14,2,NULL),(904,258,15,2,NULL),(905,258,32,4,NULL),(906,258,30,4,NULL),(907,258,31,4,NULL),(908,294,32,4,NULL),(916,309,30,4,NULL),(917,309,31,4,NULL),(918,309,32,4,NULL),(920,372,32,4,NULL),(921,372,30,4,NULL),(922,372,31,4,NULL),(923,372,17,2,NULL);
/*!40000 ALTER TABLE `find_options` ENABLE KEYS */;
UNLOCK TABLES;

--
-- Table structure for table `finds`
--

DROP TABLE IF EXISTS `finds`;
/*!40101 SET @saved_cs_client     = @@character_set_client */;
/*!50503 SET character_set_client = utf8mb4 */;
CREATE TABLE `finds` (
  `find_id` int NOT NULL AUTO_INCREMENT,
  `category_id` int DEFAULT NULL,
  `section_id` int DEFAULT NULL,
  `price_limit_id` int DEFAULT '0',
  `user_id` bigint DEFAULT NULL,
  `is_notify` tinyint(1) DEFAULT '0',
  `notify_days` int DEFAULT '0',
  `brand_id` int DEFAULT NULL,
  `serial_id` int DEFAULT NULL,
  `model_id` int DEFAULT NULL,
  `last_brand_id` int DEFAULT NULL,
  `tariff_price` int DEFAULT '10',
  `close_notifications` datetime DEFAULT CURRENT_TIMESTAMP,
  `is_paid` tinyint(1) DEFAULT '0',
  `is_active` tinyint(1) DEFAULT '0',
  `create_date` datetime DEFAULT CURRENT_TIMESTAMP,
  `city_id` int DEFAULT NULL,
  PRIMARY KEY (`find_id`)
) ENGINE=InnoDB AUTO_INCREMENT=384 DEFAULT CHARSET=utf8mb4 COLLATE=utf8mb4_0900_ai_ci;
/*!40101 SET character_set_client = @saved_cs_client */;

--
-- Dumping data for table `finds`
--

LOCK TABLES `finds` WRITE;
/*!40000 ALTER TABLE `finds` DISABLE KEYS */;
INSERT INTO `finds` VALUES (173,6,2,0,5074995601,0,0,NULL,NULL,NULL,NULL,10,'2022-02-23 22:38:18',0,0,'2022-02-27 12:55:15',NULL),(174,6,2,0,5074995601,0,0,NULL,NULL,NULL,NULL,10,'2022-02-23 22:38:18',0,0,'2022-02-27 12:55:15',NULL),(175,6,2,0,5074995601,0,0,NULL,NULL,NULL,NULL,10,'2022-02-23 22:38:18',0,0,'2022-02-27 12:55:15',NULL),(176,6,2,0,5074995601,0,0,NULL,NULL,NULL,NULL,10,'2022-02-23 22:38:18',0,0,'2022-02-27 12:55:15',NULL),(177,6,2,0,5074995601,0,0,NULL,NULL,NULL,NULL,10,'2022-02-23 22:38:18',0,0,'2022-02-27 12:55:15',NULL),(178,6,2,0,5074995601,0,0,NULL,NULL,NULL,NULL,10,'2022-02-23 22:38:18',0,0,'2022-02-27 12:55:15',NULL),(179,6,2,0,5074995601,0,0,NULL,NULL,NULL,NULL,10,'2022-02-23 22:38:18',0,0,'2022-02-27 12:55:15',NULL),(180,6,2,0,5074995601,0,0,NULL,NULL,NULL,NULL,10,'2022-02-23 22:38:18',0,0,'2022-02-27 12:55:15',NULL),(181,6,2,100,5074995601,0,0,NULL,NULL,NULL,NULL,10,'2022-02-23 22:38:18',0,0,'2022-02-27 12:55:15',NULL),(182,6,2,0,5074995601,0,0,NULL,NULL,NULL,NULL,10,'2022-02-23 22:38:18',0,0,'2022-02-27 12:55:15',NULL),(183,6,2,0,5074995601,0,0,NULL,NULL,NULL,NULL,10,'2022-02-23 22:38:18',0,0,'2022-02-27 12:55:15',NULL),(184,6,2,0,5074995601,0,0,NULL,NULL,NULL,NULL,10,'2022-02-23 22:38:18',0,0,'2022-02-27 12:55:15',NULL),(185,6,2,0,5074995601,0,0,NULL,NULL,NULL,NULL,10,'2022-02-23 22:38:18',0,0,'2022-02-27 12:55:15',NULL),(186,6,2,0,5074995601,0,0,NULL,NULL,NULL,NULL,10,'2022-02-23 22:38:18',0,0,'2022-02-27 12:55:15',NULL),(187,6,2,0,5074995601,0,0,NULL,NULL,NULL,NULL,10,'2022-02-23 22:38:18',0,0,'2022-02-27 12:55:15',NULL),(188,6,2,0,5074995601,0,0,NULL,NULL,NULL,NULL,10,'2022-02-23 22:38:18',0,0,'2022-02-27 12:55:15',NULL),(189,6,2,0,5074995601,0,0,NULL,NULL,NULL,NULL,10,'2022-02-23 22:38:18',0,0,'2022-02-27 12:55:15',NULL),(190,6,2,0,5074995601,0,0,NULL,NULL,NULL,NULL,10,'2022-02-23 22:38:18',0,0,'2022-02-27 12:55:15',NULL),(191,6,2,0,5074995601,0,0,NULL,NULL,NULL,NULL,10,'2022-02-23 22:38:18',0,0,'2022-02-27 12:55:15',NULL),(192,6,2,0,5074995601,0,0,NULL,NULL,NULL,NULL,10,'2022-02-23 22:38:18',0,0,'2022-02-27 12:55:15',NULL),(193,6,2,0,5074995601,0,0,NULL,NULL,NULL,NULL,10,'2022-02-23 22:38:18',0,0,'2022-02-27 12:55:15',NULL),(194,6,2,0,1433915196,0,0,NULL,NULL,NULL,NULL,10,'2022-02-23 22:38:18',0,0,'2022-02-27 12:55:15',NULL),(195,6,13,0,5074995601,0,0,NULL,NULL,NULL,NULL,10,'2022-02-23 22:38:18',0,0,'2022-02-27 12:55:15',NULL),(196,6,2,0,5074995601,0,0,NULL,NULL,NULL,NULL,10,'2022-02-23 22:38:18',0,0,'2022-02-27 12:55:15',NULL),(197,6,13,0,5074995601,0,0,NULL,NULL,NULL,NULL,10,'2022-02-23 22:38:18',0,0,'2022-02-27 12:55:15',NULL),(198,6,2,0,5074995601,0,0,NULL,NULL,NULL,NULL,10,'2022-02-23 22:38:18',0,0,'2022-02-27 12:55:15',NULL),(199,6,2,0,5074995601,0,0,NULL,NULL,NULL,NULL,10,'2022-02-23 22:38:18',0,0,'2022-02-27 12:55:15',NULL),(200,6,2,0,5074995601,0,0,NULL,NULL,NULL,NULL,10,'2022-02-23 22:38:18',0,0,'2022-02-27 12:55:15',NULL),(201,6,12,5,5074995601,0,0,NULL,NULL,NULL,NULL,10,'2022-02-23 22:38:18',0,0,'2022-02-27 12:55:15',NULL),(202,6,12,0,5074995601,0,0,NULL,NULL,NULL,NULL,10,'2022-02-23 22:38:18',0,0,'2022-02-27 12:55:15',NULL),(203,6,2,0,5074995601,0,0,NULL,NULL,NULL,NULL,10,'2022-02-23 22:38:18',0,0,'2022-02-27 12:55:15',NULL),(204,6,12,0,5074995601,0,0,NULL,NULL,NULL,NULL,10,'2022-02-23 22:38:18',0,0,'2022-02-27 12:55:15',NULL),(205,6,12,0,5074995601,0,0,NULL,NULL,NULL,NULL,10,'2022-02-23 22:38:18',0,0,'2022-02-27 12:55:15',NULL),(206,6,12,0,5074995601,0,0,NULL,NULL,NULL,NULL,10,'2022-02-23 22:38:18',0,0,'2022-02-27 12:55:15',NULL),(207,6,12,0,5074995601,0,0,NULL,NULL,NULL,NULL,10,'2022-02-23 22:38:18',0,0,'2022-02-27 12:55:15',NULL),(208,6,12,0,5074995601,0,0,NULL,NULL,NULL,NULL,10,'2022-02-23 22:38:18',0,0,'2022-02-27 12:55:15',NULL),(209,6,13,0,5074995601,0,0,NULL,NULL,NULL,NULL,10,'2022-02-23 22:38:18',0,0,'2022-02-27 12:55:15',NULL),(210,6,12,10,5074995601,0,0,NULL,NULL,NULL,NULL,10,'2022-02-23 22:38:18',0,0,'2022-02-27 12:55:15',NULL),(211,6,12,0,5074995601,0,0,NULL,NULL,NULL,NULL,10,'2022-02-23 22:38:18',0,0,'2022-02-27 12:55:15',NULL),(212,6,12,0,5074995601,0,0,NULL,NULL,NULL,NULL,10,'2022-02-23 22:38:18',0,0,'2022-02-27 12:55:15',NULL),(213,6,2,0,5074995601,0,0,NULL,NULL,NULL,NULL,10,'2022-02-23 22:38:18',0,0,'2022-02-27 12:55:15',NULL),(214,6,2,0,5074995601,1,0,NULL,NULL,NULL,NULL,10,'2022-02-23 22:38:18',0,0,'2022-02-27 12:55:15',NULL),(215,6,2,0,5074995601,1,7,NULL,NULL,NULL,NULL,10,'2022-02-23 22:38:18',0,0,'2022-02-27 12:55:15',NULL),(216,6,2,0,5074995601,0,0,NULL,NULL,NULL,NULL,10,'2022-02-23 22:38:18',0,0,'2022-02-27 12:55:15',NULL),(217,6,2,0,1262603427,0,0,NULL,NULL,NULL,NULL,10,'2022-02-23 22:38:18',0,0,'2022-02-27 12:55:15',NULL),(218,6,2,0,1262603427,0,0,NULL,NULL,NULL,NULL,10,'2022-02-23 22:38:18',0,0,'2022-02-27 12:55:15',NULL),(219,6,2,0,1849900456,0,0,NULL,NULL,NULL,NULL,10,'2022-02-23 22:38:18',0,0,'2022-02-27 12:55:15',NULL),(220,6,2,0,5074995601,0,0,NULL,NULL,NULL,NULL,10,'2022-02-23 22:38:18',0,0,'2022-02-27 12:55:15',NULL),(221,6,2,6,5074995601,0,0,1,NULL,NULL,NULL,10,'2022-02-23 22:38:18',0,0,'2022-02-27 12:55:15',NULL),(222,6,2,0,5074995601,0,0,NULL,NULL,NULL,NULL,10,'2022-02-23 22:38:18',0,0,'2022-02-27 12:55:15',NULL),(223,6,2,0,5074995601,0,0,NULL,NULL,NULL,NULL,10,'2022-02-23 22:38:18',0,0,'2022-02-27 12:55:15',NULL),(224,6,2,0,5074995601,0,0,NULL,NULL,NULL,NULL,10,'2022-02-23 22:38:18',0,0,'2022-02-27 12:55:15',NULL),(225,6,2,6,5074995601,0,0,NULL,NULL,NULL,NULL,10,'2022-02-23 22:38:18',0,0,'2022-02-27 12:55:15',NULL),(226,6,2,0,5074995601,0,0,NULL,NULL,NULL,NULL,10,'2022-02-23 22:38:18',0,0,'2022-02-27 12:55:15',NULL),(227,6,2,0,5074995601,0,0,NULL,NULL,NULL,NULL,10,'2022-02-23 22:38:18',0,0,'2022-02-27 12:55:15',NULL),(228,6,2,0,5074995601,0,0,NULL,NULL,NULL,NULL,10,'2022-02-23 22:38:18',0,0,'2022-02-27 12:55:15',NULL),(229,6,2,0,5074995601,0,0,NULL,NULL,NULL,NULL,10,'2022-02-23 22:38:18',0,0,'2022-02-27 12:55:15',NULL),(230,6,2,0,5074995601,0,0,NULL,NULL,NULL,NULL,10,'2022-02-23 22:38:18',0,0,'2022-02-27 12:55:15',NULL),(231,6,2,0,5074995601,0,0,1,NULL,NULL,1,10,'2022-02-23 22:38:18',0,0,'2022-02-27 12:55:15',NULL),(232,6,2,0,5074995601,0,0,1,NULL,113,113,10,'2022-02-23 22:38:18',0,0,'2022-02-27 12:55:15',NULL),(233,6,2,0,5074995601,0,0,1,NULL,113,113,10,'2022-02-23 22:38:18',0,0,'2022-02-27 12:55:15',NULL),(234,6,2,0,5074995601,0,0,NULL,NULL,NULL,NULL,10,'2022-02-23 22:38:18',0,0,'2022-02-27 12:55:15',NULL),(235,6,2,0,5074995601,0,0,1,NULL,114,114,10,'2022-02-23 22:38:18',0,0,'2022-02-27 12:55:15',NULL),(236,6,2,0,5074995601,0,0,1,NULL,NULL,1,10,'2022-02-23 22:38:18',0,0,'2022-02-27 12:55:15',NULL),(237,6,2,0,5074995601,0,0,1,NULL,NULL,1,10,'2022-02-23 22:38:18',0,0,'2022-02-27 12:55:15',NULL),(238,6,2,0,5074995601,0,0,1,NULL,117,1,10,'2022-02-23 22:38:18',0,0,'2022-02-27 12:55:15',NULL),(239,6,2,0,5074995601,0,0,1,NULL,113,1,10,'2022-02-23 22:38:18',0,0,'2022-02-27 12:55:15',NULL),(240,6,2,0,5074995601,0,0,1,NULL,115,1,10,'2022-02-23 22:38:18',0,0,'2022-02-27 12:55:15',NULL),(241,6,2,0,5074995601,0,0,3,9,64,3,10,'2022-02-23 22:38:18',0,0,'2022-02-27 12:55:15',NULL),(242,6,2,0,5074995601,0,0,1,NULL,115,1,10,'2022-02-23 22:38:18',0,0,'2022-02-27 12:55:15',NULL),(243,6,2,0,5074995601,0,0,3,10,65,3,10,'2022-02-23 22:38:18',0,0,'2022-02-27 12:55:15',NULL),(244,6,2,0,5074995601,0,0,1,NULL,113,1,10,'2022-02-23 22:38:18',0,0,'2022-02-27 12:55:15',NULL),(245,6,2,0,5074995601,0,0,1,NULL,NULL,1,10,'2022-02-23 22:38:18',0,0,'2022-02-27 12:55:15',NULL),(246,6,2,0,5074995601,0,0,1,NULL,115,1,10,'2022-02-23 22:38:18',0,0,'2022-02-27 12:55:15',NULL),(247,6,2,0,5074995601,0,0,1,NULL,113,1,10,'2022-02-23 22:38:18',0,0,'2022-02-27 12:55:15',NULL),(248,6,2,0,5074995601,0,0,3,10,NULL,3,10,'2022-02-23 22:38:18',0,0,'2022-02-27 12:55:15',NULL),(249,6,13,0,5074995601,0,0,NULL,NULL,NULL,NULL,10,'2022-02-23 22:38:18',0,0,'2022-02-27 12:55:15',NULL),(250,6,2,0,5074995601,0,0,1,NULL,115,1,10,'2022-02-23 22:38:18',0,0,'2022-02-27 12:55:15',NULL),(251,6,2,0,5074995601,0,0,1,NULL,115,115,10,'2022-02-23 22:38:18',0,0,'2022-02-27 12:55:15',NULL),(252,6,2,0,5074995601,1,7,NULL,NULL,NULL,NULL,10,'2022-02-23 22:38:18',0,0,'2022-02-27 12:55:15',NULL),(253,6,2,0,5074995601,0,0,3,10,NULL,10,10,'2022-02-23 22:38:18',0,0,'2022-02-27 12:55:15',NULL),(254,6,2,0,5074995601,0,0,4,16,NULL,4,10,'2022-02-23 22:38:18',0,0,'2022-02-27 12:55:15',NULL),(255,6,2,6,5074995601,0,0,1,NULL,113,1,10,'2022-02-23 22:38:18',0,0,'2022-02-27 12:55:15',NULL),(256,6,2,0,5074995601,0,0,4,NULL,NULL,4,10,'2022-02-23 22:38:18',0,0,'2022-02-27 12:55:15',NULL),(257,6,2,7,5074995601,0,0,1,NULL,115,115,10,'2022-02-23 22:38:18',0,0,'2022-02-27 12:55:15',NULL),(258,6,2,0,1262603427,0,0,1,NULL,113,113,10,'2022-02-23 22:38:18',0,0,'2022-02-27 12:55:15',NULL),(259,6,2,0,1262603427,0,0,3,10,NULL,9,10,'2022-02-23 22:38:18',0,0,'2022-02-27 12:55:15',NULL),(260,6,13,0,1262603427,0,0,NULL,NULL,NULL,NULL,10,'2022-02-23 22:38:18',0,0,'2022-02-27 12:55:15',NULL),(261,6,12,0,1262603427,0,0,NULL,NULL,NULL,NULL,10,'2022-02-23 22:38:18',0,0,'2022-02-27 12:55:15',NULL),(262,6,2,0,1262603427,0,0,3,NULL,NULL,3,10,'2022-02-23 22:38:18',0,0,'2022-02-27 12:55:15',NULL),(263,6,2,0,1262603427,0,0,1,NULL,NULL,1,10,'2022-02-23 22:38:18',0,0,'2022-02-27 12:55:15',NULL),(264,6,2,0,1262603427,0,0,1,NULL,113,113,10,'2022-02-23 22:38:18',0,0,'2022-02-27 12:55:15',NULL),(265,6,2,0,1262603427,0,0,1,NULL,113,113,10,'2022-02-23 22:38:18',0,0,'2022-02-27 12:55:15',NULL),(266,6,2,1,1262603427,0,0,1,NULL,113,113,10,'2022-02-23 22:38:18',0,0,'2022-02-27 12:55:15',NULL),(267,6,2,0,1262603427,1,15,NULL,NULL,NULL,NULL,10,'2022-02-23 22:38:18',0,0,'2022-02-27 12:55:15',NULL),(268,6,2,0,1262603427,1,7,NULL,NULL,NULL,NULL,10,'2022-02-23 22:38:18',0,0,'2022-02-27 12:55:15',NULL),(269,6,2,0,1262603427,0,0,1,NULL,113,1,10,'2022-02-23 22:38:18',0,0,'2022-02-27 12:55:15',NULL),(270,6,2,0,1262603427,0,0,1,NULL,112,112,10,'2022-02-23 22:38:18',0,0,'2022-02-27 12:55:15',NULL),(271,6,2,0,5074995601,0,0,1,NULL,113,113,10,'2022-02-23 22:38:18',0,0,'2022-02-27 12:55:15',NULL),(272,6,2,0,5074995601,0,0,1,NULL,113,113,10,'2022-02-23 22:38:18',0,0,'2022-02-27 12:55:15',NULL),(273,6,2,0,1262603427,0,0,1,NULL,113,113,10,'2022-02-23 22:38:18',0,0,'2022-02-27 12:55:15',NULL),(274,6,2,0,5074995601,1,15,NULL,NULL,NULL,NULL,10,'2022-02-23 22:38:18',0,0,'2022-02-27 12:55:15',NULL),(275,6,2,0,1262603427,0,0,1,NULL,113,1,10,'2022-02-23 22:38:18',0,0,'2022-02-27 12:55:15',NULL),(276,6,12,0,1262603427,0,0,NULL,NULL,NULL,NULL,10,'2022-02-23 22:38:18',0,0,'2022-02-27 12:55:15',NULL),(277,6,2,0,1262603427,0,0,1,NULL,108,108,10,'2022-02-23 22:38:18',0,0,'2022-02-27 12:55:15',NULL),(278,6,2,0,1262603427,0,0,1,NULL,115,115,10,'2022-02-23 22:38:18',0,0,'2022-02-27 12:55:15',NULL),(279,6,2,0,1262603427,0,0,1,NULL,113,113,10,'2022-02-23 22:38:18',0,0,'2022-02-27 12:55:15',NULL),(280,6,2,0,5074995601,1,7,NULL,NULL,NULL,NULL,10,'2022-02-23 22:38:18',0,0,'2022-02-27 12:55:15',NULL),(281,6,2,1,1262603427,0,0,1,NULL,113,113,10,'2022-02-23 22:38:18',0,0,'2022-02-27 12:55:15',NULL),(282,6,2,0,1262603427,0,0,NULL,NULL,NULL,NULL,10,'2022-02-23 22:38:18',0,0,'2022-02-27 12:55:15',NULL),(283,6,2,0,1262603427,0,0,1,NULL,115,115,10,'2022-02-23 22:38:18',0,0,'2022-02-27 12:55:15',NULL),(284,6,2,0,1262603427,1,0,NULL,NULL,NULL,NULL,10,'2022-02-23 22:38:18',0,0,'2022-02-27 12:55:15',NULL),(285,6,2,0,1262603427,0,0,1,NULL,115,115,10,'2022-02-23 22:38:18',0,0,'2022-02-27 12:55:15',NULL),(286,6,2,0,5074995601,0,0,1,NULL,113,113,10,'2022-02-23 22:38:18',0,0,'2022-02-27 12:55:15',NULL),(287,6,2,0,1262603427,0,0,1,NULL,116,116,10,'2022-02-23 22:38:18',0,0,'2022-02-27 12:55:15',NULL),(288,6,2,0,1262603427,0,0,1,NULL,113,113,10,'2022-02-23 22:38:18',0,0,'2022-02-27 12:55:15',NULL),(289,6,2,0,5074995601,0,0,1,NULL,113,113,10,'2022-02-23 22:38:18',0,0,'2022-02-27 12:55:15',NULL),(290,6,2,0,5074995601,0,0,1,NULL,113,113,10,'2022-02-23 22:38:18',0,0,'2022-02-27 12:55:15',NULL),(291,6,2,0,1262603427,1,7,NULL,NULL,NULL,NULL,10,'2022-02-23 22:38:18',0,0,'2022-02-27 12:55:15',NULL),(292,6,2,0,1262603427,0,0,1,NULL,113,113,10,'2022-02-23 22:38:18',0,0,'2022-02-27 12:55:15',NULL),(293,6,2,0,1262603427,0,0,1,NULL,109,109,10,'2022-02-23 22:38:18',0,0,'2022-02-27 12:55:15',NULL),(294,6,2,0,5074995601,1,7,1,NULL,113,113,10,'2022-02-23 22:38:18',1,1,'2022-02-27 12:55:15',NULL),(295,6,2,0,1262603427,0,0,2,22,NULL,22,10,'2022-02-23 23:40:59',0,0,'2022-02-27 12:55:15',NULL),(296,6,2,0,1262603427,0,0,1,NULL,113,113,10,'2022-02-23 23:41:35',0,0,'2022-02-27 12:55:15',NULL),(297,6,2,0,1262603427,0,0,1,NULL,110,110,10,'2022-02-24 23:35:09',0,0,'2022-02-27 12:55:15',NULL),(298,6,2,0,1262603427,1,7,1,NULL,113,113,10,'2022-03-01 13:01:09',0,0,'2022-02-27 12:55:15',NULL),(299,6,2,0,1262603427,1,15,1,NULL,113,113,10,'2022-03-01 13:01:09',0,0,'2022-02-27 12:55:15',NULL),(300,6,2,0,1262603427,1,7,1,NULL,113,113,10,'2022-03-01 13:01:09',0,0,'2022-02-27 12:55:15',NULL),(301,6,2,0,1262603427,1,15,1,NULL,113,113,10,'2022-03-01 13:01:09',1,1,'2022-02-27 13:01:09',NULL),(302,6,2,0,1262603427,1,0,NULL,NULL,NULL,NULL,10,'2022-02-27 13:09:11',0,0,'2022-02-27 13:09:11',NULL),(303,6,2,0,1262603427,0,0,1,NULL,110,110,10,'2022-03-06 18:57:59',0,0,'2022-03-06 18:57:59',NULL),(304,6,2,0,1262603427,0,0,1,NULL,113,113,10,'2022-03-07 13:54:16',0,0,'2022-03-07 13:54:16',NULL),(305,6,2,0,5074995601,0,0,6,NULL,267,267,10,'2022-03-08 05:54:52',0,0,'2022-03-08 05:54:52',NULL),(306,6,12,0,5074995601,1,15,NULL,NULL,NULL,NULL,10,'2022-03-08 05:58:01',0,0,'2022-03-08 05:58:01',NULL),(307,6,2,0,5074995601,0,0,4,19,NULL,19,10,'2022-03-08 05:58:05',0,0,'2022-03-08 05:58:05',NULL),(308,6,2,0,5074995601,1,7,4,17,NULL,17,10,'2022-03-15 05:58:28',1,1,'2022-03-08 05:58:18',NULL),(309,6,2,0,5074995601,0,0,1,NULL,113,113,10,'2022-03-08 06:07:50',0,0,'2022-03-08 06:07:50',1271),(310,6,2,0,1262603427,0,0,1,NULL,110,110,10,'2022-03-08 11:45:28',0,0,'2022-03-08 11:45:28',1358),(311,6,2,0,1262603427,0,0,NULL,NULL,NULL,NULL,10,'2022-03-08 11:48:35',0,0,'2022-03-08 11:48:35',1358),(312,6,2,0,1262603427,0,0,1,NULL,110,110,10,'2022-03-08 11:48:40',0,0,'2022-03-08 11:48:40',1358),(313,6,2,0,1262603427,0,0,1,NULL,117,1,10,'2022-03-08 14:11:47',0,0,'2022-03-08 14:11:47',1358),(314,6,2,0,1262603427,0,0,1,NULL,113,1,10,'2022-03-08 14:13:09',0,0,'2022-03-08 14:13:09',1358),(315,6,2,0,1262603427,0,0,1,NULL,115,1,10,'2022-03-08 14:13:51',0,0,'2022-03-08 14:13:51',1358),(316,6,2,0,1262603427,0,0,1,NULL,113,1,10,'2022-03-08 14:17:06',0,0,'2022-03-08 14:17:06',1358),(317,6,2,0,1262603427,0,0,1,NULL,113,1,10,'2022-03-08 14:21:28',0,0,'2022-03-08 14:21:28',1358),(318,6,2,0,1262603427,0,0,2,22,NULL,2,10,'2022-03-08 14:30:39',0,0,'2022-03-08 14:30:39',1358),(319,6,2,0,1262603427,0,0,NULL,NULL,NULL,NULL,10,'2022-03-08 14:31:10',0,0,'2022-03-08 14:31:10',1358),(320,6,2,0,1262603427,0,0,3,9,NULL,3,10,'2022-03-08 14:31:28',0,0,'2022-03-08 14:31:28',1358),(321,6,2,0,1262603427,0,0,3,9,NULL,3,10,'2022-03-08 14:31:58',0,0,'2022-03-08 14:31:58',1358),(322,6,2,0,1262603427,0,0,2,23,NULL,2,10,'2022-03-08 14:38:05',0,0,'2022-03-08 14:38:05',1358),(323,6,2,0,1262603427,0,0,4,14,NULL,4,10,'2022-03-08 14:38:12',0,0,'2022-03-08 14:38:12',1358),(324,6,2,0,1262603427,0,0,5,28,NULL,28,10,'2022-03-08 14:38:20',0,0,'2022-03-08 14:38:20',1358),(325,6,2,0,1262603427,0,0,1,NULL,108,1,10,'2022-03-11 18:31:43',0,0,'2022-03-11 18:31:43',1358),(326,6,2,0,1262603427,0,0,3,9,NULL,9,10,'2022-03-11 18:43:35',0,0,'2022-03-11 18:43:35',1358),(327,6,2,0,1262603427,0,0,1,NULL,108,1,10,'2022-03-11 23:50:14',0,0,'2022-03-11 23:50:14',1358),(328,6,2,0,1262603427,0,0,3,9,NULL,9,10,'2022-03-11 23:50:27',0,0,'2022-03-11 23:50:27',1358),(329,6,2,0,1262603427,0,0,2,22,NULL,22,10,'2022-03-11 23:51:05',0,0,'2022-03-11 23:51:05',1358),(330,6,2,0,1262603427,0,0,1,NULL,117,117,10,'2022-03-11 23:53:08',0,0,'2022-03-11 23:53:08',1358),(331,6,2,0,5074995601,0,0,1,NULL,113,1,10,'2022-03-12 02:39:49',0,0,'2022-03-12 02:39:49',1794),(332,6,2,0,5074995601,0,0,1,NULL,113,113,10,'2022-03-12 02:41:15',0,0,'2022-03-12 02:41:15',1794),(333,6,2,0,5074995601,0,0,1,NULL,113,113,10,'2022-03-12 02:43:32',0,0,'2022-03-12 02:43:32',1794),(334,2,6,0,5074995601,0,0,NULL,NULL,NULL,NULL,10,'2022-03-12 02:44:54',0,0,'2022-03-12 02:44:54',1794),(335,6,2,0,5074995601,0,0,1,NULL,NULL,1,10,'2022-03-12 02:45:16',0,0,'2022-03-12 02:45:16',1794),(336,6,2,0,5074995601,0,0,1,NULL,NULL,1,10,'2022-03-12 02:45:20',0,0,'2022-03-12 02:45:20',1794),(337,6,2,0,5074995601,0,0,4,NULL,NULL,4,10,'2022-03-12 02:45:58',0,0,'2022-03-12 02:45:58',1794),(338,6,2,0,5074995601,0,0,4,NULL,NULL,4,10,'2022-03-12 02:46:08',0,0,'2022-03-12 02:46:08',1794),(339,6,2,0,5074995601,0,0,1,NULL,NULL,1,10,'2022-03-12 02:51:29',0,0,'2022-03-12 02:51:29',1794),(340,6,2,0,5074995601,0,0,2,NULL,NULL,2,10,'2022-03-12 02:51:31',0,0,'2022-03-12 02:51:31',1794),(341,6,2,0,5074995601,0,0,3,NULL,NULL,3,10,'2022-03-12 02:51:33',0,0,'2022-03-12 02:51:33',1794),(342,6,2,0,5074995601,0,0,4,17,NULL,17,10,'2022-03-12 02:52:38',0,0,'2022-03-12 02:52:38',1794),(343,6,2,0,5074995601,0,0,3,9,NULL,9,10,'2022-03-12 02:52:47',0,0,'2022-03-12 02:52:47',1794),(344,6,2,0,5074995601,0,0,1,NULL,NULL,1,10,'2022-03-12 02:52:55',0,0,'2022-03-12 02:52:55',1794),(345,6,2,0,5074995601,0,0,3,9,NULL,9,10,'2022-03-12 02:56:17',0,0,'2022-03-12 02:56:17',1794),(346,6,2,0,5074995601,0,0,3,12,NULL,12,10,'2022-03-12 02:57:50',0,0,'2022-03-12 02:57:50',1794),(347,6,2,0,5074995601,0,0,1,NULL,NULL,1,10,'2022-03-12 02:58:15',0,0,'2022-03-12 02:58:15',1794),(348,6,2,0,5074995601,0,0,8,NULL,NULL,8,10,'2022-03-12 03:15:58',0,0,'2022-03-12 03:15:58',1794),(349,6,2,0,5074995601,0,0,6,NULL,NULL,6,10,'2022-03-12 03:16:02',0,0,'2022-03-12 03:16:02',1794),(350,6,2,0,5074995601,0,0,8,NULL,NULL,8,10,'2022-03-12 03:16:05',0,0,'2022-03-12 03:16:05',1794),(351,6,2,0,5074995601,0,0,5,NULL,NULL,5,10,'2022-03-12 03:16:08',0,0,'2022-03-12 03:16:08',1794),(352,6,2,0,5074995601,0,0,2,23,NULL,23,10,'2022-03-12 03:16:16',0,0,'2022-03-12 03:16:16',1794),(353,6,2,0,5074995601,0,0,NULL,NULL,NULL,NULL,10,'2022-03-12 03:16:31',0,0,'2022-03-12 03:16:31',1794),(354,6,12,0,5074995601,0,0,NULL,NULL,NULL,NULL,10,'2022-03-12 03:16:44',0,0,'2022-03-12 03:16:44',1794),(355,6,13,0,5074995601,0,0,408,NULL,NULL,408,10,'2022-03-12 03:25:43',0,0,'2022-03-12 03:25:43',1794),(356,6,13,0,5074995601,0,0,407,NULL,NULL,407,10,'2022-03-12 03:25:49',0,0,'2022-03-12 03:25:49',1794),(357,6,13,0,5074995601,0,0,NULL,NULL,NULL,NULL,10,'2022-03-12 03:25:54',0,0,'2022-03-12 03:25:54',1794),(358,6,13,0,5074995601,0,0,405,412,NULL,412,10,'2022-03-12 03:26:03',0,0,'2022-03-12 03:26:03',1794),(359,6,13,0,5074995601,0,0,NULL,NULL,NULL,NULL,10,'2022-03-12 03:26:42',0,0,'2022-03-12 03:26:42',1794),(360,6,2,0,5074995601,0,0,NULL,NULL,NULL,NULL,10,'2022-03-12 03:26:44',0,0,'2022-03-12 03:26:44',1794),(361,6,12,0,5074995601,0,0,364,NULL,NULL,364,10,'2022-03-12 03:26:47',0,0,'2022-03-12 03:26:47',1794),(362,6,12,0,5074995601,0,0,334,NULL,NULL,334,10,'2022-03-12 03:26:54',0,0,'2022-03-12 03:26:54',1794),(363,6,12,0,5074995601,0,0,388,390,NULL,390,10,'2022-03-12 03:26:59',0,0,'2022-03-12 03:26:59',1794),(364,6,12,0,5074995601,0,0,NULL,NULL,NULL,NULL,10,'2022-03-12 03:27:05',0,0,'2022-03-12 03:27:05',1794),(365,6,2,0,5074995601,0,0,6,NULL,NULL,6,10,'2022-03-12 03:27:08',0,0,'2022-03-12 03:27:08',1794),(366,6,2,0,5074995601,0,0,NULL,NULL,NULL,NULL,10,'2022-03-12 03:27:14',0,0,'2022-03-12 03:27:14',1794),(367,6,12,0,5074995601,0,0,334,NULL,NULL,334,10,'2022-03-12 03:27:32',0,0,'2022-03-12 03:27:32',1794),(368,6,12,0,5074995601,0,0,334,335,NULL,335,10,'2022-03-12 03:28:45',0,0,'2022-03-12 03:28:45',1794),(369,6,12,0,5074995601,0,0,NULL,NULL,NULL,NULL,10,'2022-03-12 03:28:53',0,0,'2022-03-12 03:28:53',1794),(370,6,2,0,5074995601,0,0,1,NULL,NULL,1,10,'2022-03-12 03:29:01',0,0,'2022-03-12 03:29:01',1794),(371,6,2,0,5074995601,0,0,3,9,NULL,9,10,'2022-03-12 03:29:20',0,0,'2022-03-12 03:29:20',1794),(372,6,2,3,1262603427,0,0,1,NULL,NULL,1,10,'2022-03-12 05:51:30',0,0,'2022-03-12 05:51:30',1358),(373,6,2,0,1262603427,0,0,NULL,NULL,NULL,NULL,10,'2022-03-12 05:52:14',0,0,'2022-03-12 05:52:14',1358),(374,6,2,3,1262603427,0,0,1,NULL,NULL,1,10,'2022-03-12 06:27:50',0,0,'2022-03-12 06:27:50',1358),(375,6,2,2,1262603427,0,0,1,NULL,NULL,1,10,'2022-03-12 06:28:18',0,0,'2022-03-12 06:28:18',1358),(376,6,2,0,1262603427,0,0,3,9,NULL,9,10,'2022-03-12 06:28:44',0,0,'2022-03-12 06:28:44',1358),(377,6,2,0,1262603427,1,15,1,NULL,NULL,1,10,'2022-03-27 06:32:15',1,1,'2022-03-12 06:31:51',1358),(378,6,2,0,1262603427,0,0,1,NULL,NULL,1,10,'2022-03-12 22:23:06',0,0,'2022-03-12 22:23:06',1358),(379,14,20,0,1262603427,0,0,NULL,NULL,NULL,NULL,10,'2022-03-12 22:23:20',0,0,'2022-03-12 22:23:20',1358),(380,6,12,0,1262603427,0,0,334,335,NULL,335,10,'2022-03-12 22:23:27',0,0,'2022-03-12 22:23:27',1358),(381,6,12,0,1262603427,0,0,NULL,NULL,NULL,NULL,10,'2022-03-12 22:23:39',0,0,'2022-03-12 22:23:39',1358),(382,6,12,12,1262603427,0,0,334,338,NULL,338,10,'2022-03-12 22:23:44',0,0,'2022-03-12 22:23:44',1358),(383,14,20,0,1262603427,0,0,NULL,NULL,NULL,NULL,10,'2022-03-15 19:36:44',0,0,'2022-03-15 19:36:44',1358);
/*!40000 ALTER TABLE `finds` ENABLE KEYS */;
UNLOCK TABLES;

--
-- Table structure for table `mailing`
--

DROP TABLE IF EXISTS `mailing`;
/*!40101 SET @saved_cs_client     = @@character_set_client */;
/*!50503 SET character_set_client = utf8mb4 */;
CREATE TABLE `mailing` (
  `mail_id` int NOT NULL AUTO_INCREMENT,
  `mail_datetime` datetime DEFAULT CURRENT_TIMESTAMP,
  `mail_text` varchar(4000) DEFAULT NULL,
  `mail_addition_type` enum('text','photo','doc','voice','audio') DEFAULT 'photo',
  `mail_additional_ident` varchar(255) DEFAULT NULL,
  `mail_button_text` varchar(1023) DEFAULT NULL,
  `message_copy_id` int DEFAULT NULL,
  `is_sent` tinyint(1) DEFAULT '0',
  `count_people_get` int DEFAULT '0',
  `count_people_all` int DEFAULT '0',
  `user_id` bigint DEFAULT NULL,
  `city_id` int DEFAULT '0',
  PRIMARY KEY (`mail_id`)
) ENGINE=InnoDB AUTO_INCREMENT=8 DEFAULT CHARSET=utf8mb4 COLLATE=utf8mb4_0900_ai_ci;
/*!40101 SET character_set_client = @saved_cs_client */;

--
-- Dumping data for table `mailing`
--

LOCK TABLES `mailing` WRITE;
/*!40000 ALTER TABLE `mailing` DISABLE KEYS */;
INSERT INTO `mailing` VALUES (3,'2022-01-11 05:44:00','daxax','photo',NULL,NULL,NULL,1,0,5,NULL,0),(4,'2022-01-12 06:43:00','','photo',NULL,NULL,NULL,1,0,5,NULL,0),(5,'2022-01-13 17:23:00','<b>Привет, мир!</b>','text',NULL,NULL,NULL,1,4,5,NULL,0),(6,'2022-01-13 17:35:00','<b>жирный</b>','photo','https://telegra.ph/file/41cf9e1d40adc140ea98a.jpg',NULL,NULL,1,4,5,NULL,0),(7,'2022-02-18 20:12:00','fscs','photo',NULL,NULL,NULL,1,5,6,NULL,0);
/*!40000 ALTER TABLE `mailing` ENABLE KEYS */;
UNLOCK TABLES;

--
-- Table structure for table `notifications_ads`
--

DROP TABLE IF EXISTS `notifications_ads`;
/*!40101 SET @saved_cs_client     = @@character_set_client */;
/*!50503 SET character_set_client = utf8mb4 */;
CREATE TABLE `notifications_ads` (
  `id` int NOT NULL AUTO_INCREMENT,
  `find_id` int DEFAULT NULL,
  `ad_id` int DEFAULT NULL,
  PRIMARY KEY (`id`)
) ENGINE=InnoDB AUTO_INCREMENT=34 DEFAULT CHARSET=utf8mb4 COLLATE=utf8mb4_0900_ai_ci;
/*!40101 SET character_set_client = @saved_cs_client */;

--
-- Dumping data for table `notifications_ads`
--

LOCK TABLES `notifications_ads` WRITE;
/*!40000 ALTER TABLE `notifications_ads` DISABLE KEYS */;
INSERT INTO `notifications_ads` VALUES (1,298,463),(2,298,465),(3,298,471),(4,298,472),(5,298,473),(6,298,475),(7,299,463),(8,299,465),(9,299,471),(10,299,472),(11,299,473),(12,299,475),(13,300,463),(14,300,465),(15,300,471),(16,300,472),(17,300,473),(18,300,475),(19,301,463),(20,301,465),(21,301,471),(22,301,472),(23,301,473),(24,301,475),(32,308,479),(33,377,486);
/*!40000 ALTER TABLE `notifications_ads` ENABLE KEYS */;
UNLOCK TABLES;

--
-- Table structure for table `options`
--

DROP TABLE IF EXISTS `options`;
/*!40101 SET @saved_cs_client     = @@character_set_client */;
/*!50503 SET character_set_client = utf8mb4 */;
CREATE TABLE `options` (
  `option_id` int NOT NULL AUTO_INCREMENT,
  `param_id` int DEFAULT NULL,
  `option_name` varchar(127) DEFAULT NULL,
  PRIMARY KEY (`option_id`)
) ENGINE=InnoDB AUTO_INCREMENT=33 DEFAULT CHARSET=utf8mb4 COLLATE=utf8mb4_0900_ai_ci;
/*!40101 SET character_set_client = @saved_cs_client */;

--
-- Dumping data for table `options`
--

LOCK TABLES `options` WRITE;
/*!40000 ALTER TABLE `options` DISABLE KEYS */;
INSERT INTO `options` VALUES (1,1,'2 GB'),(2,1,'4 GB'),(3,1,'8 GB'),(4,1,'16 GB'),(5,1,'32 GB'),(6,1,'64 GB'),(7,1,'128 GB'),(8,1,'256 GB'),(9,1,'512 GB'),(10,1,'1024 GB'),(11,1,'2048 GB'),(12,2,'Тихоокеанский синий'),(13,2,'Черный оникс'),(14,2,'Черный'),(15,2,'Красный'),(16,2,'Фиолетовый'),(17,2,'Синий'),(18,2,'Желтый'),(19,2,'Зеленый'),(20,2,'Серый'),(21,2,'Коричневый'),(22,2,'Оранжевый'),(23,2,'Голубой'),(24,2,'Розовый'),(25,2,'Белый'),(26,2,'Золотой'),(27,3,'Плохое'),(28,3,'Хорошее'),(29,3,'Отличное'),(30,4,'Зарядка'),(31,4,'Наушники'),(32,4,'Переходник');
/*!40000 ALTER TABLE `options` ENABLE KEYS */;
UNLOCK TABLES;

--
-- Table structure for table `param_options`
--

DROP TABLE IF EXISTS `param_options`;
/*!40101 SET @saved_cs_client     = @@character_set_client */;
/*!50503 SET character_set_client = utf8mb4 */;
CREATE TABLE `param_options` (
  `option_id` int NOT NULL AUTO_INCREMENT,
  `param_id` int DEFAULT NULL,
  `option_name` varchar(127) DEFAULT NULL,
  `parent_id` int DEFAULT NULL,
  `for_brand` int DEFAULT NULL,
  `is_brand` tinyint(1) DEFAULT '0',
  PRIMARY KEY (`option_id`)
) ENGINE=InnoDB AUTO_INCREMENT=501 DEFAULT CHARSET=utf8mb4 COLLATE=utf8mb4_0900_ai_ci;
/*!40101 SET character_set_client = @saved_cs_client */;

--
-- Dumping data for table `param_options`
--

LOCK TABLES `param_options` WRITE;
/*!40000 ALTER TABLE `param_options` DISABLE KEYS */;
INSERT INTO `param_options` VALUES (6,7,'4 GB',NULL,1,0),(7,7,'8 GB',NULL,1,0),(8,7,'16 GB',NULL,1,0),(9,7,'32 GB',NULL,1,0),(10,7,'64 GB',NULL,1,0),(11,7,'128 GB',NULL,1,0),(12,7,'256 GB',NULL,1,0),(13,4,'Автомат',NULL,NULL,0),(14,4,'Механика',NULL,NULL,0),(15,4,'Вариатор',NULL,NULL,0),(16,4,'Робот',NULL,NULL,0),(17,6,'Передний',NULL,NULL,0),(18,6,'Задний',NULL,NULL,0),(19,6,'Полный',NULL,NULL,0),(20,15,'Зарядка',NULL,NULL,0),(21,15,'Наушники',NULL,NULL,0),(22,15,'Переходник US-EU',NULL,NULL,0),(26,9,'Плохое',NULL,NULL,0),(27,9,'Хорошее',NULL,NULL,0),(28,9,'Отличное',NULL,NULL,0),(29,10,'? Верхняя часть',NULL,NULL,0),(30,10,'? Нижняя часть',NULL,NULL,0),(31,10,'? Обувь',NULL,NULL,0),(32,11,'Брендовая',NULL,NULL,0),(33,11,'Не брендовая',NULL,NULL,0),(34,12,'Adidas',32,NULL,0),(35,12,'Nike',32,NULL,0),(36,13,'? Верхняя часть',NULL,NULL,0),(37,13,'? Нижняя часть',NULL,NULL,0),(38,13,'? Обувь',NULL,NULL,0),(39,14,'Брендовая',NULL,NULL,0),(40,14,'Не брендовая',NULL,NULL,0),(41,8,'Черный',NULL,NULL,0),(42,8,'Белый',NULL,NULL,0),(43,8,'Красный',NULL,NULL,0),(376,17,'Apple',NULL,NULL,1),(377,18,'iPad mini',376,NULL,0),(378,18,'iPad Air',376,NULL,0),(379,18,'iPad Pro',376,NULL,0),(380,18,'Ipad',376,NULL,0),(381,19,'1',377,NULL,0),(382,19,'2',377,NULL,0),(383,19,'3',377,NULL,0),(384,19,'4',377,NULL,0),(385,19,'5',377,NULL,0),(386,19,'1',378,NULL,0),(387,19,'2',378,NULL,0),(388,19,'3',378,NULL,0),(389,19,'4',378,NULL,0),(390,19,'12.9 (2015)',379,NULL,0),(391,19,'9.7 (2016)',379,NULL,0),(392,19,'10.5 (2017)',379,NULL,0),(393,19,'12.9 (2017)',379,NULL,0),(394,19,'11 (2018)',379,NULL,0),(395,19,'12.9 (2018)',379,NULL,0),(396,19,'12.9 (2020)',379,NULL,0),(397,19,'11 (2020)',379,NULL,0),(398,19,'1',380,NULL,0),(399,19,'2',380,NULL,0),(400,19,'3',380,NULL,0),(401,19,'4',380,NULL,0),(402,19,'5',380,NULL,0),(403,19,'6',380,NULL,0),(404,19,'7',380,NULL,0),(405,19,'8',380,NULL,0),(406,17,'Samsung',NULL,NULL,1),(407,18,'Galaxy Tab S',406,NULL,0),(408,18,'Galaxy Tab A',406,NULL,0),(409,18,'Galaxy Tab E',406,NULL,0),(410,18,'Galaxy Tab Active',406,NULL,0),(411,19,'6 Lite 10.4 ',407,NULL,0),(412,19,'7 Plus 12.4',407,NULL,0),(413,19,'7 11.0',407,NULL,0),(414,19,'5e 10.5',407,NULL,0),(415,19,'7 FE 12.4',407,NULL,0),(416,19,'3 9.7',407,NULL,0),(417,19,'4 10.5',407,NULL,0),(418,19,'7 10.4',408,NULL,0),(419,19,'8.0',408,NULL,0),(420,19,'7 LIte',408,NULL,0),(421,19,'10.01 (2019)',408,NULL,0),(422,19,'10.1 (2016)',408,NULL,0),(423,19,'10.5',408,NULL,0),(424,19,'8.0 kids',408,NULL,0),(425,19,'8.0 (2017)',408,NULL,0),(426,19,'7.0 (2016)',408,NULL,0),(427,19,'9.6 2015',409,NULL,0),(428,19,'E',410,NULL,0),(429,19,'Pro',410,NULL,0),(430,17,'Huawei',NULL,NULL,1),(431,18,'Mate',430,NULL,0),(432,18,'T5',430,NULL,0),(433,18,'T3',430,NULL,0),(434,18,'M3',430,NULL,0),(435,18,'M2',430,NULL,0),(436,18,'M5',430,NULL,0),(437,18,'M6',430,NULL,0),(438,19,'10.4',431,NULL,0),(439,19,'Pro',431,NULL,0),(440,19,'T10',431,NULL,0),(441,19,'T10s',431,NULL,0),(442,19,'T8',431,NULL,0),(443,19,'11',431,NULL,0),(444,19,'10.08 2021',431,NULL,0),(445,19,'12.6',431,NULL,0),(446,19,'10',432,NULL,0),(447,20,'4 GB',NULL,NULL,0),(448,20,'8 GB',NULL,NULL,0),(449,20,'16 GB',NULL,NULL,0),(450,20,'32 GB',NULL,NULL,0),(451,20,'64 GB',NULL,NULL,0),(452,20,'128 GB',NULL,NULL,0),(453,20,'256 GB',NULL,NULL,0),(454,21,'Черный',NULL,NULL,0),(455,21,'Белый',NULL,NULL,0),(456,21,'Красный',NULL,NULL,0),(457,22,'Плохое',NULL,NULL,0),(458,22,'Хорошее',NULL,NULL,0),(459,22,'Отличное',NULL,NULL,0),(460,23,'Зарядка',NULL,NULL,0),(461,23,'Наушники',NULL,NULL,0),(462,23,'Переходник US-EU',NULL,NULL,0),(463,24,'Проводные',NULL,NULL,0),(464,24,'Беспроводные',NULL,NULL,0),(465,25,'Apple',463,NULL,1),(466,25,'Sony',463,NULL,1),(467,25,'Xiaomi',463,NULL,1),(468,25,'Samsung',463,NULL,1),(469,25,'JBL',463,NULL,1),(470,25,'HyperX',463,NULL,1),(471,25,'Huawei',463,NULL,1),(472,25,'Apple',464,NULL,1),(473,25,'Sony',464,NULL,1),(474,25,'Xiaomi',464,NULL,1),(475,25,'Samsung',464,NULL,1),(476,25,'JBL',464,NULL,1),(477,25,'HyperX',464,NULL,1),(478,25,'Huawei',464,NULL,1),(479,26,'3.5',465,NULL,0),(480,26,'Lightning',465,NULL,0),(481,26,'AirPods 1',472,NULL,0),(482,26,'AirPods 2',472,NULL,0),(483,26,'AirPods 3',472,NULL,0),(484,26,'AirPods Pro',472,NULL,0),(485,27,'Черный',NULL,NULL,0),(486,27,'Белый',NULL,NULL,0),(487,7,'4 GB',NULL,25,0),(488,7,'8 GB',NULL,25,0),(489,7,'16 GB',NULL,25,0),(490,7,'32 GB',NULL,25,0),(491,7,'64 GB',NULL,25,0),(492,7,'128 GB',NULL,25,0),(493,7,'4 GB',NULL,299,0),(494,7,'8 GB',NULL,299,0),(495,7,'16 GB',NULL,299,0),(496,7,'32 GB',NULL,299,0),(497,7,'64 GB',NULL,299,0),(498,8,'Черный',NULL,1,0),(499,8,'Белый',NULL,1,0),(500,8,'Графитовый',NULL,1,0);
/*!40000 ALTER TABLE `param_options` ENABLE KEYS */;
UNLOCK TABLES;

--
-- Table structure for table `params`
--

DROP TABLE IF EXISTS `params`;
/*!40101 SET @saved_cs_client     = @@character_set_client */;
/*!50503 SET character_set_client = utf8mb4 */;
CREATE TABLE `params` (
  `param_id` int NOT NULL AUTO_INCREMENT,
  `param_name` varchar(127) DEFAULT NULL,
  `param_type` enum('int','float','list','multilist') DEFAULT 'list',
  `question_text` varchar(511) DEFAULT NULL,
  PRIMARY KEY (`param_id`)
) ENGINE=InnoDB AUTO_INCREMENT=11 DEFAULT CHARSET=utf8mb4 COLLATE=utf8mb4_0900_ai_ci;
/*!40101 SET character_set_client = @saved_cs_client */;

--
-- Dumping data for table `params`
--

LOCK TABLES `params` WRITE;
/*!40000 ALTER TABLE `params` DISABLE KEYS */;
INSERT INTO `params` VALUES (1,'? Память','list','Выберите объем памяти'),(2,'✏ Цвет','list','Выберите цвет'),(3,'? Состояние','list','Оцените текущее состояние товара'),(4,'? Комлектация','multilist','Что входит в комплектацию?'),(5,'Размер','list','Какой размер у товара?'),(6,'Тариф','list',NULL),(7,'Тип','list','Выберите тип наушников'),(8,'Телефон','list','Выберите телефон'),(9,'Планшет','list','Выберите планшет'),(10,'Фирма','list','Выберите фирму');
/*!40000 ALTER TABLE `params` ENABLE KEYS */;
UNLOCK TABLES;

--
-- Table structure for table `payments`
--

DROP TABLE IF EXISTS `payments`;
/*!40101 SET @saved_cs_client     = @@character_set_client */;
/*!50503 SET character_set_client = utf8mb4 */;
CREATE TABLE `payments` (
  `payment_id` int NOT NULL AUTO_INCREMENT,
  `user_id` bigint DEFAULT NULL,
  `payment_status` enum('succeeded','wait') DEFAULT 'wait',
  `payment_date` datetime DEFAULT CURRENT_TIMESTAMP,
  `payment_amount` int DEFAULT NULL,
  `system_id` varchar(127) DEFAULT NULL,
  PRIMARY KEY (`payment_id`)
) ENGINE=InnoDB AUTO_INCREMENT=10 DEFAULT CHARSET=utf8mb4 COLLATE=utf8mb4_0900_ai_ci;
/*!40101 SET character_set_client = @saved_cs_client */;

--
-- Dumping data for table `payments`
--

LOCK TABLES `payments` WRITE;
/*!40000 ALTER TABLE `payments` DISABLE KEYS */;
INSERT INTO `payments` VALUES (1,5074995601,'succeeded','2022-01-07 19:47:00',1000,'296930fd-000f-5000-a000-1b4157db4efb'),(2,5074995601,'succeeded','2022-01-06 19:48:35',1000,'29693123-000f-5000-9000-1a532c095b5a'),(3,5074995601,'succeeded','2022-01-06 19:50:28',1000,'29693194-000f-5000-a000-10239ab7e8ac'),(4,5074995601,'wait','2022-01-07 06:01:59',80,'2969c0e7-000f-5000-8000-1ac5e764395b'),(5,5074995601,'wait','2022-01-07 09:03:18',60,'2969eb67-000f-5000-8000-15b93b510781'),(6,1849900456,'wait','2022-01-11 20:32:25',20,'296fd2e9-000f-5000-8000-1f9d3f974a5f'),(7,1849900456,'wait','2022-01-12 20:34:00',20,'296fd36e-000f-5000-9000-13da915cd6fc'),(8,1433915196,'succeeded','2022-02-20 13:58:14',100,'29a43286-000f-5000-a000-1d1951eafde3'),(9,1262603427,'wait','2022-03-06 18:58:44',20,'29b6edf5-000f-5000-a000-125e207d44c2');
/*!40000 ALTER TABLE `payments` ENABLE KEYS */;
UNLOCK TABLES;

--
-- Table structure for table `users`
--

DROP TABLE IF EXISTS `users`;
/*!40101 SET @saved_cs_client     = @@character_set_client */;
/*!50503 SET character_set_client = utf8mb4 */;
CREATE TABLE `users` (
  `user_id` bigint DEFAULT NULL,
  `create_date` datetime NOT NULL DEFAULT CURRENT_TIMESTAMP,
  `tg_first_name` varchar(255) DEFAULT NULL,
  `tg_last_name` varchar(255) DEFAULT NULL,
  `tg_username` varchar(255) DEFAULT NULL,
  `is_live` tinyint(1) DEFAULT '1',
  `is_block` tinyint(1) DEFAULT '0',
  `region_id` int DEFAULT NULL,
  `city_id` int DEFAULT NULL,
  `latitude` double DEFAULT NULL,
  `longitude` double DEFAULT NULL,
  `balance` double DEFAULT '0',
  `utm_id` int DEFAULT NULL,
  `bonus_value` int DEFAULT '0',
  `is_get_bonus` tinyint(1) DEFAULT '0'
) ENGINE=InnoDB DEFAULT CHARSET=utf8mb4 COLLATE=utf8mb4_0900_ai_ci;
/*!40101 SET character_set_client = @saved_cs_client */;

--
-- Dumping data for table `users`
--

LOCK TABLES `users` WRITE;
/*!40000 ALTER TABLE `users` DISABLE KEYS */;
INSERT INTO `users` VALUES (1262603427,'2021-12-22 05:38:05','Костя',NULL,'kostja_ponomarev',0,0,NULL,1358,57.737882,40.90785,7745,NULL,0,1),(5054793284,'2021-12-23 21:40:07','Цййй',NULL,NULL,0,0,NULL,1267,57.737923,40.907979,0,NULL,0,0),(1849900456,'2022-01-11 18:11:26','Менеджер','Джарвис',NULL,0,0,NULL,1348,57.737792,40.907829,0,NULL,0,1),(940108284,'2022-01-13 15:33:29','Кирилл','SkyBots','skybotsru',0,0,NULL,1808,NULL,NULL,0,2,0,1),(5074995601,'2022-01-13 20:55:02','Алексей','Кукрин','kukrin_alex',1,0,NULL,1794,NULL,NULL,9900,2,10000,1),(1433915196,'2022-01-29 09:36:36','Михаил SkyBots',NULL,'tgbot_dev',1,0,NULL,1160,NULL,NULL,100,NULL,0,1);
/*!40000 ALTER TABLE `users` ENABLE KEYS */;
UNLOCK TABLES;

--
-- Table structure for table `utm`
--

DROP TABLE IF EXISTS `utm`;
/*!40101 SET @saved_cs_client     = @@character_set_client */;
/*!50503 SET character_set_client = utf8mb4 */;
CREATE TABLE `utm` (
  `utm_id` int NOT NULL AUTO_INCREMENT,
  `date_create` datetime DEFAULT CURRENT_TIMESTAMP,
  `bonus` int DEFAULT '0',
  PRIMARY KEY (`utm_id`)
) ENGINE=InnoDB AUTO_INCREMENT=3 DEFAULT CHARSET=utf8mb4 COLLATE=utf8mb4_0900_ai_ci;
/*!40101 SET character_set_client = @saved_cs_client */;

--
-- Dumping data for table `utm`
--

LOCK TABLES `utm` WRITE;
/*!40000 ALTER TABLE `utm` DISABLE KEYS */;
INSERT INTO `utm` VALUES (1,NULL,10),(2,'2022-01-11 06:01:19',10000);
/*!40000 ALTER TABLE `utm` ENABLE KEYS */;
UNLOCK TABLES;
/*!40103 SET TIME_ZONE=@OLD_TIME_ZONE */;

/*!40101 SET SQL_MODE=@OLD_SQL_MODE */;
/*!40014 SET FOREIGN_KEY_CHECKS=@OLD_FOREIGN_KEY_CHECKS */;
/*!40014 SET UNIQUE_CHECKS=@OLD_UNIQUE_CHECKS */;
/*!40101 SET CHARACTER_SET_CLIENT=@OLD_CHARACTER_SET_CLIENT */;
/*!40101 SET CHARACTER_SET_RESULTS=@OLD_CHARACTER_SET_RESULTS */;
/*!40101 SET COLLATION_CONNECTION=@OLD_COLLATION_CONNECTION */;
/*!40111 SET SQL_NOTES=@OLD_SQL_NOTES */;

-- Dump completed on 2022-03-15 21:46:39
